:02000004009D5D
:208000000131313831313030320000000000000000000000000000000000000000000000D1
:20802000000000000000000000000000000000000000000000000000000000000000000040
:20804000000000000000000000000000000000000000000000000000000000000000000020
:20806000000000000000000000000000000000000000000000000000000000000000000000
:208080000000000000000000000000000000000000000000000000000000000000000000E0
:2080A0000000000000000000000000000000000000000000000000000000000000000000C0
:2080C0000000000000000000000000000000000000000000000000000000000000000000A0
:2080E000000000000000000000000000000000000000000000000000000000000000000080
:208100000200000014819D00A0869D0000000000000000000D0000004C819D008C819D0047
:20812000A8819D00B8819D00C8819D00D8819D000C829D000C839D001C839D002C839D00E8
:208140003C839D004C839D005C839D0005000000000010000200280048849D000100100022
:20816000020128005C849D00020010000202280070849D00030010000203280084849D00A3
:208180000400100002040A0098849D000200000000018C01020508006C839D0001018C0148
:2081A0000206080080839D000100000000000000000000000000000001000000000000000D
:2081C000000000000000000001000000000000000000000000000000040000000005200075
:2081E00002070800AC849D000105200002080800C0849D000205200002090800D4849D0059
:2082000003052000020A0800E8849D00150000000006FE0001FF0000FC849D000106E801F3
:20822000020B0800000000000206EE0101FF000010859D000306D003020C0800000000000E
:2082400004060C00020D08000000000005069400020E08000000000006061400020F080001
:20826000000000000706B00002100000000000000806040001FF000024859D0009060800C0
:2082800002110800000000000A06010001FF0000000000000B06010001FF000000000000A0
:2082A0000C06100001FF000038859D000D060400021208004C859D000E060400021308006C
:2082C00060859D000F06480002140800000000001006000302150800000000001106010051
:2082E00001FF000074859D0012060A00021608000000000013060300021708000000000069
:208300001406010001FF000000000000010000000000000000000000000000000100000040
:2083200000000000000000000000000001000000000000000000000000000000010000003B
:2083400000000000000000000000000001000000000000000000000000000000010000001B
:20836000000000000000000000000000FFFFFFFFFF070500000000000000000000000000F6
:20838000FFFFFFFFFF070600000000000000000000000000000000000000000000000000D5
:2083A0000000000000000000000000000000000000000000000000000000000000000000BD
:2083C00000000000000000000000000000000000000000000000000000000000000000009D
:2083E00000000000000000000000000000000000000000000000000000000000000000007D
:2084000000000000000000000000000000000000000000000000000000000000000000005C
:2084200000000000000000000000000000000000000000000000000000000000000000003C
:208440000000000000000000FFFFFFFFFF070000020000000000000000000000FFFFFFFF1C
:20846000FF070100020000000000000000000000FFFFFFFFFF0702000200000000000000ED
:2084800000000000FFFFFFFFFF070300020000000000000000000000FFFFFFFFFF070400CF
:2084A000000000000000000000000000FFFFFFFFF0070700000000000000000000000000C2
:2084C000FFFFFFFFF0070800000000000000000000000000FFFFFFFFF007090000000000A5
:2084E0000000000000000000FFFFFFFFF0070A00000000000000000000000000000000007F
:2085000000040B000000000046879D00000000000000000000040C00000000004C889D0061
:20852000000000000000000000040D0000000000428A9D00000000000000000000040E00AF
:20854000000000004E8A9D000800000000000000000410000000000000000000000000008A
:2085600000000000000411000000000000000000000000000000000000040F0000000000D3
:20858000668A9D00000000000000000000000000000000000000000000000000000000004E
:2085A0000000000000000000000000000000000000000000000000000000000000000000BB
:2085C00000000000000000000000000000000000000000000000000000000000000000009B
:2085E00000000000000000000000000000000000000000000000000000000000000000007B
:2086000000000000000000000000000000000000000000000000000000000000000000005A
:2086200000000000000000000000000000000000000000000000000000000000000000003A
:2086400000000000000000000000000000000000000000000000000000000000000000001A
:208660000000000000000000000000000000000000000000000000000000000000000000FA
:208680000000000000000000000000000000000000000000000000000000000000000000DA
:2086A000290000000000010001000200020003000300040004000500000106000101070068
:2086C000000508000105090002050A0003050B0000060C0001060D0002060E0003060F0006
:2086E000060610000406110005060000000000000000000000000000000000000000000038
:20870000000000000000000000000000000000000000000000000000000000000000000059
:20872000000000000000000000000000000000000000000000000000000000000000000039
:208740000000000000000000000000040000E803000000000000001000000000000000001A
:208760000000011500000000000000100000000000000000000002150000000000000010AC
:20878000000000000000000000000B150000000000000010000000000000000000000C1588
:2087A000000000000000001000000000000000000000031500000000000000100000000081
:2087C000000000000000041500000000000000100000000000000000000005150000000056
:2087E00000000010000000000000000000000615000000000000001000000000000000003E
:208800000000071500000000000000100000000000000000000008150000000000000010FF
:208820000000000000000000000009150000000000000010000000000000000000000A15EB
:208840000000000000000000000000000000000000040000E8030000000000000000000029
:208860000000000000000000000000000000000000000000000000000000000000000000F8
:208880000000000000000000000000000000000000000000000000000000000000000000D8
:2088A0000000000000000000000000000000000000000000000000000000000000000000B8
:2088C000000000000000000000000000000000000000000000000000000000000000000098
:2088E000000000000000000000000000000000000000000000000000000000000000000078
:20890000000000000000000000000000000000000000000000000000000000000000000057
:20892000000000000000000000000000000000000000000000000000000000000000000037
:20894000000000000000000000000000000000000000000000000000000000000000000017
:208960000000000000000000000000000000000000000000000000000000000000000000F7
:208980000000000000000000000000000000000000000000000000000000000000000000D7
:2089A0000000000000000000000000000000000000000000000000000000000000000000B7
:2089C000000000000000000000000000000000000000000000000000000000000000000097
:2089E000000000000000000000000000000000000000000000000000000000000000000077
:208A0000000000000000000000000000000000000000000000000000000000000000000056
:208A2000000000000000000000000000000000000000000000000000000000000000000036
:208A400000000000000000040000F401000000000000000400000000000000000000000019
:208A60000000000000000000000000040000000004000000100600000015110000000000B2
:208A80001000000001701100010000001000000006B61100020000001000000006B9110084
:208AA000030000001000000004001500000070010100B6060200B9060300C3C3C3C3C3C306
:208AC000C3C3C3C3C3C3C3C3C3C3C3C3C3C3C3C3C3C3C3C3C3C3C3C3C3C3C3C3C3C3C3C336
:208AE000C3C3C3C3C3C3C3C3C3C3C3C3C3C3C3C3C3C3C3C3C3C3C3C3C3C3C3C3C3C3C3C316
:208B0000C3C3C3C3C3C3C3C3C3C3C3C3C3C3C3C3C3C3C3C3C3C3C3C3C3C3C3C3C3C3C3C3F5
:208B2000C3C3C3C3C3C3C3C3C3C3C3C3C3C3C3C3C3C3C3C3C3C3C3C3C3C3C3C3C3C3C3C3D5
:208B4000C3C3C3C3C3C3C3C3C3C3C3C3C3C3C3C3C3C3C3C3C3C3C3C3C3C3C3C3C3C3C3C3B5
:208B6000C3C3C3C3C3C3C3C3C3C3C3C3C3C3C3C3C3C3C3C3C3C3C3C3C3C3C3C3C3C3C3C395
:208B8000C3C3C3C3C3C3C3C3C3C3C3C3C3C3C3C3C3C3C3C3C3C3C3C3C3C3C3C3C3C3C3C375
:208BA000C3C3C3C3C3C3C3C3C3C3C3C3C3C3C3C3C3C3C3C3C3C3C3C3C3C3C3C3C3C3C3C355
:208BC000C3C3C3C3C3C3C3C3C3C3C3C3C3C3C3C3C3C3C3C3C3C3C3C3C3C3C3C3C3C3C3C335
:208BE000C3C3C3C3C3C3C3C3C3C3C3C3C3C3C3C3C3C3C3C3C3C3C3C3C3C3C3C3C3C3C3C315
:208C0000C3C3C3C3C3C3C3C3C3C3C3C3C3C3C3C3C3C3C3C3C3C3C3C3C3C3C3C3C3C3C3C3F4
:208C2000C3C3C3C3C3C3C3C3C3C3C3C3C3C3C3C3C3C3C3C3C3C3C3C3C3C3C3C3C3C3C3C3D4
:208C4000C3C3C3C3C3C3C3C3C3C3C3C3C3C3C3C3C3C3C3C3C3C3C3C3C3C3C3C3C3C3C3C3B4
:208C6000C3C3C3C3C3C3C3C3C3C3C3C3C3C3C3C3C3C3C3C3C3C3C3C3C3C3C3C3C3C3C3C394
:208C8000C3C3C3C3C3C3C3C3C3C3C3C3C3C3C3C3C3C3C3C3C3C3C3C3C3C3C3C3C3C3C3C374
:208CA000C3C3C3C3C3C3C3C3C3C3C3C3C3C3C3C3C3C3C3C3C3C3C3C3C3C3C3C3C3C3C3C354
:208CC000C3C3C3C3C3C3C3C3C3C3C3C3C3C3C3C3C3C3C3C3C3C3C3C3C3C3C3C3C3C3C3C334
:208CE000C3C3C3C3C3C3C3C3C3C3C3C3C3C3C3C3C3C3C3C3C3C3C3C3C3C3C3C3C3C3C3C314
:208D0000C3C3C3C3C3C3C3C3C3C3C3C3C3C3C3C3C3C3C3C3C3C3C3C3C3C3C3C3C3C3C3C3F3
:208D2000C3C3C3C3C3C3C3C3C3C3C3C3C3C3C3C3C3C3C3C3C3C3C3C3C3C3C3C3C3C3C3C3D3
:208D4000C3C3C3C3C3C3C3C3C3C3C3C3C3C3C3C3C3C3C3C3C3C3C3C3C3C3C3C3C3C3C3C3B3
:208D6000C3C3C3C3C3C3C3C3C3C3C3C3C3C3C3C3C3C3C3C3C3C3C3C3C3C3C3C3C3C3C3C393
:208D8000C3C3C3C3C3C3C3C3C3C3C3C3C3C3C3C3C3C3C3C3C3C3C3C3C3C3C3C3C3C3C3C373
:208DA000C3C3C3C3C3C3C3C3C3C3C3C3C3C3C3C3C3C3C3C3C3C3C3C3C3C3C3C3C3C3C3C353
:208DC000C3C3C3C3C3C3C3C3C3C3C3C3C3C3C3C3C3C3C3C3C3C3C3C3C3C3C3C3C3C3C3C333
:208DE000C3C3C3C3C3C3C3C3C3C3C3C3C3C3C3C3C3C3C3C3C3C3C3C3C3C3C3C3C3C3C3C313
:208E0000C3C3C3C3C3C3C3C3C3C3C3C3C3C3C3C3C3C3C3C3C3C3C3C3C3C3C3C3C3C3C3C3F2
:208E2000C3C3C3C3C3C3C3C3C3C3C3C3C3C3C3C3C3C3C3C3C3C3C3C3C3C3C3C3C3C3C3C3D2
:208E4000C3C3C3C3C3C3C3C3C3C3C3C3C3C3C3C3C3C3C3C3C3C3C3C3C3C3C3C3C3C3C3C3B2
:208E6000C3C3C3C3C3C3C3C3C3C3C3C3C3C3C3C3C3C3C3C3C3C3C3C3C3C3C3C3C3C3C3C392
:208E8000C3C3C3C3C3C3C3C3C3C3C3C3C3C3C3C3C3C3C3C3C3C3C3C3C3C3C3C3C3C3C3C372
:208EA000C3C3C3C3C3C3C3C3C3C3C3C3C3C3C3C3C3C3C3C3C3C3C3C3C3C3C3C3C3C3C3C352
:208EC000C3C3C3C3C3C3C3C3C3C3C3C3C3C3C3C3C3C3C3C3C3C3C3C3C3C3C3C3C3C3C3C332
:208EE000C3C3C3C3C3C3C3C3C3C3C3C3C3C3C3C3C3C3C3C3C3C3C3C3C3C3C3C3C3C3C3C312
:208F0000C3C3C3C3C3C3C3C3C3C3C3C3C3C3C3C3C3C3C3C3C3C3C3C3C3C3C3C3C3C3C3C3F1
:208F2000C3C3C3C3C3C3C3C3C3C3C3C3C3C3C3C3C3C3C3C3C3C3C3C3C3C3C3C3C3C3C3C3D1
:208F4000C3C3C3C3C3C3C3C3C3C3C3C3C3C3C3C3C3C3C3C3C3C3C3C3C3C3C3C3C3C3C3C3B1
:208F6000C3C3C3C3C3C3C3C3C3C3C3C3C3C3C3C3C3C3C3C3C3C3C3C3C3C3C3C3C3C3C3C391
:208F8000C3C3C3C3C3C3C3C3C3C3C3C3C3C3C3C3C3C3C3C3C3C3C3C3C3C3C3C3C3C3C3C371
:208FA000C3C3C3C3C3C3C3C3C3C3C3C3C3C3C3C3C3C3C3C3C3C3C3C3C3C3C3C3C3C3C3C351
:208FC000C3C3C3C3C3C3C3C3C3C3C3C3C3C3C3C3C3C3C3C3C3C3C3C3C3C3C3C3C3C3C3C331
:208FE000C3C3C3C3C3C3C3C3C3C3C3C3C3C3C3C3C3C3C3C3C3C3C3C3C3C3C3C3C3C3C3C311
:20900000C3C3C3C3C3C3C3C3C3C3C3C3C3C3C3C3C3C3C3C3C3C3C3C3C3C3C3C3C3C3C3C3F0
:20902000C3C3C3C3C3C3C3C3C3C3C3C3C3C3C3C3C3C3C3C3C3C3C3C3C3C3C3C3C3C3C3C3D0
:20904000C3C3C3C3C3C3C3C3C3C3C3C3C3C3C3C3C3C3C3C3C3C3C3C3C3C3C3C3C3C3C3C3B0
:20906000C3C3C3C3C3C3C3C3C3C3C3C3C3C3C3C3C3C3C3C3C3C3C3C3C3C3C3C3C3C3C3C390
:20908000C3C3C3C3C3C3C3C3C3C3C3C3C3C3C3C3C3C3C3C3C3C3C3C3C3C3C3C3C3C3C3C370
:2090A000C3C3C3C3C3C3C3C3C3C3C3C3C3C3C3C3C3C3C3C3C3C3C3C3C3C3C3C3C3C3C3C350
:2090C000C3C3C3C3C3C3C3C3C3C3C3C3C3C3C3C3C3C3C3C3C3C3C3C3C3C3C3C3C3C3C3C330
:2090E000C3C3C3C3C3C3C3C3C3C3C3C3C3C3C3C3C3C3C3C3C3C3C3C3C3C3C3C3C3C3C3C310
:20910000C3C3C3C3C3C3C3C3C3C3C3C3C3C3C3C3C3C3C3C3C3C3C3C3C3C3C3C3C3C3C3C3EF
:20912000C3C3C3C3C3C3C3C3C3C3C3C3C3C3C3C3C3C3C3C3C3C3C3C3C3C3C3C3C3C3C3C3CF
:20914000C3C3C3C3C3C3C3C3C3C3C3C3C3C3C3C3C3C3C3C3C3C3C3C3C3C3C3C3C3C3C3C3AF
:20916000C3C3C3C3C3C3C3C3C3C3C3C3C3C3C3C3C3C3C3C3C3C3C3C3C3C3C3C3C3C3C3C38F
:20918000C3C3C3C3C3C3C3C3C3C3C3C3C3C3C3C3C3C3C3C3C3C3C3C3C3C3C3C3C3C3C3C36F
:2091A000C3C3C3C3C3C3C3C3C3C3C3C3C3C3C3C3C3C3C3C3C3C3C3C3C3C3C3C3C3C3C3C34F
:2091C000C3C3C3C3C3C3C3C3C3C3C3C3C3C3C3C3C3C3C3C3C3C3C3C3C3C3C3C3C3C3C3C32F
:2091E000C3C3C3C3C3C3C3C3C3C3C3C3C3C3C3C3C3C3C3C3C3C3C3C3C3C3C3C3C3C3C3C30F
:20920000C3C3C3C3C3C3C3C3C3C3C3C3C3C3C3C3C3C3C3C3C3C3C3C3C3C3C3C3C3C3C3C3EE
:20922000C3C3C3C3C3C3C3C3C3C3C3C3C3C3C3C3C3C3C3C3C3C3C3C3C3C3C3C3C3C3C3C3CE
:20924000C3C3C3C3C3C3C3C3C3C3C3C3C3C3C3C3C3C3C3C3C3C3C3C3C3C3C3C3C3C3C3C3AE
:20926000C3C3C3C3C3C3C3C3C3C3C3C3C3C3C3C3C3C3C3C3C3C3C3C3C3C3C3C3C3C3C3C38E
:20928000C3C3C3C3C3C3C3C3C3C3C3C3C3C3C3C3C3C3C3C3C3C3C3C3C3C3C3C3C3C3C3C36E
:2092A000C3C3C3C3C3C3C3C3C3C3C3C3C3C3C3C3C3C3C3C3C3C3C3C3C3C3C3C3C3C3C3C34E
:2092C000C3C3C3C3C3C3C3C3C3C3C3C3C3C3C3C3C3C3C3C3C3C3C3C3C3C3C3C3C3C3C3C32E
:2092E000C3C3C3C3C3C3C3C3C3C3C3C3C3C3C3C3C3C3C3C3C3C3C3C3C3C3C3C3C3C3C3C30E
:20930000C3C3C3C3C3C3C3C3C3C3C3C3C3C3C3C3C3C3C3C3C3C3C3C3C3C3C3C3C3C3C3C3ED
:20932000C3C3C3C3C3C3C3C3C3C3C3C3C3C3C3C3C3C3C3C3C3C3C3C3C3C3C3C3C3C3C3C3CD
:20934000C3C3C3C3C3C3C3C3C3C3C3C3C3C3C3C3C3C3C3C3C3C3C3C3C3C3C3C3C3C3C3C3AD
:20936000C3C3C3C3C3C3C3C3C3C3C3C3C3C3C3C3C3C3C3C3C3C3C3C3C3C3C3C3C3C3C3C38D
:20938000C3C3C3C3C3C3C3C3C3C3C3C3C3C3C3C3C3C3C3C3C3C3C3C3C3C3C3C3C3C3C3C36D
:2093A000C3C3C3C3C3C3C3C3C3C3C3C3C3C3C3C3C3C3C3C3C3C3C3C3C3C3C3C3C3C3C3C34D
:2093C000C3C3C3C3C3C3C3C3C3C3C3C3C3C3C3C3C3C3C3C3C3C3C3C3C3C3C3C3C3C3C3C32D
:2093E000C3C3C3C3C3C3C3C3C3C3C3C3C3C3C3C3C3C3C3C3C3C3C3C3C3C3C3C3C3C3C3C30D
:20940000C3C3C3C3C3C3C3C3C3C3C3C3C3C3C3C3C3C3C3C3C3C3C3C3C3C3C3C3C3C3C3C3EC
:20942000C3C3C3C3C3C3C3C3C3C3C3C3C3C3C3C3C3C3C3C3C3C3C3C3C3C3C3C3C3C3C3C3CC
:20944000C3C3C3C3C3C3C3C3C3C3C3C3C3C3C3C3C3C3C3C3C3C3C3C3C3C3C3C3C3C3C3C3AC
:20946000C3C3C3C3C3C3C3C3C3C3C3C3C3C3C3C3C3C3C3C3C3C3C3C3C3C3C3C3C3C3C3C38C
:20948000C3C3C3C3C3C3C3C3C3C3C3C3C3C3C3C3C3C3C3C3C3C3C3C3C3C3C3C3C3C3C3C36C
:2094A000C3C3C3C3C3C3C3C3C3C3C3C3C3C3C3C3C3C3C3C3C3C3C3C3C3C3C3C3C3C3C3C34C
:2094C000C3C3C3C3C3C3C3C3C3C3C3C3C3C3C3C3C3C3C3C3C3C3C3C3C3C3C3C3C3C3C3C32C
:2094E000C3C3C3C3C3C3C3C3C3C3C3C3C3C3C3C3C3C3C3C3C3C3C3C3C3C3C3C3C3C3C3C30C
:20950000C3C3C3C3C3C3C3C3C3C3C3C3C3C3C3C3C3C3C3C3C3C3C3C3C3C3C3C3C3C3C3C3EB
:20952000C3C3C3C3C3C3C3C3C3C3C3C3C3C3C3C3C3C3C3C3C3C3C3C3C3C3C3C3C3C3C3C3CB
:20954000C3C3C3C3C3C3C3C3C3C3C3C3C3C3C3C3C3C3C3C3C3C3C3C3C3C3C3C3C3C3C3C3AB
:20956000C3C3C3C3C3C3C3C3C3C3C3C3C3C3C3C3C3C3C3C3C3C3C3C3C3C3C3C3C3C3C3C38B
:20958000C3C3C3C3C3C3C3C3C3C3C3C3C3C3C3C3C3C3C3C3C3C3C3C3C3C3C3C3C3C3C3C36B
:2095A000C3C3C3C3C3C3C3C3C3C3C3C3C3C3C3C3C3C3C3C3C3C3C3C3C3C3C3C3C3C3C3C34B
:2095C000C3C3C3C3C3C3C3C3C3C3C3C3C3C3C3C3C3C3C3C3C3C3C3C3C3C3C3C3C3C3C3C32B
:2095E000C3C3C3C3C3C3C3C3C3C3C3C3C3C3C3C3C3C3C3C3C3C3C3C3C3C3C3C3C3C3C3C30B
:20960000C3C3C3C3C3C3C3C3C3C3C3C3C3C3C3C3C3C3C3C3C3C3C3C3C3C3C3C3C3C3C3C3EA
:20962000C3C3C3C3C3C3C3C3C3C3C3C3C3C3C3C3C3C3C3C3C3C3C3C3C3C3C3C3C3C3C3C3CA
:20964000C3C3C3C3C3C3C3C3C3C3C3C3C3C3C3C3C3C3C3C3C3C3C3C3C3C3C3C3C3C3C3C3AA
:20966000C3C3C3C3C3C3C3C3C3C3C3C3C3C3C3C3C3C3C3C3C3C3C3C3C3C3C3C3C3C3C3C38A
:20968000C3C3C3C3C3C3C3C3C3C3C3C3C3C3C3C3C3C3C3C3C3C3C3C3C3C3C3C3C3C3C3C36A
:2096A000C3C3C3C3C3C3C3C3C3C3C3C3C3C3C3C3C3C3C3C3C3C3C3C3C3C3C3C3C3C3C3C34A
:2096C000C3C3C3C3C3C3C3C3C3C3C3C3C3C3C3C3C3C3C3C3C3C3C3C3C3C3C3C3C3C3C3C32A
:2096E000C3C3C3C3C3C3C3C3C3C3C3C3C3C3C3C3C3C3C3C3C3C3C3C3C3C3C3C3C3C3C3C30A
:20970000C3C3C3C3C3C3C3C3C3C3C3C3C3C3C3C3C3C3C3C3C3C3C3C3C3C3C3C3C3C3C3C3E9
:20972000C3C3C3C3C3C3C3C3C3C3C3C3C3C3C3C3C3C3C3C3C3C3C3C3C3C3C3C3C3C3C3C3C9
:20974000C3C3C3C3C3C3C3C3C3C3C3C3C3C3C3C3C3C3C3C3C3C3C3C3C3C3C3C3C3C3C3C3A9
:20976000C3C3C3C3C3C3C3C3C3C3C3C3C3C3C3C3C3C3C3C3C3C3C3C3C3C3C3C3C3C3C3C389
:20978000C3C3C3C3C3C3C3C3C3C3C3C3C3C3C3C3C3C3C3C3C3C3C3C3C3C3C3C3C3C3C3C369
:2097A000C3C3C3C3C3C3C3C3C3C3C3C3C3C3C3C3C3C3C3C3C3C3C3C3C3C3C3C3C3C3C3C349
:2097C000C3C3C3C3C3C3C3C3C3C3C3C3C3C3C3C3C3C3C3C3C3C3C3C3C3C3C3C3C3C3C3C329
:2097E000C3C3C3C3C3C3C3C3C3C3C3C3C3C3C3C3C3C3C3C3C3C3C3C3C3C3C3C3C3C3C3C309
:20980000C3C3C3C3C3C3C3C3C3C3C3C3C3C3C3C3C3C3C3C3C3C3C3C3C3C3C3C3C3C3C3C3E8
:20982000C3C3C3C3C3C3C3C3C3C3C3C3C3C3C3C3C3C3C3C3C3C3C3C3C3C3C3C3C3C3C3C3C8
:20984000C3C3C3C3C3C3C3C3C3C3C3C3C3C3C3C3C3C3C3C3C3C3C3C3C3C3C3C3C3C3C3C3A8
:20986000C3C3C3C3C3C3C3C3C3C3C3C3C3C3C3C3C3C3C3C3C3C3C3C3C3C3C3C3C3C3C3C388
:20988000C3C3C3C3C3C3C3C3C3C3C3C3C3C3C3C3C3C3C3C3C3C3C3C3C3C3C3C3C3C3C3C368
:2098A000C3C3C3C3C3C3C3C3C3C3C3C3C3C3C3C3C3C3C3C3C3C3C3C3C3C3C3C3C3C3C3C348
:2098C000C3C3C3C3C3C3C3C3C3C3C3C3C3C3C3C3C3C3C3C3C3C3C3C3C3C3C3C3C3C3C3C328
:2098E000C3C3C3C3C3C3C3C3C3C3C3C3C3C3C3C3C3C3C3C3C3C3C3C3C3C3C3C3C3C3C3C308
:20990000C3C3C3C3C3C3C3C3C3C3C3C3C3C3C3C3C3C3C3C3C3C3C3C3C3C3C3C3C3C3C3C3E7
:20992000C3C3C3C3C3C3C3C3C3C3C3C3C3C3C3C3C3C3C3C3C3C3C3C3C3C3C3C3C3C3C3C3C7
:20994000C3C3C3C3C3C3C3C3C3C3C3C3C3C3C3C3C3C3C3C3C3C3C3C3C3C3C3C3C3C3C3C3A7
:20996000C3C3C3C3C3C3C3C3C3C3C3C3C3C3C3C3C3C3C3C3C3C3C3C3C3C3C3C3C3C3C3C387
:20998000C3C3C3C3C3C3C3C3C3C3C3C3C3C3C3C3C3C3C3C3C3C3C3C3C3C3C3C3C3C3C3C367
:2099A000C3C3C3C3C3C3C3C3C3C3C3C3C3C3C3C3C3C3C3C3C3C3C3C3C3C3C3C3C3C3C3C347
:2099C000C3C3C3C3C3C3C3C3C3C3C3C3C3C3C3C3C3C3C3C3C3C3C3C3C3C3C3C3C3C3C3C327
:2099E000C3C3C3C3C3C3C3C3C3C3C3C3C3C3C3C3C3C3C3C3C3C3C3C3C3C3C3C3C3C3C3C307
:209A0000C3C3C3C3C3C3C3C3C3C3C3C3C3C3C3C3C3C3C3C3C3C3C3C3C3C3C3C3C3C3C3C3E6
:209A2000C3C3C3C3C3C3C3C3C3C3C3C3C3C3C3C3C3C3C3C3C3C3C3C3C3C3C3C3C3C3C3C3C6
:209A4000C3C3C3C3C3C3C3C3C3C3C3C3C3C3C3C3C3C3C3C3C3C3C3C3C3C3C3C3C3C3C3C3A6
:209A6000C3C3C3C3C3C3C3C3C3C3C3C3C3C3C3C3C3C3C3C3C3C3C3C3C3C3C3C3C3C3C3C386
:209A8000C3C3C3C3C3C3C3C3C3C3C3C3C3C3C3C3C3C3C3C3C3C3C3C3C3C3C3C3C3C3C3C366
:209AA000C3C3C3C3C3C3C3C3C3C3C3C3C3C3C3C3C3C3C3C3C3C3C3C3C3C3C3C3C3C3C3C346
:209AC000C3C3C3C3C3C3C3C3C3C3C3C3C3C3C3C3C3C3C3C3C3C3C3C3C3C3C3C3C3C3C3C326
:209AE000C3C3C3C3C3C3C3C3C3C3C3C3C3C3C3C3C3C3C3C3C3C3C3C3C3C3C3C3C3C3C3C306
:209B0000C3C3C3C3C3C3C3C3C3C3C3C3C3C3C3C3C3C3C3C3C3C3C3C3C3C3C3C3C3C3C3C3E5
:209B2000C3C3C3C3C3C3C3C3C3C3C3C3C3C3C3C3C3C3C3C3C3C3C3C3C3C3C3C3C3C3C3C3C5
:209B4000C3C3C3C3C3C3C3C3C3C3C3C3C3C3C3C3C3C3C3C3C3C3C3C3C3C3C3C3C3C3C3C3A5
:209B6000C3C3C3C3C3C3C3C3C3C3C3C3C3C3C3C3C3C3C3C3C3C3C3C3C3C3C3C3C3C3C3C385
:209B8000C3C3C3C3C3C3C3C3C3C3C3C3C3C3C3C3C3C3C3C3C3C3C3C3C3C3C3C3C3C3C3C365
:209BA000C3C3C3C3C3C3C3C3C3C3C3C3C3C3C3C3C3C3C3C3C3C3C3C3C3C3C3C3C3C3C3C345
:209BC000C3C3C3C3C3C3C3C3C3C3C3C3C3C3C3C3C3C3C3C3C3C3C3C3C3C3C3C3C3C3C3C325
:209BE000C3C3C3C3C3C3C3C3C3C3C3C3C3C3C3C3C3C3C3C3C3C3C3C3C3C3C3C3C3C3C3C305
:209C0000C3C3C3C3C3C3C3C3C3C3C3C3C3C3C3C3C3C3C3C3C3C3C3C3C3C3C3C3C3C3C3C3E4
:209C2000C3C3C3C3C3C3C3C3C3C3C3C3C3C3C3C3C3C3C3C3C3C3C3C3C3C3C3C3C3C3C3C3C4
:209C4000C3C3C3C3C3C3C3C3C3C3C3C3C3C3C3C3C3C3C3C3C3C3C3C3C3C3C3C3C3C3C3C3A4
:209C6000C3C3C3C3C3C3C3C3C3C3C3C3C3C3C3C3C3C3C3C3C3C3C3C3C3C3C3C3C3C3C3C384
:209C8000C3C3C3C3C3C3C3C3C3C3C3C3C3C3C3C3C3C3C3C3C3C3C3C3C3C3C3C3C3C3C3C364
:209CA000C3C3C3C3C3C3C3C3C3C3C3C3C3C3C3C3C3C3C3C3C3C3C3C3C3C3C3C3C3C3C3C344
:209CC000C3C3C3C3C3C3C3C3C3C3C3C3C3C3C3C3C3C3C3C3C3C3C3C3C3C3C3C3C3C3C3C324
:209CE000C3C3C3C3C3C3C3C3C3C3C3C3C3C3C3C3C3C3C3C3C3C3C3C3C3C3C3C3C3C3C3C304
:209D0000C3C3C3C3C3C3C3C3C3C3C3C3C3C3C3C3C3C3C3C3C3C3C3C3C3C3C3C3C3C3C3C3E3
:209D2000C3C3C3C3C3C3C3C3C3C3C3C3C3C3C3C3C3C3C3C3C3C3C3C3C3C3C3C3C3C3C3C3C3
:209D4000C3C3C3C3C3C3C3C3C3C3C3C3C3C3C3C3C3C3C3C3C3C3C3C3C3C3C3C3C3C3C3C3A3
:209D6000C3C3C3C3C3C3C3C3C3C3C3C3C3C3C3C3C3C3C3C3C3C3C3C3C3C3C3C3C3C3C3C383
:209D8000C3C3C3C3C3C3C3C3C3C3C3C3C3C3C3C3C3C3C3C3C3C3C3C3C3C3C3C3C3C3C3C363
:209DA000C3C3C3C3C3C3C3C3C3C3C3C3C3C3C3C3C3C3C3C3C3C3C3C3C3C3C3C3C3C3C3C343
:209DC000C3C3C3C3C3C3C3C3C3C3C3C3C3C3C3C3C3C3C3C3C3C3C3C3C3C3C3C3C3C3C3C323
:209DE000C3C3C3C3C3C3C3C3C3C3C3C3C3C3C3C3C3C3C3C3C3C3C3C3C3C3C3C3C3C3C3C303
:209E0000C3C3C3C3C3C3C3C3C3C3C3C3C3C3C3C3C3C3C3C3C3C3C3C3C3C3C3C3C3C3C3C3E2
:209E2000C3C3C3C3C3C3C3C3C3C3C3C3C3C3C3C3C3C3C3C3C3C3C3C3C3C3C3C3C3C3C3C3C2
:209E4000C3C3C3C3C3C3C3C3C3C3C3C3C3C3C3C3C3C3C3C3C3C3C3C3C3C3C3C3C3C3C3C3A2
:209E6000C3C3C3C3C3C3C3C3C3C3C3C3C3C3C3C3C3C3C3C3C3C3C3C3C3C3C3C3C3C3C3C382
:209E8000C3C3C3C3C3C3C3C3C3C3C3C3C3C3C3C3C3C3C3C3C3C3C3C3C3C3C3C3C3C3C3C362
:209EA000C3C3C3C3C3C3C3C3C3C3C3C3C3C3C3C3C3C3C3C3C3C3C3C3C3C3C3C3C3C3C3C342
:209EC000C3C3C3C3C3C3C3C3C3C3C3C3C3C3C3C3C3C3C3C3C3C3C3C3C3C3C3C3C3C3C3C322
:209EE000C3C3C3C3C3C3C3C3C3C3C3C3C3C3C3C3C3C3C3C3C3C3C3C3C3C3C3C3C3C3C3C302
:209F0000C3C3C3C3C3C3C3C3C3C3C3C3C3C3C3C3C3C3C3C3C3C3C3C3C3C3C3C3C3C3C3C3E1
:209F2000C3C3C3C3C3C3C3C3C3C3C3C3C3C3C3C3C3C3C3C3C3C3C3C3C3C3C3C3C3C3C3C3C1
:209F4000C3C3C3C3C3C3C3C3C3C3C3C3C3C3C3C3C3C3C3C3C3C3C3C3C3C3C3C3C3C3C3C3A1
:209F6000C3C3C3C3C3C3C3C3C3C3C3C3C3C3C3C3C3C3C3C3C3C3C3C3C3C3C3C3C3C3C3C381
:209F8000C3C3C3C3C3C3C3C3C3C3C3C3C3C3C3C3C3C3C3C3C3C3C3C3C3C3C3C3C3C3C3C361
:209FA000C3C3C3C3C3C3C3C3C3C3C3C3C3C3C3C3C3C3C3C3C3C3C3C3C3C3C3C3C3C3C3C341
:209FC000C3C3C3C3C3C3C3C3C3C3C3C3C3C3C3C3C3C3C3C3C3C3C3C3C3C3C3C3C3C3C3C321
:209FE000C3C3C3C3C3C3C3C3C3C3C3C3C3C3C3C3C3C3C3C3C3C3C3C3C3C3C3C3C3C3C3C301
:20A00000C3C3C3C3C3C3C3C3C3C3C3C3C3C3C3C3C3C3C3C3C3C3C3C3C3C3C3C3C3C3C3C3E0
:20A02000C3C3C3C3C3C3C3C3C3C3C3C3C3C3C3C3C3C3C3C3C3C3C3C3C3C3C3C3C3C3C3C3C0
:20A04000C3C3C3C3C3C3C3C3C3C3C3C3C3C3C3C3C3C3C3C3C3C3C3C3C3C3C3C3C3C3C3C3A0
:20A06000C3C3C3C3C3C3C3C3C3C3C3C3C3C3C3C3C3C3C3C3C3C3C3C3C3C3C3C3C3C3C3C380
:20A08000C3C3C3C3C3C3C3C3C3C3C3C3C3C3C3C3C3C3C3C3C3C3C3C3C3C3C3C3C3C3C3C360
:20A0A000C3C3C3C3C3C3C3C3C3C3C3C3C3C3C3C3C3C3C3C3C3C3C3C3C3C3C3C3C3C3C3C340
:20A0C000C3C3C3C3C3C3C3C3C3C3C3C3C3C3C3C3C3C3C3C3C3C3C3C3C3C3C3C3C3C3C3C320
:20A0E000C3C3C3C3C3C3C3C3C3C3C3C3C3C3C3C3C3C3C3C3C3C3C3C3C3C3C3C3C3C3C3C300
:20A10000C3C3C3C3C3C3C3C3C3C3C3C3C3C3C3C3C3C3C3C3C3C3C3C3C3C3C3C3C3C3C3C3DF
:20A12000C3C3C3C3C3C3C3C3C3C3C3C3C3C3C3C3C3C3C3C3C3C3C3C3C3C3C3C3C3C3C3C3BF
:20A14000C3C3C3C3C3C3C3C3C3C3C3C3C3C3C3C3C3C3C3C3C3C3C3C3C3C3C3C3C3C3C3C39F
:20A16000C3C3C3C3C3C3C3C3C3C3C3C3C3C3C3C3C3C3C3C3C3C3C3C3C3C3C3C3C3C3C3C37F
:20A18000C3C3C3C3C3C3C3C3C3C3C3C3C3C3C3C3C3C3C3C3C3C3C3C3C3C3C3C3C3C3C3C35F
:20A1A000C3C3C3C3C3C3C3C3C3C3C3C3C3C3C3C3C3C3C3C3C3C3C3C3C3C3C3C3C3C3C3C33F
:20A1C000C3C3C3C3C3C3C3C3C3C3C3C3C3C3C3C3C3C3C3C3C3C3C3C3C3C3C3C3C3C3C3C31F
:20A1E000C3C3C3C3C3C3C3C3C3C3C3C3C3C3C3C3C3C3C3C3C3C3C3C3C3C3C3C3C3C3C3C3FF
:20A20000C3C3C3C3C3C3C3C3C3C3C3C3C3C3C3C3C3C3C3C3C3C3C3C3C3C3C3C3C3C3C3C3DE
:20A22000C3C3C3C3C3C3C3C3C3C3C3C3C3C3C3C3C3C3C3C3C3C3C3C3C3C3C3C3C3C3C3C3BE
:20A24000C3C3C3C3C3C3C3C3C3C3C3C3C3C3C3C3C3C3C3C3C3C3C3C3C3C3C3C3C3C3C3C39E
:20A26000C3C3C3C3C3C3C3C3C3C3C3C3C3C3C3C3C3C3C3C3C3C3C3C3C3C3C3C3C3C3C3C37E
:20A28000C3C3C3C3C3C3C3C3C3C3C3C3C3C3C3C3C3C3C3C3C3C3C3C3C3C3C3C3C3C3C3C35E
:20A2A000C3C3C3C3C3C3C3C3C3C3C3C3C3C3C3C3C3C3C3C3C3C3C3C3C3C3C3C3C3C3C3C33E
:20A2C000C3C3C3C3C3C3C3C3C3C3C3C3C3C3C3C3C3C3C3C3C3C3C3C3C3C3C3C3C3C3C3C31E
:20A2E000C3C3C3C3C3C3C3C3C3C3C3C3C3C3C3C3C3C3C3C3C3C3C3C3C3C3C3C3C3C3C3C3FE
:20A30000C3C3C3C3C3C3C3C3C3C3C3C3C3C3C3C3C3C3C3C3C3C3C3C3C3C3C3C3C3C3C3C3DD
:20A32000C3C3C3C3C3C3C3C3C3C3C3C3C3C3C3C3C3C3C3C3C3C3C3C3C3C3C3C3C3C3C3C3BD
:20A34000C3C3C3C3C3C3C3C3C3C3C3C3C3C3C3C3C3C3C3C3C3C3C3C3C3C3C3C3C3C3C3C39D
:20A36000C3C3C3C3C3C3C3C3C3C3C3C3C3C3C3C3C3C3C3C3C3C3C3C3C3C3C3C3C3C3C3C37D
:20A38000C3C3C3C3C3C3C3C3C3C3C3C3C3C3C3C3C3C3C3C3C3C3C3C3C3C3C3C3C3C3C3C35D
:20A3A000C3C3C3C3C3C3C3C3C3C3C3C3C3C3C3C3C3C3C3C3C3C3C3C3C3C3C3C3C3C3C3C33D
:20A3C000C3C3C3C3C3C3C3C3C3C3C3C3C3C3C3C3C3C3C3C3C3C3C3C3C3C3C3C3C3C3C3C31D
:20A3E000C3C3C3C3C3C3C3C3C3C3C3C3C3C3C3C3C3C3C3C3C3C3C3C3C3C3C3C3C3C3C3C3FD
:20A40000C3C3C3C3C3C3C3C3C3C3C3C3C3C3C3C3C3C3C3C3C3C3C3C3C3C3C3C3C3C3C3C3DC
:20A42000C3C3C3C3C3C3C3C3C3C3C3C3C3C3C3C3C3C3C3C3C3C3C3C3C3C3C3C3C3C3C3C3BC
:20A44000C3C3C3C3C3C3C3C3C3C3C3C3C3C3C3C3C3C3C3C3C3C3C3C3C3C3C3C3C3C3C3C39C
:20A46000C3C3C3C3C3C3C3C3C3C3C3C3C3C3C3C3C3C3C3C3C3C3C3C3C3C3C3C3C3C3C3C37C
:20A48000C3C3C3C3C3C3C3C3C3C3C3C3C3C3C3C3C3C3C3C3C3C3C3C3C3C3C3C3C3C3C3C35C
:20A4A000C3C3C3C3C3C3C3C3C3C3C3C3C3C3C3C3C3C3C3C3C3C3C3C3C3C3C3C3C3C3C3C33C
:20A4C000C3C3C3C3C3C3C3C3C3C3C3C3C3C3C3C3C3C3C3C3C3C3C3C3C3C3C3C3C3C3C3C31C
:20A4E000C3C3C3C3C3C3C3C3C3C3C3C3C3C3C3C3C3C3C3C3C3C3C3C3C3C3C3C3C3C3C3C3FC
:20A50000C3C3C3C3C3C3C3C3C3C3C3C3C3C3C3C3C3C3C3C3C3C3C3C3C3C3C3C3C3C3C3C3DB
:20A52000C3C3C3C3C3C3C3C3C3C3C3C3C3C3C3C3C3C3C3C3C3C3C3C3C3C3C3C3C3C3C3C3BB
:20A54000C3C3C3C3C3C3C3C3C3C3C3C3C3C3C3C3C3C3C3C3C3C3C3C3C3C3C3C3C3C3C3C39B
:20A56000C3C3C3C3C3C3C3C3C3C3C3C3C3C3C3C3C3C3C3C3C3C3C3C3C3C3C3C3C3C3C3C37B
:20A58000C3C3C3C3C3C3C3C3C3C3C3C3C3C3C3C3C3C3C3C3C3C3C3C3C3C3C3C3C3C3C3C35B
:20A5A000C3C3C3C3C3C3C3C3C3C3C3C3C3C3C3C3C3C3C3C3C3C3C3C3C3C3C3C3C3C3C3C33B
:20A5C000C3C3C3C3C3C3C3C3C3C3C3C3C3C3C3C3C3C3C3C3C3C3C3C3C3C3C3C3C3C3C3C31B
:20A5E000C3C3C3C3C3C3C3C3C3C3C3C3C3C3C3C3C3C3C3C3C3C3C3C3C3C3C3C3C3C3C3C3FB
:20A60000C3C3C3C3C3C3C3C3C3C3C3C3C3C3C3C3C3C3C3C3C3C3C3C3C3C3C3C3C3C3C3C3DA
:20A62000C3C3C3C3C3C3C3C3C3C3C3C3C3C3C3C3C3C3C3C3C3C3C3C3C3C3C3C3C3C3C3C3BA
:20A64000C3C3C3C3C3C3C3C3C3C3C3C3C3C3C3C3C3C3C3C3C3C3C3C3C3C3C3C3C3C3C3C39A
:20A66000C3C3C3C3C3C3C3C3C3C3C3C3C3C3C3C3C3C3C3C3C3C3C3C3C3C3C3C3C3C3C3C37A
:20A68000C3C3C3C3C3C3C3C3C3C3C3C3C3C3C3C3C3C3C3C3C3C3C3C3C3C3C3C3C3C3C3C35A
:20A6A000C3C3C3C3C3C3C3C3C3C3C3C3C3C3C3C3C3C3C3C3C3C3C3C3C3C3C3C3C3C3C3C33A
:20A6C000C3C3C3C3C3C3C3C3C3C3C3C3C3C3C3C3C3C3C3C3C3C3C3C3C3C3C3C3C3C3C3C31A
:20A6E000C3C3C3C3C3C3C3C3C3C3C3C3C3C3C3C3C3C3C3C3C3C3C3C3C3C3C3C3C3C3C3C3FA
:20A70000C3C3C3C3C3C3C3C3C3C3C3C3C3C3C3C3C3C3C3C3C3C3C3C3C3C3C3C3C3C3C3C3D9
:20A72000C3C3C3C3C3C3C3C3C3C3C3C3C3C3C3C3C3C3C3C3C3C3C3C3C3C3C3C3C3C3C3C3B9
:20A74000C3C3C3C3C3C3C3C3C3C3C3C3C3C3C3C3C3C3C3C3C3C3C3C3C3C3C3C3C3C3C3C399
:20A76000C3C3C3C3C3C3C3C3C3C3C3C3C3C3C3C3C3C3C3C3C3C3C3C3C3C3C3C3C3C3C3C379
:20A78000C3C3C3C3C3C3C3C3C3C3C3C3C3C3C3C3C3C3C3C3C3C3C3C3C3C3C3C3C3C3C3C359
:20A7A000C3C3C3C3C3C3C3C3C3C3C3C3C3C3C3C3C3C3C3C3C3C3C3C3C3C3C3C3C3C3C3C339
:20A7C000C3C3C3C3C3C3C3C3C3C3C3C3C3C3C3C3C3C3C3C3C3C3C3C3C3C3C3C3C3C3C3C319
:20A7E000C3C3C3C3C3C3C3C3C3C3C3C3C3C3C3C3C3C3C3C3C3C3C3C3C3C3C3C3C3C3C3C3F9
:20A80000C3C3C3C3C3C3C3C3C3C3C3C3C3C3C3C3C3C3C3C3C3C3C3C3C3C3C3C3C3C3C3C3D8
:20A82000C3C3C3C3C3C3C3C3C3C3C3C3C3C3C3C3C3C3C3C3C3C3C3C3C3C3C3C3C3C3C3C3B8
:20A84000C3C3C3C3C3C3C3C3C3C3C3C3C3C3C3C3C3C3C3C3C3C3C3C3C3C3C3C3C3C3C3C398
:20A86000C3C3C3C3C3C3C3C3C3C3C3C3C3C3C3C3C3C3C3C3C3C3C3C3C3C3C3C3C3C3C3C378
:20A88000C3C3C3C3C3C3C3C3C3C3C3C3C3C3C3C3C3C3C3C3C3C3C3C3C3C3C3C3C3C3C3C358
:20A8A000C3C3C3C3C3C3C3C3C3C3C3C3C3C3C3C3C3C3C3C3C3C3C3C3C3C3C3C3C3C3C3C338
:20A8C000C3C3C3C3C3C3C3C3C3C3C3C3C3C3C3C3C3C3C3C3C3C3C3C3C3C3C3C3C3C3C3C318
:20A8E000C3C3C3C3C3C3C3C3C3C3C3C3C3C3C3C3C3C3C3C3C3C3C3C3C3C3C3C3C3C3C3C3F8
:20A90000C3C3C3C3C3C3C3C3C3C3C3C3C3C3C3C3C3C3C3C3C3C3C3C3C3C3C3C3C3C3C3C3D7
:20A92000C3C3C3C3C3C3C3C3C3C3C3C3C3C3C3C3C3C3C3C3C3C3C3C3C3C3C3C3C3C3C3C3B7
:20A94000C3C3C3C3C3C3C3C3C3C3C3C3C3C3C3C3C3C3C3C3C3C3C3C3C3C3C3C3C3C3C3C397
:20A96000C3C3C3C3C3C3C3C3C3C3C3C3C3C3C3C3C3C3C3C3C3C3C3C3C3C3C3C3C3C3C3C377
:20A98000C3C3C3C3C3C3C3C3C3C3C3C3C3C3C3C3C3C3C3C3C3C3C3C3C3C3C3C3C3C3C3C357
:20A9A000C3C3C3C3C3C3C3C3C3C3C3C3C3C3C3C3C3C3C3C3C3C3C3C3C3C3C3C3C3C3C3C337
:20A9C000C3C3C3C3C3C3C3C3C3C3C3C3C3C3C3C3C3C3C3C3C3C3C3C3C3C3C3C3C3C3C3C317
:20A9E000C3C3C3C3C3C3C3C3C3C3C3C3C3C3C3C3C3C3C3C3C3C3C3C3C3C3C3C3C3C3C3C3F7
:20AA0000C3C3C3C3C3C3C3C3C3C3C3C3C3C3C3C3C3C3C3C3C3C3C3C3C3C3C3C3C3C3C3C3D6
:20AA2000C3C3C3C3C3C3C3C3C3C3C3C3C3C3C3C3C3C3C3C3C3C3C3C3C3C3C3C3C3C3C3C3B6
:20AA4000C3C3C3C3C3C3C3C3C3C3C3C3C3C3C3C3C3C3C3C3C3C3C3C3C3C3C3C3C3C3C3C396
:20AA6000C3C3C3C3C3C3C3C3C3C3C3C3C3C3C3C3C3C3C3C3C3C3C3C3C3C3C3C3C3C3C3C376
:20AA8000C3C3C3C3C3C3C3C3C3C3C3C3C3C3C3C3C3C3C3C3C3C3C3C3C3C3C3C3C3C3C3C356
:20AAA000C3C3C3C3C3C3C3C3C3C3C3C3C3C3C3C3C3C3C3C3C3C3C3C3C3C3C3C3C3C3C3C336
:20AAC000C3C3C3C3C3C3C3C3C3C3C3C3C3C3C3C3C3C3C3C3C3C3C3C3C3C3C3C3C3C3C3C316
:20AAE000C3C3C3C3C3C3C3C3C3C3C3C3C3C3C3C3C3C3C3C3C3C3C3C3C3C3C3C3C3C3C3C3F6
:20AB0000C3C3C3C3C3C3C3C3C3C3C3C3C3C3C3C3C3C3C3C3C3C3C3C3C3C3C3C3C3C3C3C3D5
:20AB2000C3C3C3C3C3C3C3C3C3C3C3C3C3C3C3C3C3C3C3C3C3C3C3C3C3C3C3C3C3C3C3C3B5
:20AB4000C3C3C3C3C3C3C3C3C3C3C3C3C3C3C3C3C3C3C3C3C3C3C3C3C3C3C3C3C3C3C3C395
:20AB6000C3C3C3C3C3C3C3C3C3C3C3C3C3C3C3C3C3C3C3C3C3C3C3C3C3C3C3C3C3C3C3C375
:20AB8000C3C3C3C3C3C3C3C3C3C3C3C3C3C3C3C3C3C3C3C3C3C3C3C3C3C3C3C3C3C3C3C355
:20ABA000C3C3C3C3C3C3C3C3C3C3C3C3C3C3C3C3C3C3C3C3C3C3C3C3C3C3C3C3C3C3C3C335
:20ABC000C3C3C3C3C3C3C3C3C3C3C3C3C3C3C3C3C3C3C3C3C3C3C3C3C3C3C3C3C3C3C3C315
:20ABE000C3C3C3C3C3C3C3C3C3C3C3C3C3C3C3C3C3C3C3C3C3C3C3C3C3C3C3C3C3C3C3C3F5
:20AC0000C3C3C3C3C3C3C3C3C3C3C3C3C3C3C3C3C3C3C3C3C3C3C3C3C3C3C3C3C3C3C3C3D4
:20AC2000C3C3C3C3C3C3C3C3C3C3C3C3C3C3C3C3C3C3C3C3C3C3C3C3C3C3C3C3C3C3C3C3B4
:20AC4000C3C3C3C3C3C3C3C3C3C3C3C3C3C3C3C3C3C3C3C3C3C3C3C3C3C3C3C3C3C3C3C394
:20AC6000C3C3C3C3C3C3C3C3C3C3C3C3C3C3C3C3C3C3C3C3C3C3C3C3C3C3C3C3C3C3C3C374
:20AC8000C3C3C3C3C3C3C3C3C3C3C3C3C3C3C3C3C3C3C3C3C3C3C3C3C3C3C3C3C3C3C3C354
:20ACA000C3C3C3C3C3C3C3C3C3C3C3C3C3C3C3C3C3C3C3C3C3C3C3C3C3C3C3C3C3C3C3C334
:20ACC000C3C3C3C3C3C3C3C3C3C3C3C3C3C3C3C3C3C3C3C3C3C3C3C3C3C3C3C3C3C3C3C314
:20ACE000C3C3C3C3C3C3C3C3C3C3C3C3C3C3C3C3C3C3C3C3C3C3C3C3C3C3C3C3C3C3C3C3F4
:20AD0000C3C3C3C3C3C3C3C3C3C3C3C3C3C3C3C3C3C3C3C3C3C3C3C3C3C3C3C3C3C3C3C3D3
:20AD2000C3C3C3C3C3C3C3C3C3C3C3C3C3C3C3C3C3C3C3C3C3C3C3C3C3C3C3C3C3C3C3C3B3
:20AD4000C3C3C3C3C3C3C3C3C3C3C3C3C3C3C3C3C3C3C3C3C3C3C3C3C3C3C3C3C3C3C3C393
:20AD6000C3C3C3C3C3C3C3C3C3C3C3C3C3C3C3C3C3C3C3C3C3C3C3C3C3C3C3C3C3C3C3C373
:20AD8000C3C3C3C3C3C3C3C3C3C3C3C3C3C3C3C3C3C3C3C3C3C3C3C3C3C3C3C3C3C3C3C353
:20ADA000C3C3C3C3C3C3C3C3C3C3C3C3C3C3C3C3C3C3C3C3C3C3C3C3C3C3C3C3C3C3C3C333
:20ADC000C3C3C3C3C3C3C3C3C3C3C3C3C3C3C3C3C3C3C3C3C3C3C3C3C3C3C3C3C3C3C3C313
:20ADE000C3C3C3C3C3C3C3C3C3C3C3C3C3C3C3C3C3C3C3C3C3C3C3C3C3C3C3C3C3C3C3C3F3
:20AE0000C3C3C3C3C3C3C3C3C3C3C3C3C3C3C3C3C3C3C3C3C3C3C3C3C3C3C3C3C3C3C3C3D2
:20AE2000C3C3C3C3C3C3C3C3C3C3C3C3C3C3C3C3C3C3C3C3C3C3C3C3C3C3C3C3C3C3C3C3B2
:20AE4000C3C3C3C3C3C3C3C3C3C3C3C3C3C3C3C3C3C3C3C3C3C3C3C3C3C3C3C3C3C3C3C392
:20AE6000C3C3C3C3C3C3C3C3C3C3C3C3C3C3C3C3C3C3C3C3C3C3C3C3C3C3C3C3C3C3C3C372
:20AE8000C3C3C3C3C3C3C3C3C3C3C3C3C3C3C3C3C3C3C3C3C3C3C3C3C3C3C3C3C3C3C3C352
:20AEA000C3C3C3C3C3C3C3C3C3C3C3C3C3C3C3C3C3C3C3C3C3C3C3C3C3C3C3C3C3C3C3C332
:20AEC000C3C3C3C3C3C3C3C3C3C3C3C3C3C3C3C3C3C3C3C3C3C3C3C3C3C3C3C3C3C3C3C312
:20AEE000C3C3C3C3C3C3C3C3C3C3C3C3C3C3C3C3C3C3C3C3C3C3C3C3C3C3C3C3C3C3C3C3F2
:20AF0000C3C3C3C3C3C3C3C3C3C3C3C3C3C3C3C3C3C3C3C3C3C3C3C3C3C3C3C3C3C3C3C3D1
:20AF2000C3C3C3C3C3C3C3C3C3C3C3C3C3C3C3C3C3C3C3C3C3C3C3C3C3C3C3C3C3C3C3C3B1
:20AF4000C3C3C3C3C3C3C3C3C3C3C3C3C3C3C3C3C3C3C3C3C3C3C3C3C3C3C3C3C3C3C3C391
:20AF6000C3C3C3C3C3C3C3C3C3C3C3C3C3C3C3C3C3C3C3C3C3C3C3C3C3C3C3C3C3C3C3C371
:20AF8000C3C3C3C3C3C3C3C3C3C3C3C3C3C3C3C3C3C3C3C3C3C3C3C3C3C3C3C3C3C3C3C351
:20AFA000C3C3C3C3C3C3C3C3C3C3C3C3C3C3C3C3C3C3C3C3C3C3C3C3C3C3C3C3C3C3C3C331
:20AFC000C3C3C3C3C3C3C3C3C3C3C3C3C3C3C3C3C3C3C3C3C3C3C3C3C3C3C3C3C3C3C3C311
:20AFE000C3C3C3C3C3C3C3C3C3C3C3C3C3C3C3C3C3C3C3C3C3C3C3C3C3C3C3C3C3C3C3C3F1
:20B00000C3C3C3C3C3C3C3C3C3C3C3C3C3C3C3C3C3C3C3C3C3C3C3C3C3C3C3C3C3C3C3C3D0
:20B02000C3C3C3C3C3C3C3C3C3C3C3C3C3C3C3C3C3C3C3C3C3C3C3C3C3C3C3C3C3C3C3C3B0
:20B04000C3C3C3C3C3C3C3C3C3C3C3C3C3C3C3C3C3C3C3C3C3C3C3C3C3C3C3C3C3C3C3C390
:20B06000C3C3C3C3C3C3C3C3C3C3C3C3C3C3C3C3C3C3C3C3C3C3C3C3C3C3C3C3C3C3C3C370
:20B08000C3C3C3C3C3C3C3C3C3C3C3C3C3C3C3C3C3C3C3C3C3C3C3C3C3C3C3C3C3C3C3C350
:20B0A000C3C3C3C3C3C3C3C3C3C3C3C3C3C3C3C3C3C3C3C3C3C3C3C3C3C3C3C3C3C3C3C330
:20B0C000C3C3C3C3C3C3C3C3C3C3C3C3C3C3C3C3C3C3C3C3C3C3C3C3C3C3C3C3C3C3C3C310
:20B0E000C3C3C3C3C3C3C3C3C3C3C3C3C3C3C3C3C3C3C3C3C3C3C3C3C3C3C3C3C3C3C3C3F0
:20B10000C3C3C3C3C3C3C3C3C3C3C3C3C3C3C3C3C3C3C3C3C3C3C3C3C3C3C3C3C3C3C3C3CF
:20B12000C3C3C3C3C3C3C3C3C3C3C3C3C3C3C3C3C3C3C3C3C3C3C3C3C3C3C3C3C3C3C3C3AF
:20B14000C3C3C3C3C3C3C3C3C3C3C3C3C3C3C3C3C3C3C3C3C3C3C3C3C3C3C3C3C3C3C3C38F
:20B16000C3C3C3C3C3C3C3C3C3C3C3C3C3C3C3C3C3C3C3C3C3C3C3C3C3C3C3C3C3C3C3C36F
:20B18000C3C3C3C3C3C3C3C3C3C3C3C3C3C3C3C3C3C3C3C3C3C3C3C3C3C3C3C3C3C3C3C34F
:20B1A000C3C3C3C3C3C3C3C3C3C3C3C3C3C3C3C3C3C3C3C3C3C3C3C3C3C3C3C3C3C3C3C32F
:20B1C000C3C3C3C3C3C3C3C3C3C3C3C3C3C3C3C3C3C3C3C3C3C3C3C3C3C3C3C3C3C3C3C30F
:20B1E000C3C3C3C3C3C3C3C3C3C3C3C3C3C3C3C3C3C3C3C3C3C3C3C3C3C3C3C3C3C3C3C3EF
:20B20000C3C3C3C3C3C3C3C3C3C3C3C3C3C3C3C3C3C3C3C3C3C3C3C3C3C3C3C3C3C3C3C3CE
:20B22000C3C3C3C3C3C3C3C3C3C3C3C3C3C3C3C3C3C3C3C3C3C3C3C3C3C3C3C3C3C3C3C3AE
:20B24000C3C3C3C3C3C3C3C3C3C3C3C3C3C3C3C3C3C3C3C3C3C3C3C3C3C3C3C3C3C3C3C38E
:20B26000C3C3C3C3C3C3C3C3C3C3C3C3C3C3C3C3C3C3C3C3C3C3C3C3C3C3C3C3C3C3C3C36E
:20B28000C3C3C3C3C3C3C3C3C3C3C3C3C3C3C3C3C3C3C3C3C3C3C3C3C3C3C3C3C3C3C3C34E
:20B2A000C3C3C3C3C3C3C3C3C3C3C3C3C3C3C3C3C3C3C3C3C3C3C3C3C3C3C3C3C3C3C3C32E
:20B2C000C3C3C3C3C3C3C3C3C3C3C3C3C3C3C3C3C3C3C3C3C3C3C3C3C3C3C3C3C3C3C3C30E
:20B2E000C3C3C3C3C3C3C3C3C3C3C3C3C3C3C3C3C3C3C3C3C3C3C3C3C3C3C3C3C3C3C3C3EE
:20B30000C3C3C3C3C3C3C3C3C3C3C3C3C3C3C3C3C3C3C3C3C3C3C3C3C3C3C3C3C3C3C3C3CD
:20B32000C3C3C3C3C3C3C3C3C3C3C3C3C3C3C3C3C3C3C3C3C3C3C3C3C3C3C3C3C3C3C3C3AD
:20B34000C3C3C3C3C3C3C3C3C3C3C3C3C3C3C3C3C3C3C3C3C3C3C3C3C3C3C3C3C3C3C3C38D
:20B36000C3C3C3C3C3C3C3C3C3C3C3C3C3C3C3C3C3C3C3C3C3C3C3C3C3C3C3C3C3C3C3C36D
:20B38000C3C3C3C3C3C3C3C3C3C3C3C3C3C3C3C3C3C3C3C3C3C3C3C3C3C3C3C3C3C3C3C34D
:20B3A000C3C3C3C3C3C3C3C3C3C3C3C3C3C3C3C3C3C3C3C3C3C3C3C3C3C3C3C3C3C3C3C32D
:20B3C000C3C3C3C3C3C3C3C3C3C3C3C3C3C3C3C3C3C3C3C3C3C3C3C3C3C3C3C3C3C3C3C30D
:20B3E000C3C3C3C3C3C3C3C3C3C3C3C3C3C3C3C3C3C3C3C3C3C3C3C3C3C3C3C3C3C3C3C3ED
:20B40000C3C3C3C3C3C3C3C3C3C3C3C3C3C3C3C3C3C3C3C3C3C3C3C3C3C3C3C3C3C3C3C3CC
:20B42000C3C3C3C3C3C3C3C3C3C3C3C3C3C3C3C3C3C3C3C3C3C3C3C3C3C3C3C3C3C3C3C3AC
:20B44000C3C3C3C3C3C3C3C3C3C3C3C3C3C3C3C3C3C3C3C3C3C3C3C3C3C3C3C3C3C3C3C38C
:20B46000C3C3C3C3C3C3C3C3C3C3C3C3C3C3C3C3C3C3C3C3C3C3C3C3C3C3C3C3C3C3C3C36C
:20B48000C3C3C3C3C3C3C3C3C3C3C3C3C3C3C3C3C3C3C3C3C3C3C3C3C3C3C3C3C3C3C3C34C
:20B4A000C3C3C3C3C3C3C3C3C3C3C3C3C3C3C3C3C3C3C3C3C3C3C3C3C3C3C3C3C3C3C3C32C
:20B4C000C3C3C3C3C3C3C3C3C3C3C3C3C3C3C3C3C3C3C3C3C3C3C3C3C3C3C3C3C3C3C3C30C
:20B4E000C3C3C3C3C3C3C3C3C3C3C3C3C3C3C3C3C3C3C3C3C3C3C3C3C3C3C3C3C3C3C3C3EC
:20B50000C3C3C3C3C3C3C3C3C3C3C3C3C3C3C3C3C3C3C3C3C3C3C3C3C3C3C3C3C3C3C3C3CB
:20B52000C3C3C3C3C3C3C3C3C3C3C3C3C3C3C3C3C3C3C3C3C3C3C3C3C3C3C3C3C3C3C3C3AB
:20B54000C3C3C3C3C3C3C3C3C3C3C3C3C3C3C3C3C3C3C3C3C3C3C3C3C3C3C3C3C3C3C3C38B
:20B56000C3C3C3C3C3C3C3C3C3C3C3C3C3C3C3C3C3C3C3C3C3C3C3C3C3C3C3C3C3C3C3C36B
:20B58000C3C3C3C3C3C3C3C3C3C3C3C3C3C3C3C3C3C3C3C3C3C3C3C3C3C3C3C3C3C3C3C34B
:20B5A000C3C3C3C3C3C3C3C3C3C3C3C3C3C3C3C3C3C3C3C3C3C3C3C3C3C3C3C3C3C3C3C32B
:20B5C000C3C3C3C3C3C3C3C3C3C3C3C3C3C3C3C3C3C3C3C3C3C3C3C3C3C3C3C3C3C3C3C30B
:20B5E000C3C3C3C3C3C3C3C3C3C3C3C3C3C3C3C3C3C3C3C3C3C3C3C3C3C3C3C3C3C3C3C3EB
:20B60000C3C3C3C3C3C3C3C3C3C3C3C3C3C3C3C3C3C3C3C3C3C3C3C3C3C3C3C3C3C3C3C3CA
:20B62000C3C3C3C3C3C3C3C3C3C3C3C3C3C3C3C3C3C3C3C3C3C3C3C3C3C3C3C3C3C3C3C3AA
:20B64000C3C3C3C3C3C3C3C3C3C3C3C3C3C3C3C3C3C3C3C3C3C3C3C3C3C3C3C3C3C3C3C38A
:20B66000C3C3C3C3C3C3C3C3C3C3C3C3C3C3C3C3C3C3C3C3C3C3C3C3C3C3C3C3C3C3C3C36A
:20B68000C3C3C3C3C3C3C3C3C3C3C3C3C3C3C3C3C3C3C3C3C3C3C3C3C3C3C3C3C3C3C3C34A
:20B6A000C3C3C3C3C3C3C3C3C3C3C3C3C3C3C3C3C3C3C3C3C3C3C3C3C3C3C3C3C3C3C3C32A
:20B6C000C3C3C3C3C3C3C3C3C3C3C3C3C3C3C3C3C3C3C3C3C3C3C3C3C3C3C3C3C3C3C3C30A
:20B6E000C3C3C3C3C3C3C3C3C3C3C3C3C3C3C3C3C3C3C3C3C3C3C3C3C3C3C3C3C3C3C3C3EA
:20B70000C3C3C3C3C3C3C3C3C3C3C3C3C3C3C3C3C3C3C3C3C3C3C3C3C3C3C3C3C3C3C3C3C9
:20B72000C3C3C3C3C3C3C3C3C3C3C3C3C3C3C3C3C3C3C3C3C3C3C3C3C3C3C3C3C3C3C3C3A9
:20B74000C3C3C3C3C3C3C3C3C3C3C3C3C3C3C3C3C3C3C3C3C3C3C3C3C3C3C3C3C3C3C3C389
:20B76000C3C3C3C3C3C3C3C3C3C3C3C3C3C3C3C3C3C3C3C3C3C3C3C3C3C3C3C3C3C3C3C369
:20B78000C3C3C3C3C3C3C3C3C3C3C3C3C3C3C3C3C3C3C3C3C3C3C3C3C3C3C3C3C3C3C3C349
:20B7A000C3C3C3C3C3C3C3C3C3C3C3C3C3C3C3C3C3C3C3C3C3C3C3C3C3C3C3C3C3C3C3C329
:20B7C000C3C3C3C3C3C3C3C3C3C3C3C3C3C3C3C3C3C3C3C3C3C3C3C3C3C3C3C3C3C3C3C309
:20B7E000C3C3C3C3C3C3C3C3C3C3C3C3C3C3C3C3C3C3C3C3C3C3C3C3C3C3C3C3C3C3C3C3E9
:20B80000C3C3C3C3C3C3C3C3C3C3C3C3C3C3C3C3C3C3C3C3C3C3C3C3C3C3C3C3C3C3C3C3C8
:20B82000C3C3C3C3C3C3C3C3C3C3C3C3C3C3C3C3C3C3C3C3C3C3C3C3C3C3C3C3C3C3C3C3A8
:20B84000C3C3C3C3C3C3C3C3C3C3C3C3C3C3C3C3C3C3C3C3C3C3C3C3C3C3C3C3C3C3C3C388
:20B86000C3C3C3C3C3C3C3C3C3C3C3C3C3C3C3C3C3C3C3C3C3C3C3C3C3C3C3C3C3C3C3C368
:20B88000C3C3C3C3C3C3C3C3C3C3C3C3C3C3C3C3C3C3C3C3C3C3C3C3C3C3C3C3C3C3C3C348
:20B8A000C3C3C3C3C3C3C3C3C3C3C3C3C3C3C3C3C3C3C3C3C3C3C3C3C3C3C3C3C3C3C3C328
:20B8C000C3C3C3C3C3C3C3C3C3C3C3C3C3C3C3C3C3C3C3C3C3C3C3C3C3C3C3C3C3C3C3C308
:20B8E000C3C3C3C3C3C3C3C3C3C3C3C3C3C3C3C3C3C3C3C3C3C3C3C3C3C3C3C3C3C3C3C3E8
:20B90000C3C3C3C3C3C3C3C3C3C3C3C3C3C3C3C3C3C3C3C3C3C3C3C3C3C3C3C3C3C3C3C3C7
:20B92000C3C3C3C3C3C3C3C3C3C3C3C3C3C3C3C3C3C3C3C3C3C3C3C3C3C3C3C3C3C3C3C3A7
:20B94000C3C3C3C3C3C3C3C3C3C3C3C3C3C3C3C3C3C3C3C3C3C3C3C3C3C3C3C3C3C3C3C387
:20B96000C3C3C3C3C3C3C3C3C3C3C3C3C3C3C3C3C3C3C3C3C3C3C3C3C3C3C3C3C3C3C3C367
:20B98000C3C3C3C3C3C3C3C3C3C3C3C3C3C3C3C3C3C3C3C3C3C3C3C3C3C3C3C3C3C3C3C347
:20B9A000C3C3C3C3C3C3C3C3C3C3C3C3C3C3C3C3C3C3C3C3C3C3C3C3C3C3C3C3C3C3C3C327
:20B9C000C3C3C3C3C3C3C3C3C3C3C3C3C3C3C3C3C3C3C3C3C3C3C3C3C3C3C3C3C3C3C3C307
:20B9E000C3C3C3C3C3C3C3C3C3C3C3C3C3C3C3C3C3C3C3C3C3C3C3C3C3C3C3C3C3C3C3C3E7
:20BA0000C3C3C3C3C3C3C3C3C3C3C3C3C3C3C3C3C3C3C3C3C3C3C3C3C3C3C3C3C3C3C3C3C6
:20BA2000C3C3C3C3C3C3C3C3C3C3C3C3C3C3C3C3C3C3C3C3C3C3C3C3C3C3C3C3C3C3C3C3A6
:20BA4000C3C3C3C3C3C3C3C3C3C3C3C3C3C3C3C3C3C3C3C3C3C3C3C3C3C3C3C3C3C3C3C386
:20BA6000C3C3C3C3C3C3C3C3C3C3C3C3C3C3C3C3C3C3C3C3C3C3C3C3C3C3C3C3C3C3C3C366
:20BA8000C3C3C3C3C3C3C3C3C3C3C3C3C3C3C3C3C3C3C3C3C3C3C3C3C3C3C3C3C3C3C3C346
:20BAA000C3C3C3C3C3C3C3C3C3C3C3C3C3C3C3C3C3C3C3C3C3C3C3C3C3C3C3C3C3C3C3C326
:20BAC000C3C3C3C3C3C3C3C3C3C3C3C3C3C3C3C3C3C3C3C3C3C3C3C3C3C3C3C3C3C3C3C306
:20BAE000C3C3C3C3C3C3C3C3C3C3C3C3C3C3C3C3C3C3C3C3C3C3C3C3C3C3C3C3C3C3C3C3E6
:20BB0000C3C3C3C3C3C3C3C3C3C3C3C3C3C3C3C3C3C3C3C3C3C3C3C3C3C3C3C3C3C3C3C3C5
:20BB2000C3C3C3C3C3C3C3C3C3C3C3C3C3C3C3C3C3C3C3C3C3C3C3C3C3C3C3C3C3C3C3C3A5
:20BB4000C3C3C3C3C3C3C3C3C3C3C3C3C3C3C3C3C3C3C3C3C3C3C3C3C3C3C3C3C3C3C3C385
:20BB6000C3C3C3C3C3C3C3C3C3C3C3C3C3C3C3C3C3C3C3C3C3C3C3C3C3C3C3C3C3C3C3C365
:20BB8000C3C3C3C3C3C3C3C3C3C3C3C3C3C3C3C3C3C3C3C3C3C3C3C3C3C3C3C3C3C3C3C345
:20BBA000C3C3C3C3C3C3C3C3C3C3C3C3C3C3C3C3C3C3C3C3C3C3C3C3C3C3C3C3C3C3C3C325
:20BBC000C3C3C3C3C3C3C3C3C3C3C3C3C3C3C3C3C3C3C3C3C3C3C3C3C3C3C3C3C3C3C3C305
:20BBE000C3C3C3C3C3C3C3C3C3C3C3C3C3C3C3C3C3C3C3C3C3C3C3C3C3C3C3C3C3C3C3C3E5
:20BC0000C3C3C3C3C3C3C3C3C3C3C3C3C3C3C3C3C3C3C3C3C3C3C3C3C3C3C3C3C3C3C3C3C4
:20BC2000C3C3C3C3C3C3C3C3C3C3C3C3C3C3C3C3C3C3C3C3C3C3C3C3C3C3C3C3C3C3C3C3A4
:20BC4000C3C3C3C3C3C3C3C3C3C3C3C3C3C3C3C3C3C3C3C3C3C3C3C3C3C3C3C3C3C3C3C384
:20BC6000C3C3C3C3C3C3C3C3C3C3C3C3C3C3C3C3C3C3C3C3C3C3C3C3C3C3C3C3C3C3C3C364
:20BC8000C3C3C3C3C3C3C3C3C3C3C3C3C3C3C3C3C3C3C3C3C3C3C3C3C3C3C3C3C3C3C3C344
:20BCA000C3C3C3C3C3C3C3C3C3C3C3C3C3C3C3C3C3C3C3C3C3C3C3C3C3C3C3C3C3C3C3C324
:20BCC000C3C3C3C3C3C3C3C3C3C3C3C3C3C3C3C3C3C3C3C3C3C3C3C3C3C3C3C3C3C3C3C304
:20BCE000C3C3C3C3C3C3C3C3C3C3C3C3C3C3C3C3C3C3C3C3C3C3C3C3C3C3C3C3C3C3C3C3E4
:20BD0000C3C3C3C3C3C3C3C3C3C3C3C3C3C3C3C3C3C3C3C3C3C3C3C3C3C3C3C3C3C3C3C3C3
:20BD2000C3C3C3C3C3C3C3C3C3C3C3C3C3C3C3C3C3C3C3C3C3C3C3C3C3C3C3C3C3C3C3C3A3
:20BD4000C3C3C3C3C3C3C3C3C3C3C3C3C3C3C3C3C3C3C3C3C3C3C3C3C3C3C3C3C3C3C3C383
:20BD6000C3C3C3C3C3C3C3C3C3C3C3C3C3C3C3C3C3C3C3C3C3C3C3C3C3C3C3C3C3C3C3C363
:20BD8000C3C3C3C3C3C3C3C3C3C3C3C3C3C3C3C3C3C3C3C3C3C3C3C3C3C3C3C3C3C3C3C343
:20BDA000C3C3C3C3C3C3C3C3C3C3C3C3C3C3C3C3C3C3C3C3C3C3C3C3C3C3C3C3C3C3C3C323
:20BDC000C3C3C3C3C3C3C3C3C3C3C3C3C3C3C3C3C3C3C3C3C3C3C3C3C3C3C3C3C3C3C3C303
:20BDE000C3C3C3C3C3C3C3C3C3C3C3C3C3C3C3C3C3C3C3C3C3C3C3C3C3C3C3C3C3C3C3C3E3
:20BE0000C3C3C3C3C3C3C3C3C3C3C3C3C3C3C3C3C3C3C3C3C3C3C3C3C3C3C3C3C3C3C3C3C2
:20BE2000C3C3C3C3C3C3C3C3C3C3C3C3C3C3C3C3C3C3C3C3C3C3C3C3C3C3C3C3C3C3C3C3A2
:20BE4000C3C3C3C3C3C3C3C3C3C3C3C3C3C3C3C3C3C3C3C3C3C3C3C3C3C3C3C3C3C3C3C382
:20BE6000C3C3C3C3C3C3C3C3C3C3C3C3C3C3C3C3C3C3C3C3C3C3C3C3C3C3C3C3C3C3C3C362
:20BE8000C3C3C3C3C3C3C3C3C3C3C3C3C3C3C3C3C3C3C3C3C3C3C3C3C3C3C3C3C3C3C3C342
:20BEA000C3C3C3C3C3C3C3C3C3C3C3C3C3C3C3C3C3C3C3C3C3C3C3C3C3C3C3C3C3C3C3C322
:20BEC000C3C3C3C3C3C3C3C3C3C3C3C3C3C3C3C3C3C3C3C3C3C3C3C3C3C3C3C3C3C3C3C302
:20BEE000C3C3C3C3C3C3C3C3C3C3C3C3C3C3C3C3C3C3C3C3C3C3C3C3C3C3C3C3C3C3C3C3E2
:20BF0000C3C3C3C3C3C3C3C3C3C3C3C3C3C3C3C3C3C3C3C3C3C3C3C3C3C3C3C3C3C3C3C3C1
:20BF2000C3C3C3C3C3C3C3C3C3C3C3C3C3C3C3C3C3C3C3C3C3C3C3C3C3C3C3C3C3C3C3C3A1
:20BF4000C3C3C3C3C3C3C3C3C3C3C3C3C3C3C3C3C3C3C3C3C3C3C3C3C3C3C3C3C3C3C3C381
:20BF6000C3C3C3C3C3C3C3C3C3C3C3C3C3C3C3C3C3C3C3C3C3C3C3C3C3C3C3C3C3C3C3C361
:20BF8000C3C3C3C3C3C3C3C3C3C3C3C3C3C3C3C3C3C3C3C3C3C3C3C3C3C3C3C3C3C3C3C341
:20BFA000C3C3C3C3C3C3C3C3C3C3C3C3C3C3C3C3C3C3C3C3C3C3C3C3C3C3C3C3C3C3C3C321
:20BFC000C3C3C3C3C3C3C3C3C3C3C3C3C3C3C3C3C3C3C3C3C3C3C3C3C3C3C3C3C3C3C3C301
:20BFE000C3C3C3C3C3C3C3C3C3C3C3C3C3C3C3C3C3C3C3C3C3C3C3C3C3C3C3C3C3C3C3C3E1
:20C000008007705600239E009C219E00000000008007381A000000000000000000000000DE
:20C020008007281A0000000000000000000000008007181A0000000000000000000000007E
:20C040008007081A0000000000000000000000008007F8190000000000000000000000009F
:20C060008007E8190000000000000000000000008007D819000000000000000000000000C0
:20C080008007C819000000000000000000000000800722010000000000000000000000008E
:20C0A0008007A8190000000000000000000000008007981900000000000000000000000000
:20C0C0008007F20000000000000000000000000080077819000000000000000000000000CF
:20C0E0008007681900000000000000000000000080070400EFEF20008007097CC4FDCF7E95
:20C100000200920D407E0800300610001FFF707F0100A54D80070979DCFDCF7E0700A20D8D
:20C1200080078978DCFD8F7E010080078F78DCFDD53D80074978C6FDCF7E0300920D407E5F
:20C140000200300610001FFF707F0100D52D80074978C8FDCF7E0300920D407E0100300696
:20C1600010001FFF707F0100F51D80074978608BCF7E0300A20D80078978608B8F7E0100DC
:20C1800080078F78608BA51580074978808BCF7E0300C20D80078978808B8F7E01008007D2
:20C1A0008F78808BB5058007A218FD7F4000E0074A0180FFE61200003F0600239E007F0088
:20C1C0007F00800761003D0610001FFF1DF0000D3306FFFFFFBF00325309010D400E00404E
:20C1E0001D0D80FFFE1AE051FA051DF0000D409E00401309010D40067F008007E10006E0D9
:20C200003D0610001FFF9A32990D1DF00235400E00021D0D860080FF82041C089B0A99157B
:20C22000445E00002B0F11F8E009B20D3D370500E031B20580FFCC03400E00047D0F3900CB
:20C240001C089C0AD9053D37050080FFBE02C1E2B9151DF0000D010580FF6C2EE051B205EC
:20C2600080FF5E3080FF3205440EBE01210EB0F0CA09610085054006FF00400E1FFF210F7C
:20C280004100409E00805309F3098AFD405E1FFF6B0F4900B5F58007090DC4FD810AD90D28
:20C2A0008007890DC4FD810A91358067D6002A0D810E01002B0DA52D3E0650E2FEFF000D41
:20C2C000820A040D990DC10606008A2548F2000D810E0200A51DC10606009A15A007470893
:20C2E000C4FD8100620ABA0D806FB000030A1EF6B4FF800C209EFC00809C800C3E0658E2EA
:20C30000FEFF000DC10EF800010D8007490DC4FD810AD90D8007C90DC4FD810A91358067D9
:20C3200062002C0D810E01002D0D7F003E0654E2FEFF000D820A040D990DC10606008A25D6
:20C3400048F2000D810E0400A51DC10606009A15A0074708C4FD8100620ABA0D806F3C002F
:20C36000030A1EF6B0FF800C209EFC00809C800C3E065CE2FEFF000DC10EF800010D7F001F
:20C38000806F1800020A3E0604E2FEFF800C209EFD00809C800C6C00200EA50080070F0996
:20C3A000C1FD6D00640725F7640729F78007020C440EBF01449EBE01210EB0F0339EB0F0B8
:20C3C000B309640F25F7400E0100640F29F78007E00B8007E1003C0614001FFF3CEF2D008A
:20C3E00080FF7416E051D2051D30BFFF10FE850D1D08C10AD905400E00807C0F35001D0800
:20C400009F0AB905BFFFBEFD1D08810AB90D80FFEC1AE051FA05010A04587C0F35006B0F70
:20C420002DF7400E00109DEAE9051CF01B0D003580FFD81ABFFF62FE4006FF008807FB003E
:20C4400010001FFF000D04682D3F19F8409E00801309010D623AA925E7EE6C000408210E4A
:20C4600030F70458C1E92B0F09F807E0C4E21DF0004DC1E1040D03F0233608000542010D11
:20C480001D0E0C00030D80FF9426230F0D001CF07D074D00050D030A010DBFFF38FFE5FDFC
:20C4A00082073B0010001FFF440EBE01210EB053630F0100000D409E00801309010DF50D3D
:20C4C000BFFF12FF04582B0F2DF7610A8A0D033080FFEE146152BA05BFFFE0FC80FF781505
:20C4E0006152FAED42063F008007210080FF0E1A6152BA0580FFDC198067640E409E00208F
:20C500001309090D40063F009007E13006E0203E200080FF960E3D0610001FFFE0E1A26DF4
:20C52000E0518A6D1C3003382046200080FF5C402106025200807C0F0100003A80FF480F14
:20C5400023D70D00E0D1B21523DF1100E0D9F20D1A30203E100080FF520EE0518A0D1B30E7
:20C56000203E480080FF440EE051F2052106021200807C0F0100B53D1DF0000D3306FFFF92
:20C58000FFF7045804605309010D400E00081D0D6BD709F81B306CDF0DF80A08E19E6C0020
:20C5A00001F0C4F2DAF1030504900505D29973077DF7410A0105620AA1F50A3820464800C7
:20C5C00080FFD60703F004350245E031C205003A80FFC607010A04587C0701006B0F11F8C0
:20C5E0001DF0000D409E00081309010D80FFA20EE5051DF0000D810E0010010D5006FF30AC
:20C600008207E11006E0E031E2450C3A80FF9C0DE0519A4504E8630701003DEE30F71C300F
:20C620000A3880FF620EE505410A630F01001DEE6C00230F0100620AC9253D9F4900619AFD
:20C64000CAF501D8C4DA04582B0F09F81D30003A20466C00C1D980FF4007020A1DF0250D09
:20C660003C0F050027051C3608000338290D1BF0010503050505044280FFD806000AF505A9
:20C680001F0A7C0F09002106013200807C0F010080FFFE0D4206FF108807E1F106D09A00C5
:20C6A00062D2F93504B8FAEE6C00370F09F804C839CE30F71AE0C4E2D9E937BE08F8C1E1CE
:20C6C0003D974D003306012C0080E0918A1D04C038F70DF8209E3C003D0F490038C60CF8B2
:20C6E00004DD93D94C9A93D93306052C0080610AE205139EFFE51B06B7FFD90D1CF0039D61
:20C700007D074D00030A010D3D0F4900630A82454806FFF11C3608001D3E4C0080FF680D31
:20C72000383F01001D301B4080FF28061CF0010A03057D0F4D00010DFAEE6C00370F01008B
:20C740001A38C4D2D9E9C1D1020A1DF0270D7A0F0100040D004D03F023360800010D1D0EDB
:20C760000C00030D054280FFB423230F0D001AF07D074D00050D030A010D3D0F4900640AB6
:20C78000CA05010A7D0F490080FF060DA5C5020A7D0F4900E5BD245725F77F00245729F7BA
:20C7A0007F008007E3F006E807E008D809D00ECD10C5BFFFE4FF44F6BE013EF6D451CAF1B4
:20C7C0003E9F79012106AA5555AAE199CA453E9F7D0121063C3C3C3CE199DA3D3E9F8101F2
:20C7E000E1999A3D3E9F85012106AA5555AAE199AA35E0E9D2059E0F41005D0F0000E0E14C
:20C80000D205BE0F41005C0F0000E0D9D2059E0F43005B0F0000E0D1C205220D7A0F0100AD
:20C82000E0C9D205BE0F4300590F0000E0C1A235BE0F43000106ECFFC20D0106E2FF920D30
:20C840000106D8FFC2250106CEFF9225010A8525020AE51DE0E9C205070A5D0F0000E0E1F7
:20C86000C2050A0A5C0F0000E0D9D205200E14005B0F0000E0D1B2057A070100E0C9D205CC
:20C88000200E3200590F0000E0C1C205030A780F01004006FFF09E07E11006D826370100CC
:20C8A000E031D23D203E340080FF000B0AE023360800003A2046340080FFDE04E0E1AA351C
:20C8C000020A03F0050D200EC800070D0A0A090D200EE7070D0D050A0F0D200E1600110D50
:20C8E000030E3B00010D010ED9FF1305150519051B0523EE080003363800033E390003463A
:20C900003A00034E2C00030DBFFF9AFE3B3701001D382046340080FF3A04C5053C060212BB
:20C9200000801C505E06FF1006F0000DE00F409B020DC19AE00F400B9F0A1309E00F400B28
:20C94000670F0100020DE00F409B040DC19AE00F400B9F0A1309E00F400B670F0500040D56
:20C96000E00F409B060DC19AE00F400B9F0A1309E00F400B670F0900060DE00F400BC10AAF
:20C98000E00F409B679F0D00C6FF0000F205A10E8700E00F400B670F0D007F002A060C52FE
:20C9A00000802106A0860100A0078798D4FD8D9AA90D3E0608EAFEFF70080052C10EFFEF7B
:20C9C000800C7F005F0A0000E009FAED7F008007E1006E32C25D0606F0FF80070908C2FD1B
:20C9E00008F007E006E8EA05209E9FFF5309810E1000209EFFF3530980070F08C2FD000DAE
:20CA000080078F08C2FD020D80078F08C2FD040D80078F08C2FD060D80078F08C2FDBFFFB1
:20CA20007EFFE051BA1D8007C908C2FDE0E18A0D3E060CE1FEFF000D000D000DF50D1CF09F
:20CA4000010D8007C908C2FD030D8007C908C2FD050D8007C908C2FD070D80070908C2FDF6
:20CA60000198879AC905209EBFFF53090198869AC905209EDFFF53091D06F0FFCA05209E38
:20CA8000EFFF530980070F08C2FDA50500524006FF008807230001050305050507053E0694
:20CAA00000E1FEFF000D209EFFFC0338244628035309810E0100010D020D3306FFFCF0FFD6
:20CAC0005309409E01001309030D000D209EFFF75309810E0004010D06F0000D0F32800766
:20CAE0008F08C2FD020D80078F08C2FD040D80078F08C2FD060D3E0600E1FEFF050D000DB2
:20CB0000810E6000010DBFFFC8FEE051BA3503F0020D0095E00F400BE097409BC19A01886D
:20CB20009F8A1389E08F409B649F3903049DC10AE09F409B13889F8A0189E08F400B640F66
:20CB40003D03060DC19A24F63803E00F400B01889F8A1389E08F409B059DC10AE00F409BC9
:20CB6000079D8892F905A10E8700E00F400B640F45033E0600E1FEFF000D209EFFFB53098B
:20CB8000810E0008010D0505050505050505000D810E6000010D48063F0080073B0000E18E
:20CBA000FEFF000D3306FFF37FFF20969FFF5309010D3E060AEAFEFF7008049AC10EFFEFFC
:20CBC000800C06F0000D80078F08C2FD020D80078F08C2FD040D80078F08C2FD060D3E06B8
:20CBE00000E1FEFF050D000D5209010D010AF5352A060C5200803206A0860100A007A78857
:20CC0000D4FD8D8AA90D3E060AEAFEFF70900052D296FFEF8094D5055F920000E091FAED62
:20CC200013F0C2F2C6F10095E05180078F90C2FD029580078F90C2FD049580078F90C2FD61
:20CC4000069580078F90C2FD8A0D3E060CE1FEFF0095009500950095449A410AE70991CD44
:20CC6000E039820D3E060CE1FEFF000D000D000D000DBFFF2AFDE0518A0D3E060CE1FEFFCF
:20CC8000000D000D000D000D40063F00013ABF070CFF8807E10006F008E00706F0FF913DB7
:20CCA00007E807400638033080FFA8001DF0C3F1200E8000800B1D0E0100D50501F0C3F101
:20CCC0008003410A0106F0FFA9FD24EE38031D361000003A2046100080FFBE001D3E1000E2
:20CCE0001D30BFFF46FC03F0000D249F49033309010D020D249F4D033309030D040D249F4C
:20CD000051033309050D060D249F55033309F515240F3903009D3309630F0100240F3D03CF
:20CD2000029D3309630F0500240F4103049D3309630F0900240F4503069D3309630F0D00F9
:20CD40001C38034020361000BFFF86FC4806FF0006F00650F5055F42870F0100413A800BC5
:20CD600041F207081E09C1060300A20DE041CAF57F005C42270F0100443A010D44F2644235
:20CD800099FDF5055F42870F0100413A800B41F2E0419AFD7F0087000708C80A0709079844
:20CDA000D09A01990708D80A130906F0C5055F42803B41F2DE060300820DE0419AFD06508F
:20CDC0007F005C42010D44F26442C9FDC5055F42803B41F2E041CAFDB5F5005206F0950DB1
:20CDE0006050870F0100A151EA0541F2413A5F42E041FAF57F00000006F00052950D870FAD
:20CE00000100609841F2413A5F4233090151E041FAF57F0008F001352A06105800807F00E8
:20CE200000E280FF04001FE8084807400638610200522036140080FF2E47202E0100E90D59
:20CE400023060070DFFE003A0042004A1C0A4119240650CFDFFE80072400E029B20D2A064D
:20CE600050CFDFFE2506DCC7DFFEA551CA2180070C00042600400426004040360000063611
:20CE80000000B20580FF04004036000006360000B20580FFA60025063457E0FE400EE0FE0A
:20CEA000010E34D7A20501F02A06DA3162FF2B06000000001D60E059C2052C0626CE9D00B3
:20CEC000CC51EAA72000340600000000350600000000360600000000370600000000380658
:20CEE00000000000E5374000405E03000B31E62F2000005E0000F205E5374008863602004D
:20CF0000E62F200800CA00D25D3600002636F20080FFFA478505000001000000000000000C
:20CF2000000000000000000000000000000000000000000000000000E002C83062FF0000B6
:20CF40008007E13006D03B0600819D001BEEF03E00E2613AFA05BFFF46F8CAD9BFFF40F8BC
:20CF6000CAE93B0F0100FA098A25610AEA1D3D9F01002106EFBEADDEE199FA153D9F0500E9
:20CF80002106B8B8B8B8E1998A153D9F090021064E4E4E4EE1999A0D3D9F0D002106EFBE4F
:20CFA000ADDEE199E2E700001C504006FF3080076100BFFFEAF73D0600819D000132CAE9F4
:20CFC0000638BFFF7EFF6152AA0548EA64EFC1FD40067F0001527F0000527F0084076300DD
:20CFE00006E888002106021200900105030D6142E2056242B20D01560600950D07F60C00E5
:20D000000235043D80FFA403A5050052230F01001DF00355010D44067F0080572E000305FA
:20D02000614AF205624AD20D2A0608120080B50D08F60C00023D0445033280FF121EB50507
:20D0400080FF081EBF07C8FF8407630006E88900020A010D6A008207610006E86307010072
:20D06000033080FFD220230F01001DF0009DC10E3F00C199019D42067F000152C636FF0014
:20D08000E2056432C2056632E25700007F00860001526732D2055E326132E35700007F00D7
:20D0A0008007210007F09E00880067F2A30D0830BFFFCAFF615292152A06072C0080E50DB4
:20D0C000C2F2C4F13E0F31F9E80F8000810AD1052A06012C0080A505005240063F008407AF
:20D0E000E31006D888002106021200800105030D63429B4D07EE0C0040E600804800040086
:20D100002B00350029001DF00035023D80FF58023D9F01008152CA0E01000052E099D215F1
:20D120003D9F0500E0999215E009B205610ACA05DDC71000AA0D3D0F110041E1EA050198A2
:20D14000849AB105830A99252A0602120080D51D0052B51D3D3715000150E031E2153D3F78
:20D16000190080FF460295153D3725000150E031C205043A80FF3402E051FA051DF00E35F0
:20D18000103D85F501560600230F01001BF00355010D4406FF108807E17006C8890024F61D
:20D1A00054F90255000DC24A08DE0C0063570D00C449630F090008E0C9C75CF929D65CF950
:20D1C000E21D08F00A0D0635083D2B0D80FF980140F61FFF8152089DCA0E01005C0F6200FF
:20D1E00040968000E097040B3106FFFF7FFF51991309C33F0E00090D23570D003D06021296
:20D200000080DAC70000E2259C0F6300610AEA1D63070D0080FF901C63570D00E051EA07DB
:20D22000F9001BF008350A407C376900023D80FFA21E6152E0570653B30D0A06FF00FD5763
:20D240002453E2051D561670B5051D56070063570D00E0519A65DACF0000821D3B3715007D
:20D26000E031C2159C0F6300610AEA353B3F190080FFEA1F8067C800D20523360C00BFFF6A
:20D28000D8FD230F0D00E009FA45DAD70000822D8067BC009A251D0E1840630F0100033067
:20D2A00080FFEE1FE051CA0563070500950D1D0E1670630F050023360400BFFF9CFD03F002
:20D2C000020D070D000D3BF72500010D230F0D00E009E205952547EA63EF0D00D51DDADFB5
:20D2E0000000E20D80676800DA0580FFD41F0052B5051D56070063570D00E051DA0DDAC799
:20D300000000AA0D80FF041F80673400D20523360C00BFFF44FD23F608000095029DB90749
:20D320000F9000004806FF7000527F00806730003306FFFF7FFF5309090D7F001D0E167052
:20D34000E051EA0F240B630F0D006C003B0F0D003CF65800010D6A08610A6C0040F61FFFFD
:20D36000080D6C0000520A08E039E2050798C699E699E10F000001880A98F3F60C00240E09
:20D38000A4F9C1F1618AB20D0095020DD2095F0AE131FB050708C609F209B305040D0151A6
:20D3A000419A649AB1ED7F00E039D24D0708C609E609B14D32060080E8FEF231910D01868E
:20D3C000FFFF3106FF7FF7FEF181D33DF505408EBFFE409E9FFEF131910D0186FFFF3106A7
:20D3E000FFFFBFFEF181F32DB505F331910D018EFFFF3306FFFF9FFEF389D325D505409ED7
:20D400008000F3319115019EFFFF3106FF7F9D00F199931D310600A00001F131D105118E2A
:20D42000FF1FF1998315019EFFFF1F0A8B0AE199A30D400E20FFE131810D3206FFFF21FFC4
:20D44000F299BB0500527F002A06046200807F008007210006384436C0012636902E20467A
:20D460001000BFFF96F9E051CA05015240063F00BF67ECFE409E00041309090DBFFF6CF039
:20D480000052D5F56437C501643FC9017F006407C5016407C9017F008007210024F7C501B5
:20D4A000E0F1D20521060B180080010D24F7C901E0F1B205030A010DBF67A4FE3306004023
:20D4C00000201309090DBFFFB4ED839F01000808E041B205E106010007300838094013488D
:20D4E0008007D8204456C0012A56A02E7F00BE07E130031E6CFF07E008D809D09A0044366F
:20D50000BE01440EDF0226361A46210EB08006E8A1E906360001A13180FFFE201D400A482B
:20D5200023360800203E000880FF4C25E051DA0D03F0040A1B301C4001D5030D233E080025
:20D54000204E000180FF0E24031E94007E06FF30240FD901E009FA0D24F6CC01000D249E90
:20D56000D4F9C600B3090C9AF30FFE028100D00A013107357F000606FC00F1056132D335D3
:20D58000060601FFA235E52D7F32F92D0636FC006E328B2D46001800120010001400180083
:20D5A00016001A00260026001200160026001D00200023007F000C32E5150A32C5150D3235
:20D5C000A515083285150B32E50D20361600B50D20361900850D20362200D5052036250092
:20D5E000A5050132BF076CFF7F0024F6CC01240ED4F90105030D7F0024F6CC01240EF8F919
:20D600000105030D7F008007E17080EF040006C824F6CC01020D00E520DEFF00E0098235E4
:20D62000FC09B20D21D7010001E0640FCD01E0D1C205FAC760F90AD80032063880FF4C0C50
:20D640003CD70500E0D1920DE0D9960D1930FAC760F90AD86457D501E0D98E153CD70900B8
:20D66000E0D1C2051930FAC760F94CE2240E88FAE1E1E0E7129B649FD10164DFD5011B505E
:20D680004006FF7024F6D4F90F0A009DE099B205A699019D029DE099B205A699039D049DDC
:20D6A000E099B205A699059D4CF2E10621007F00240FD901E009C205205602FF7F00240FAE
:20D6C000D1010152E0098A0D240FD501209EFF007F0AF30F34537F002457D9017F00243620
:20D6E000CC01003A20462001BF07AEF6210600809D0024F6CC010B0D090D010EFF3F0D0D72
:20D700000F0500527F00BF07E6FF8007E10006E801E280FF8A1C6152CA151DF0160D249F96
:20D72000E901D309170D24F6CC010C0D089D0F05E199EB051D30003A80FF1E1DA5051FE2F0
:20D740001C504006FF0080076100BFFFC0FF0AE80A30BFFF24FE1D5040067F00030A8007E1
:20D760000F08CAFD1E007F0006F0020D3306018262FF24F6CC010F05B3090D0D00527F006A
:20D78000030A80070F08CAFD1E007F008007610001EA80FFA21B6152FFEF045340067F00AE
:20D7A0008007610001EA80FFF61B6152FFEF045340067F0006F0029D2106008262FF24F690
:20D7C000CC010F0593090B0D090D2106018062FFA1990D9D00527F001F527F00030A80075C
:20D7E0000F08CAFD1E007F001F527F00249FCD01240ED4F9019618000052F299D205010EBC
:20D800006000E199BA0501527F007F009207E33006D0200E0040110D3C0600809D0024DEAF
:20D82000EC02200E200020EE03FF0FE51B48010D233E1C000142BFFF94FCE051DA0D243FAE
:20D84000F5011B3020462000073EA8FFBFFF8EF5E051E2054AEA1D30BFFF1EFDC52D240E3E
:20D86000EC0103F0030D200E0001050D240FF5011CE6004107E51A30BC09090D200E2000AC
:20D880001B48010D233E04000242BFFF40FCE051BAE5243FF5011A301B40204E2000BFFF5A
:20D8A00050FCE051F205200E0EFF6452E1EF24EBB5D51FEA1D505206FF30BE07E1F0031EE6
:20D8C00068FF06D824F6CC011ED62000064012ED1A30203E0001004A80FFFC1AE051B765EE
:20D8E00020E603FF1B30BFFFFEFB240FE5010A9EFFFFF309D10501CA0A08BD09950DBD0982
:20D90000410ABD5103F0A15107D5095502CA03F0050D24C6EC02200E200003ED1B30194004
:20D920001848010D233E0400BFFFA2FBE051CA3D1B30BFFFB2FB240FE5010A9EFFFF2336B3
:20D940001400F309B315AA09410A20EE00010106FFFEFD0F22E30A381C40BFFFF6F323362F
:20D960001400DC311A08BCE9850DBD09BD51410A8A09DA0920EE000101381D40BFFFD4F36E
:20D980001B301840233E1400204E2000BFFF62FBE051F2056452205E03FFEB07A4E3C50525
:20D9A0001FE2A50500E21C30BFFFCEFB1C50031E98007E06FFF02A06008002007F008807AF
:20D9C000FB0000EEFEFF06E026370100443EC001273E902EA639200E0340010D0305070644
:20D9E000EFFFB91D0706FFFBC90520EE0004A50DC7060F00CA0507EEF0FFC50507E884EA14
:20DA0000C4EA1D38843ABFFF94F11CF0000D82EAC2EADD09010DA50D0340BFFF78F2E0518F
:20DA2000DA050330BFFF2CFAE50D200E00403E0600EEFEFF010D060A030DE051B205BFFF8D
:20DA4000AAEA00524806FF00BF6714F9810E0080090D850540561FFF2A5711009D52CA565C
:20DA600001007F0064070D037F00A007E708D4FD8D0AB91D3E060EEAFEFF7008C10EFFEFEA
:20DA8000800C24F60C03000D410A010D24F61003000D410A010D000D010618FCEA0524F6A7
:20DAA0001403000D410A010D24570D037F0006F00052210600809D0086093306FC7E02000F
:20DAC000F309B10D21060060DFFEE13191152106FCFEDFFEE131C90D000DE009920D7F0A6C
:20DAE000F205C10EC0FF010680F8E25700007F0080072100BFFFEAFB40F6F9FF109D400EF6
:20DB000040000199119D149D0199159D1EF60802009D0199019D3E0678C0C4FF009D019917
:20DB2000019D40063F0080072100260600809E00463E63FF80FFDA17005240063F0080071C
:20DB4000210044462101260600809E002846B0D3463EFFFF004A80FF1218005240063F0071
:20DB600080072100030A80070F08CAFD1E0044462101260600809E002846B0D3463EFFFF04
:20DB8000BFFF5AF2E051D2050932BFFFC6F9B505BFFF20E840063F00800721002606008062
:20DBA0009D00403E010080FF6817005240063F008007E100064000E224EECC011D36200092
:20DBC000203E00011C4880FF0E18E051E71D1D362000BFFFDCFE6152BA15240FF101449E14
:20DBE000BE01339EB0F0F309B30D330600809E00F309EB055F0A640FE5011FE2E505073210
:20DC0000BFFF50F920E602FF1C504006FF00210600C09D0024F6CC010B0D090D0F05005246
:20DC20007F00800721008007090EC4FD24F6180303351E38010D8007890EC4FD26069000F2
:20DC400028FF20461000004A050D8007C90EC4FD070D80FF1617005240063F00800761002D
:20DC600044EEBF013DEEB0F01D30BFFF44FE6152FA05BFFF3EE71D30BFFFAAFFE50506322F
:20DC8000BFFFD0F8205602FF40067F008007610044EEBE013DEEB0F01D30BFFF14FE61524E
:20DCA000FA05BFFF02E71D30BFFF7AFFE5050732BFFFA0F8205602FF40067F0080072100DD
:20DCC000BFFF2CFB00326152DA052706900028FFC505270600809D0080FF100440063F008B
:20DCE00000527F00200E0303E10720287F003E060002F9FF009D400E40000199019D049D2E
:20DD00000199059D1EF600FE109D0199119D149D0199159DBF6F84E67F000052E031C20582
:20DD20000706E0FFD2052A06071200807F000A080198C29A13F0C8F1C699339F0100410A98
:20DD4000680A019DE1F57F008007E1F123BF21000052E041826D06C809C09800C6060300A2
:20DD6000DA052A0602120080E55D3D060080A0FF3D0FAD00810AD1053D0FAD00840AC94D65
:20DD80000AD8C525FBE62800D7E1DCE70000820D9C3F25001C3604001D40BFFF80FF3C0F69
:20DDA0000100590992159C3F25001CD604001A301D466000BFFF66FF9C3F25001A301D4686
:20DDC0002000BFFF58FF41DA9B00F8D9C1DD3D0FAD00810A890D2436A0FA203E20001D4000
:20DDE000BFFF3AFF3D0FAD00840AD9052436A0FA80DFC6003D0FAD00810AD1053D0FAD005B
:20DE0000840A890D2A060712008080379C00800CA50DE051BAFD3E0604E2FEFF80041F0AC8
:20DE2000800C80044006FFF18007E10007E000EABFFFBEFEE0E19215405EA1FF2B0FAD80DC
:20DE40002B06AC80A0FF810AD1052B0F0100840AC9053D060B1800801D504006FF008007AF
:20DE6000E11000E2BFFF8AFE80373E0024DE58033D060080A0FF800C1B30203E20001D4023
:20DE8000BFFF9AFE1B3080DF30003D0FAD00810A810D3D0FAD00840AC1053C0604520080DB
:20DEA0001C504006FF10030A3E0604E2FEFF800C1C9A809C6600203E20001D466000BFFFAA
:20DEC0005CFE7B0080070950008B8152BF0792FB80072100BFFFF0FF6152820D3E06008081
:20DEE000C5FF000D810E0200010D010A405E1FFF6B0F5500005240063F008007890E009A8D
:20DF0000810AE95700007F00400E0010405E1FFF6B0F55007F008007E10080EF0400E70E7F
:20DF20003000009A268F0100C40921F775FB210E50FB10956292CA0503921195019A31879C
:20DF40000900F039CA1526F70500E0F1C20D0182E099DA050E9DE099E19F1483109811958A
:20DF60000F05093D019251971400A5050F0521E72100E0E1D205E099B205FCC760F94006A7
:20DF8000FF008007E100E031BA1D24F719FB24E618FB000DE009C215020A010D06E8C50D3F
:20DFA0003C0F1D001DF0C2F21C30C1F1003DBFFF68FF41EA9D009C0F3100E1E9A1F540068E
:20DFC000FF008207E1F107C808C001BAE031EA3508488057DC00173880FF6C040AD862528E
:20DFE000D92DEA4630001C3019481738C44128EF75FB284650FB63C7010080FFE201E051BC
:20E00000DA1D9A0F1500610AAA0D3A0F0900E1D9EA053C0F0500E009E1EF34EB1A301D3867
:20E0200080FFF603E051AA0D1DF0030A17BD01CD03C50D050B050F0D0AB817504206FFF15D
:20E040008407E1F080EF040006C007D027DF250027F7150003E202CDE0C9E21D0330F9C7A7
:20E0600060F903F0000DE009DA1502951BF0000D1298C199028DD109E199A90DB289019D4A
:20E08000038D380F0100810F1500610AFA0500E2D505630AB20520E6F00063E218301A38E4
:20E0A000EA4700001C4880FFBA024406FFF024E618FB074024D719FB1C306A0006F0009D9B
:20E0C000E70E300093971500C409210F75FB61929A0D339F0900F339DA05029DE099F30FD5
:20E0E000340B215721007F008007E10001E2E031DA1524EE18FB07401D30053A1C4880FFA3
:20E1000046030A386252A90D24F719FB000DE009D2051D30BFFFA8FF0AE01C504006FF00C1
:20E12000E031EA0524F719FB000DE009BA0500527F00620A015AEB07B4537F008007E11073
:20E1400080EF0400E031CA3D24E719FB240E18FB3C9F0100E099CA3501F0149D02925C07E3
:20E1600015007C9F05000E9D1CF005950705940324F71DFBE0F1B2050F051105810F3100D0
:20E18000E009E21D33970100449AF2363000C43126F775FB263650FB09950F051105E106BE
:20E1A0001B00E031D20D26F7150008DDE0D9820DFBC760F9E051CA05020A7C0F01004006FC
:20E1C000FF10E041E25700007F0008F008F57108E14FFE0AE009EA5700007F00230F0100D5
:20E1E00008F00986FFFF097808F50072C1490E680996FFFF0D98E009CA354192A535048DC2
:20E200004182F181E09F149BBA05E099BA15F179D1250685F079AB2502850F70B171CE0971
:20E220000E98F09FFE02F09F2202EE99E2770000019AF191F10D0685F091CB0D029A0285F4
:20E240000188F08FFE02F08F2202E189E26F0000D5050685B1814182B00906851EF6100096
:20E260007088E089B205629AB1CD000AF279CB05629AE90F00000152E009E205E071C20598
:20E28000E069E25700007F008007E100E031FA6524E719FB24EE18FB1CF0000DE009F25D10
:20E2A000040D620AE00F120B990DE13E3000C43927F775FB273E50FB0E0D620AF205630ABA
:20E2C0008A0D1D30BFFF7CFDC5051D3080FF02031CF0000D620AB245049D040A010D247EAD
:20E2E00050FB629AA90DF39E3000CF99330F2500210F1D00E009FA2D020A050DBC971500AE
:20E300009D873100008AF091E09712931208410A81003D771D00F009E00F120B0198C29AD0
:20E32000CE99339F0000F39E3000CF99339F250033771D00E071E18F148BBA05F2098AED2C
:20E34000E089B20D33971D00E091F205950B330F1100050D030AA505020A010D4006FF002B
:20E360008007E10080EF040006F007880235009D009227F72500E031EA7F0000E049CA0522
:20E380000F050908F505090610FF020AB9050F05010A338709006282D9050E75E071E29785
:20E3A0000000937715006172EA1DE041BA05E091A21D030A110DE079A21562828915260F62
:20E3C0001D00E009C20D030A730F01001E382046300080FFB62166071D000092530714000C
:20E3E000020AC505620AA205110DE091C205029273970900E009EA0531E71D00E0E1A20DBA
:20E40000F505620AF20531E72100E0E1B205FCC760F94006FF0006F0000D0152E009A21597
:20E42000270F1D00E009EA0D030A010D040D620AC105270F1100050D020A670F21000052FD
:20E440007F007F0006F00A0D0CF5B50544F2440A219F0100E899B1FD00556252C10520563D
:20E46000FE007F00C8495F4AE849B105F349C3052056FF007F007F008207E1FF07C063472D
:20E48000010009B801AAE0318A5DBF5724FC023ABFFFB4FF0AC862528955EADE300023476E
:20E4A00001001C30023AC4D93BEF75FB3BDE50FBBFFF12FDE051EAB7000015A01C301B403D
:20E4C0001848023ABFFF06FDE051CA05E0B1EAA70000E0A1AA353BF71100170871983BF7C0
:20E4E0001900F30FFEB23A0F0500B6B9E009BA0506DDA50504DD9A0F1500610AAA0D3A0F55
:20E500000900E1C9EA053C0F0500E009E1EF34EB1A301D38BFFF02FFE051FA0D235F010018
:20E520001DF0020A17AD01C5075D03BD15DD05B50D050B050F0D0AA815504206FFFF840742
:20E54000E13080EF040007F012E502DA3C0F1500E009CA25260F09003C8F0D003C97090043
:20E56000009A0180850D917F0100418A419A417F0000410AF29981FD08956C88F297030006
:20E58000D505418F0000410A419AF299B1FD7C0709007C9705007C870D000AD53AD70100CD
:20E5A000E0D1F2050330FAC760F9230F0100B505200EF000E009DA057C07050001D8D50558
:20E5C000620AB20520DEF0001B504406FF308407E1F380EF040006C007D027E7250026B7C7
:20E5E00001003C0F0500E009A2353ACF25003AF7150002DA00BDE0B9B20D1A380330F7C762
:20E6000060F903F0009DE099E205629AA21D20DEF000F515020D19F0029D00DAA199039D93
:20E62000009DC199019D069DC199079D80578800B90D020DE009D205960F1500610AEAD5CC
:20E6400080577400B11D7C071900851D01D83C0F0900E009B215270F2D00610AC20D1830A1
:20E660001A38BFFFDCFE0AD862528A0D80574800F1F5C505BFFFCAFE0AD83C9F0900000A5E
:20E68000E099EA053C9F0500E099E20F0000E0D98A0DE009EA05960F1500610AE20714DBA3
:20E6A00062DA18301A38EA4700001B48BFFFB4FC4406FFF31CF0140D0C9DE1996A0040F656
:20E6C000F9FF140D409E40001E921309150D400EA0FF209EA50001F0039D019A019D019565
:20E6E000019D06F0009AA505419A1306F0D8D9FD009D015281070F980101029D81074F9881
:20E700000101049D81078F980101069D8107CF980101089D81070F9901010A9D81074F9923
:20E7200001010C9D81078F9901010E9D8107CF9901017F0000527F003E0670AF000100F536
:20E740002056F0001A9D8007090810F1C10E0700D2159E9A619AD105A20D629AE2057F002C
:20E76000C10A249EC0FAE505610A820DC10A249ECEFAD309E157FFFF7F007F008007E17031
:20E7800006C827EF250003E200D23D0F1500E009CA35870F0500610AC30D5B0A610A930D2A
:20E7A0000730BFFF92FFE051E21520E6F00085551DF0020D209E00020106FFFDF30F220BCD
:20E7C0000B9A649F7D03009D640F7903C100649F8503950D3D0F010024F67C0301E5050DB9
:20E7E0003D0F0500640F890324367C0380FF0E2A010A7D0F1500C52D07D880FFB629240F2B
:20E800008D03610AE205620AB22520E6F000E51D9B0F0500610AA30D5B0A610AF3051AE04F
:20E820003DD7050080670C299515240F79033D9F050001D0E199F1051DF00095A199039DAC
:20E84000C1910195E099E39F14E37D07150019F001E503D54006FF70900723001F0A010DD8
:20E86000030D050D070D090D0B0D0D0D0F0D200E1100640F9103BFFFC2FE0A3080FF022956
:20E880000330BFFF3CFE6457910361528A1564577D0324367C0380FF6429B50580FF142916
:20E8A000240F8D03620AB2FD610AC2052056F000850D80074F01608B80074F01808B00525A
:20E8C00050063F008007E17006C807D008E009E809F0640812DD610AE305640AE11D921593
:20E8E000660ABB1D249FA904209640000A0A640F7D031306BFFFF39732936497AD04A51DCF
:20E9000029F71100080A40D628FF640F7D03719887D1649FAD04E50D0930BFFF1AFEE0513D
:20E92000E205200EF000640FA104A565020A640F7D0364D78503DC060300BA159D9F0500F9
:20E94000629AEA0540963000F2E1E935A50D639ABA35409680009C91408E2000F191C92D4E
:20E96000249E9C030092B391000AD296030001F0D3F11F8A410A808B0106FDFE99FD240F6C
:20E98000A904010600FFD905200E0001640FAD04248FAD041208850D9C87010001F0D3F1AA
:20E9A00041E2410A80831280D181F009E1F5D39164978103D50D64E78103649A920D6A0A8E
:20E9C000B205620ADA05240FA904640FAD04240FAD0424367C03640F890380FF20281BF0A3
:20E9E0000C0D249FAD04D3090D0D010A0B0DA40709920900B9070F9000004006FF70800787
:20EA0000E11006D807E027EF2500020A640FA1043D0F1500E009BA1D1DF0020D6407A50490
:20EA2000003D0645640FA9041C48643F9503644799032436A004BFFF8EFE240FA104010621
:20EA400010FFC24D3D0F1500E009824D80FF64279C0F0500610AC3055B0A610AFB05240F8F
:20EA60008D03620ABA0580FF4A27240F8D03610A820D620AB235200EF000640FA104C52DB3
:20EA800024F6A804249FAD04000DB309010D24F6A0040295D3910395E0098215243F950399
:20EAA000244799031C481E30D339D341643F950364479903BFFF10FE95159C0F050064076A
:20EAC000A104E009920D650AF205660AD205610AB20580675E267D071500A40709920900E7
:20EAE000BB070F9000004006FF108407610006E80330BFFF0CFF03F00095029DBD070F9000
:20EB0000000044067F000606E0FFE105C232C43126578DF87F0000527F009007E1FF80EF3A
:20EB2000040003F006A0013D034D28CD0D050F05E7AE6C0009309032BFFFCEFFE051EA05E8
:20EB40003B06091200908007CC0104B036B630F715E0D6E10AD03B0602120090E0C9E207B1
:20EB6000B5013C0F490004C839CE14F8610ADA051BDE031A80073C013CBF5D008AC701009E
:20EB800090BAF8B9E2351730BFFF7EFFE0B98A0D1CF0200EFF00AE0C020AAFC4250DE051DC
:20EBA000009AF225F3E66C00D6E13C0F5D00E009920D0190D200120601FFC205900AF8099B
:20EBC000AA151C301638D53920466800BFFF84E19A0F01001CF0AF0C200EFF00AE0C020A79
:20EBE000250DF505419A629AE1DD1BDEFF1F956523BF0500BA0F01001BDEFF1917C0980012
:20EC0000E1C1E0DF02DBE0D9EA4D3A0F1100E009D20D39DF01009C3F5D001C30184081D955
:20EC2000FBC760F90AD8E051EA3D3ADF1D00390F01001C38184023361000A1D9FBC760F956
:20EC400003F0080D0ADD0D0DE0D9DA2D3ADF0900390F01001830A1D9FBC760F96152AA1531
:20EC6000030A7C0F49003A0F1500E009B20D39DF01001C30183881D9FBC760F90AD8E05170
:20EC8000AA153ADF2100390F0100233F01001C401848A1D923360800FBC760F903F0040D19
:20ECA00006DD0D0D2106FFFF0FEF5B091748B205204EFF003A0F0D007C4F5C000152E00994
:20ECC000820D39C701000930860081C1F8C760F9FC0F5D00010601FFB2056152BA1D9AF74A
:20ECE00001003A0F1900C2F2C4F17E07B104E009F20539D701001C3081D1FAC760F9200E37
:20ED0000FF001CF0AE0C240DAF04630ABA05020A250D230F190014F003DD010D5006FFFF4F
:20ED200001527F0001527F008407E10006E0880024F6DCFA000D07EE0C006742630F01003B
:20ED4000D20502556A42821DE52527370D00E031D2053D0F0900E009DA052A0602120090EC
:20ED6000A51D3D3F0500BFFF42E6E051CA153D370900043AE50D3D0F09002A060212008094
:20ED8000620A9A0D3D370500E031D205203E3800BFFF18E6230F01001CF00355010D4406BE
:20EDA000FF00BF57A6E2210608120090030D634AAB1DE7366C000498339E30F7080E0C0021
:20EDC000D33149000400070009000C0080FF2000C50D0052A50D80FF4E00F5050130BFFF9B
:20EDE000B8DAB505415600F0BF0724E280076100E031DA052A060A120080B515260F490088
:20EE000006E8610ADA052A06052C0080A50D003A20466C00BFFF82DF040A7D0F49000052C7
:20EE200040067F00E031DA052A060A1200807F0006F0240D610ADA052A06052C00807F0001
:20EE4000020A250D00527F00BF0716F0BE07E130031ED0FF06D007E808E009D80730040A3E
:20EE60000838430F0B000940BFFFC0EF21060B180080E151CA1523360B00233E0C0080FF14
:20EE8000B601E051CA0D03F06B48230E0C001A301D381C40010D03DDBFFFB0EE031E30003A
:20EEA0007E06FF3001420332003A0848BF07A0FF9607E37F06A0033D00AA3A061652008081
:20EEC000010515C880073E011C301D380340BFFF46DF230F0100E009E2072701E051E2077B
:20EEE0002101330610580080F351EA070F011DB8DCB901E800E2F709D15D85653D9F010060
:20EF0000210614907454E199CA551DF0739872083398D300F309DA4D820AC20ADD09210F04
:20EF2000FDFF3306BEBAA5E7F309BA45FD0F0B00E009B205620ADA3D23361800243E08FB8D
:20EF400020461000BFFF0CDE23361800BFFF46DBE051FA2D1DB650001DDE0400F505BFFF11
:20EF60002EDDE051EA251BDE1000160EF0FF1B30E1D9E1F51638BB3923460800BFFF16DDEB
:20EF8000E051FA151D365000233E08000442BFFF4CDEE051EA0DE0E1FDE724E3820DFC0F89
:20EFA0000900FD9F0900E199FDE736E31DEE540041EA170EA8FFE1E9A1A51C3603001C0A4B
:20EFC0001C3E580041314139A639E0E1921D0340BFFF44DE210610580080E1519A15FC0F26
:20EFE0000900F509D10D01A814301C3820465800BFFF60DD00D2C505E0D1EAD734D341CA12
:20F00000990019F0C3F2240E88FAC1F100E5E0E1D20502EDE0E9FA07B3FEE0D19A0D235F72
:20F020000500E059D205340F0D006B0F01001A505606FF7FAE07E13006D807E8E031D23DF9
:20F04000E039B23D860F0100640AF1352436340503382046580080FF3215020A630F0A00A4
:20F060000330003ABFFF4CFE0AE0E051AA25E30F0B00620AE21D030A1DF020D62000010D8B
:20F08000A4D31D360400033E10001A40BFFFC4DC200E10001DF0150DCCD31D362C00033ECD
:20F0A00030001A40BFFFACDC020A5B0F0000850D5B07000000E2C5053C06021200801C5028
:20F0C0006E06FF30240F9D05E009EF5700007F008007E13006E807E008D0BFFFEAFFE051ED
:20F0E000FA2524368C050A3820463C00BFFFAADC240EC4FDE0E9640FC505E2DF0000BFFF66
:20F10000B8E8E0D9F20DEAE1DA0D24F68C05010A01ED03E5050D090D13D580FFEE03005287
:20F12000850D0F3280FFD401205601FFA50501524006FF3006F0240F9D051F52E009920DFC
:20F1400000527F0AE205209E00FFE009E19F1E53E031D205240F9905010D7F007F0080070A
:20F16000E17006D007C824F68C05160D14ED0032A1E9200E000481E9BFFFBCFFE051B645CD
:20F18000240FAD05E009C20524D7A90501C8F9E9F9EF36DB24F68C051AED1C0D1A381D3013
:20F1A000BD09010E0004FB09FB0F36E31C40BFFFA2DBDCE9DCD1FBE1C90D2437C5059BE1F3
:20F1C0001A381C40BFFF8CDB24EFC505DCD1DCE924F68C051C0D019E0004F3E9E1EF32EBCD
:20F1E000140D1BEDDB09150DF9D9C9051908BB09B50500D21A08F9D964D7A905640FAD05CD
:20F20000E15700004006FF708007610000EABFFF56E8BFFF58E82106A0860100E151F305BD
:20F220000E3280FFD60020EE00FFD51580FFDC021D300638BFFF54F01D30BFFFE6EE6252C5
:20F24000D205BFFF7AEA6252EA051D30BFFFE8FEE0518EE51D5040067F008007E110E031C2
:20F26000F20D06E007D81C301B38BFFFF4FE0AE8E051B60DBFFF94FF61EAE2F5E50520EE2A
:20F2800001FF0F3280FF74001D504006FF108007610006E880FF74020032BFFF9AFE615272
:20F2A000A2FDE0E9B20D0A08E051CA057D0F0100D50521061A520080A5FD40067F008007AD
:20F2C0002100D50500320638BFFFC0EF0032BFFF52EE625282FDBFFFE6E96252C2F50032C9
:20F2E000BFFFA2EC00320638BFFFA0EF24F68C0509050505BF0700EC240F9905E009FA05D7
:20F3000024F68C05200E01FF0735090D7F0080076100074006380032BFFFAAEC0AE8E0512D
:20F32000DA050F0A640FA105C5050232BFFFCCFFBF0724FF8007E100240FA1056F0AAA15D3
:20F34000BFFF7CE900EA0AE01D30BFFFD6ED80375802640FA10561E2EA050332BFFF9CFFFE
:20F36000A50501EABF07F4EA80076100E0498A150848074006380032BFFF00F10AE8E051CB
:20F38000EF0F040B820D0432BFFF70FFE50500EA200EFF00640FA505BF07BCFE8007E10068
:20F3A000240FA5056F0AAA15BFFF14E900EA0AE01D30BFFF6EED8037F001640FA50561E23B
:20F3C0008A0D0532BFFF34FFC5056407A50501EABF0788EA8007E1F006D007D808E009C0AE
:20F3E00008F0140D169DB309070600FFC905C79EFF00B2051F52E52DE709B12D28EF3100F7
:20F4000007C888CAB5151A301D3820460001BFFF42D93C0F39001AD600011DEE0001019E02
:20F420000004F3E9E1EF32EB5FCAE0C9DAED61C2EA0D3C0F3900019E0004F3E9B105B3E9F7
:20F44000C1E91CF0160D19EDDB09170D1B50A50513504006FFF08007E13006F0140D169DB6
:20F4600024DFDD01B309880A620AE20F16EBE0E9922D06D00748240FE501C8EA1D98DB995E
:20F48000E199C305BB0901EE01001C0D18E51B30010E0004BC09FD09FD0F36EB1C381D4049
:20F4A000BFFFC8FE1AF01C0DDDE1019E0004F3E1E1E732E319E5DDD924F6CC0109DD0FED06
:20F4C000A5051D504006FF30000A01F0F0F744020498339E50FBD3F10AF5089A0095E09155
:20F4E000B205A691019544F2F3060D00410A620AD1ED7F008007610006E8BFFFCEFF1D30AA
:20F50000BFFF84E140067F008007610024EF9D051D0E0100610AE34561EAA20D62EAF21D52
:20F520001D06FF00B22D7FEA922D0132D525BFFFC2E524F68C051C0D003207050638190D9A
:20F540001B0DBFFFFAEBBFFF50D2E051CA05BFFF9CE0B505BFFFA4E002EA851524368C0559
:20F56000BFFFA6E0BFFF4CE17F52E25714EBEE05BFFF68E10A30BFFF82FD249F9905E09908
:20F58000B20D1D06FF00820D1D08D80A1309640F990520EE01FF003264EF9D050638BFFF96
:20F5A000EAEC40067F006252C20562E2EAEF000061EAEFEF140B6600B607E13006D807D0E7
:20F5C00008E000EA0906E0FFB905E041DA052A0602120080F51D03381D3080FF5C06E0513D
:20F5E000C20DD5151DF0C3F2DBF1003D024580FFA006E051CA0D41EA0330FAE9C1F51C38C8
:20F600002046200080FF3007E051C2052A06055200807606FF3006F0609861086350D89A88
:20F62000D00A13096298C89A019913517F0082072100890023970900644ABA0D08480740F9
:20F640000638920063970100003280FFCE07B5052056320042063F009407E1F007C808D05D
:20F6600009E083C7450000520AD80AE8950D1D08C609810F01001DF0C3F141EA840BE9E978
:20F68000F1F500EA9525233604001CF0C6F11B98989A809B1B98909A819B1A08BD091B982C
:20F6A000889AFC09829B83DBFC0F360B1C3E04001940DD411848630F0100BFFF74FF41DA68
:20F6C000DCE9E051BA05FAE9F1DD5406FFF086006432FA0507F0200E20000052010D7F003C
:20F6E000205632007F008007E3F306E807C808D809C012B514D583BF2D0000E2E031E20527
:20F70000E039C205E041A205E049E1570453F24546070000083080FF7C02E0518A45173089
:20F720001D3E1407BFFFAAFFE0519A3DFB9F05011388838AF1B1CA051A06DFFFA90502522B
:20F7400013808482800E00801090C192DB91F297FFFF4191E191E20541E2810A9C0066E25F
:20F76000C1F566E2E2570453A21DE0518A1DBC993DF60C07130EFFFF01CD84BB888C0B0D71
:20F7800007D51D3604001B3818401D4E0C0680FF4602E051CA050A0A5D0F00004006FFF38F
:20F7A000BE07E130031E50FF06E80152E031E2079D01860F01006A0AF2056B0A82152056A7
:20F7C000570080078401443280FF8002E051EA0775010B525D5700008007720126F6140775
:20F7E00074D8009D000A1BE0B3E15FE223F6E400C1F1410A8003680AA1FD000AB50D269730
:20F800000D0723F6E400C1F1C19192970100410A8893F309D1F5260F1907D309420AFB0900
:20F82000EB5D0608DB09A10F0B06010644FFFA55260F21071BD0C3D208929A099209869762
:20F840000D06E157C2085F0A81000191E191FA459D0F110706360C06DC311C401348630F1E
:20F860000100233E0500BFFFF2FDE0519A6D0A08B50D1D90C19101F0C3F1659892970D068B
:20F88000410A3299859BFC09D1F53D0F2107089A03F09A099309019AE19FC00065085F9ADE
:20F8A0005309850B0A08850D01F0C3F16598E099E4571453410A3DF61407009D028D1B908B
:20F8C000B391B1915E92F20981F5E0519A3D01F0C3F16508610AE00F040BE20D04528535BF
:20F8E00001F0D3F1D2F11C90B191C191C391B2970500410A88932396E400F109A1F59D4F2F
:20F900001107D389113E0800639F010012301240BFFF1EFDE051CA150A083D9F1507F30996
:20F92000F90D23F6E4001C98C199C1F1DD99939F0D066090F391E4571453410AF5EDE051D5
:20F94000D2056B52B2055D070000031EB0007E06FF30BE072100031E4CF923F63407089834
:20F96000008D6480074003F00638014D1348038D058523360C00BFFF70FDE051FA052336C2
:20F980000C00BFFF1EFE6B52B2FD031EB4067E063F00E031E21DE60F05010198849A0106AE
:20F9A00000FC820D010600FAD205010600F807529A15260F0101630A810DC19AC699F30FEF
:20F9C000FFFFC10600FCBA0508527F0000527F0001527F008207E1F006E807E008C809C063
:20F9E000E031E205E039C205E041A205E049E1DF04DBC21D0730BFFF9CFF0AD8E051EA151E
:20FA0000FCD705017DC705061D3019381A40834284D27D47020680FF3A061D301C381A4025
:20FA200080FF74087F52D20502DA1B504206FFF03CF60001003D72401D3600011C4863EF79
:20FA4000010080FF8808A5F58007E10006E801E2E031F20D0636000180FF4A090AE0E05189
:20FA60008A0D3D370506FD4703061D3880FF2206BF07AAE68007E11006E007E8DD0009D8C6
:20FA8000E031A205E041E1570453F2151D0600FC820D1D0600FAD2051D0600F80752DA0DFA
:20FAA00008381D40834280FFAA053CF6000101DD82EC1C30BFFFDEFE4006FF10A207C11082
:20FAC00043074000000A0180C28210889100C78911F060906198C381410AD892D09A12995C
:20FAE0006290C8921391639806F01299709F01000106F0FF99ED0035027D0465064D0698E0
:20FB0000088D0A5D0C750E450082FA8FC490F58FC4083209E78FC4682169830F4100010625
:20FB2000F0FFE105C20AC30921970100A5350156FEFFCA560F00C252C3512A970100013E19
:20FB4000F9FF01EE0100C1E60F00C73E0F00DDEE0F00EF97C4D8ED97C408C23A3B098A924B
:20FB6000C2EAC3392191C3E9273F01003D0F0100C2E2C3E1D239F90FC4E8EE0FC4503C97E0
:20FB800001003D51830A2A09C709C1917C970100830F4100C8690E400F505351410A430FEE
:20FBA00040000E082B0951092E09CD091068C26AC4692D6F81FC0B7011584182C169CD913B
:20FBC000FE9FC468F39FC4082D09EA9FC46821690F0833091288C9894C090C480A090F601F
:20FBE000CD0913780198D2991006C0FFF98D020DC699019DCF09030D040DCC09050D060D46
:20FC0000C909070D080DD109090D0A0DCB090B0D0C0DCE090D0D0E0DC8090F0D6206DF108D
:20FC20008007610006E8063E2000BFFF92FE5D07600040067F00E039922D860007F0000A54
:20FC4000E03182150198C29A0790D391C499339F81FD410A680A729F0100D1F5200E1C0080
:20FC600085150198C29A0790D391C499339FA1FD410A8100680A729F0100C1F5200E2000D9
:20FC8000E80BE003330500527F0001527F008007E17006E007C808D00152E031A24DE039E2
:20FCA000BA05E041EA4508E800DAC50D1C301938DB39BFFF0AFE1BDE40001A0EC0FFE1D948
:20FCC000E3F5E0E91D50D2359C0F6100E009DA0D1D06C0FFA90D1CF0329D1D08860AC60A3B
:20FCE000A1E9C199339DA5ED209E40001CF0A1993295FD99FD9F369B9300D3913395B3E955
:20FD0000F50D1B90D991929701001CF0C1F1410A8100A0935F9A5C0F600041DA9300E099FA
:20FD20009AF50106C0FFEACD1C30BFFFF6FEA5CD4006FF708007E17006E807C808D89B0082
:20FD400000E21CD0E031A205E039E1570453B265E0D9D205860F6900E1D9B3050252B55DF8
:20FD6000860F6100209E800001F0C6F1410AA09B8100460F60000106C0FFBA05BFFFA4FE06
:20FD80009D0F61000106C7FF910DD5151DF0C1F1410AA00381005D0F60000106C0FFF9F553
:20FDA0001D30BFFF7EFEF5051DF0C1F1A003410A5D0F60009D0F61000106C8FFE9F51DF083
:20FDC000329D480ADA03D9031390C392859ADE9B889ADD9B889ADC9B889ADF93DB9BD803A1
:20FDE000E00B1D30BFFF3CFE1A08A515C1060300FA0501F082F2C2F2DDF100D518E201F087
:20FE0000D9F1FCD78298410A809B58E28100FB090052D1ED4006FF70B607E130860007E8FE
:20FE200008E009D883D781000338BFFF0CFEE051DA0D1D381C400330BFFF56FEE051EA05ED
:20FE40001B381A400330BFFFEEFE7606FF30C800000AE809F90D80676A04C799F39F01005C
:20FE6000410AC100809CE5F501F0C1F2C6F18004410A010680FF99FD7F00BF07D4FF06F02C
:20FE8000005D026DC7060700EA070B010796FFFFF200A5055F92E091F70512F0C1F2CDF1BD
:20FEA0007008E00982FDC13A5F3A85751078C17ACB792FF6FEFF7108709812F0C1F2CDF1B7
:20FEC00070600188D08A1199EC09D2051388EC8FFE02951D808EFFFF0C70F1772202000A13
:20FEE000E091D705FE0FFFFFF10F220201509052CA71EE99AB0DE105EF77FDFFC100EE09D9
:20FF0000C3055F8AD10095ED009A130801F0C1F2CDF170501060B2615F620CF0C1F1F157CC
:20FF20002202DE00C1F2CBF17070D3510A98909ACA00AA7180749072B205419AD300410AF5
:20FF4000C1001270CE00EE09A3E5EF0F0100F309991D009A000A0CF0C1F1DE00C1F20188F4
:20FF6000C18ACBF1CD89F18F01007070CE89D3891198909A808C410AC1001288D100F109C0
:20FF8000B3ED6F070000103EFFFF0780F000F281EF8D7F00BE07E170031E7CFF06F007E08B
:20FFA000DC0000D500EA04CD1DD81A381C400330BFFF9EFEDC0E0700AA3DD5351C9EFFFF0B
:20FFC000F309F30F3693D2000180B281D0001C98B099D300128E0100F389F38F3673CE001E
:20FFE0001B98C51510F0D3F11288B389C1F2C18AC3F1D9897078F18F0100F17F2202CFE911
:02000004009E5C
:20000000EFE9A90541DA419AD300EE99C1ED01F0C1F2DAF180EC90EA1B98D09A410A13E9A3
:2000200000DAC1001C98C19AF30991CD031E84007E06FF708007E10006E807E0DC001C38B7
:20004000BFFF54FF1D301C38BFFF36FE4006FF00C800000A0898819AF309E91501F0C1F28C
:200060000898BE99C7999397FFFFB39FFFFFC6F1C89213918094410AC100D5ED01F0C1F276
:20008000C6F18004410A010680FF99FD7F00C800000AA51501F081F2C1F2C7F17098C19685
:2000A0000100C392F29F80000890A191C691410A529FFFFFC100E809E1ED7F009207E10005
:2000C00006E807E0C80007303D3F0500BFFFAEFD3DF70500010A7090630F0400020A018813
:2000E000C18AC389F19F0100018AE18FC000D100F29F2002F19FFC9AD505E38F210012985C
:20010000F198018EFFFF017AF17FC28801F0C1F2D300D100C3F1639F0200F1997098A1055C
:20012000D19901F0C1F2C3F1819C410A8100209E1000F309D1D5A3E5E30F230080097C0FF3
:2001400000015206FF00031EF8FDC900000A01F0C1F2239E0401D3F1410A800401067EFFDD
:20016000F9F5C90E0700EA071301B5551298C19AD3F1C6990178C17AC779F3870100EF9F7F
:2001800001004192D200F38722027098D181D099809C1388908A23F60401E99181ED097008
:2001A000C172CEF170981E6E0200D199809C909A819CE3970501E89F01011278F378E89F65
:2001C0000100CF00EF9F2202D2990192B5151298C19A1380C881F08701004192D200EF8761
:2001E0002202D1811388C389F19F0501D099719F02011388908AE991B1ED7098410AC100AF
:20020000D1997E9FFEFFED970100909AD299809CE909009AE00F120BA9151390B5BD019028
:20022000C192D2F11280C8817098F0870100C391410AC100B099B199729F0000909A338864
:20024000418AD10023F60401E909A1ED0908C10AC1F17098C309B199619F0000000A909A84
:20026000FA15950D80675C00C399F39F0100410AC100809CE909F1F5031E08027F0080670A
:200280004200C399F39F0501410AC100809CE909F1F5B5F55F420052E800E04196150808C7
:2002A000C10A01F0C6F1C7097098E10F0100E199EB570000FF5702535F42E051F2ED7F006B
:2002C0000198C19A13F0C6F16C008607E37006E807D008E0DC0012CD84E21C98C19A0696AB
:2002E000020320DE1F000195034D05CD000AF50501F0C1F2D2F1410A8004C100F30991FD9F
:2003000012F0D3F1010A800C1C380330BFFF72FB233F01001D301C40BFFF36FB1C3803304C
:20032000BFFF14FD233F01001D3600011C40BFFF20FB1D3E00021C400330BFFF82FDB5051F
:200340005FDABB00FBD78208810AB9FDE0D9010A961D1D301D381D4600021C48BFFFEAFD85
:20036000FBD78208810AD905800F3E00BFFFDAFD5FDAD5ED0198C19ADD99410A730700012B
:20038000C100FC0981FD010A7D0F0001800F1A00BFFFB6FD19301D381C40BFFFE0FA460689
:2003A000FF7000527F001D301D3E00011D4600021C486100501A63FF0D0063E7090063DFBC
:2003C000050023E6080063EF010080EF04005D0E62FF5D9E62FF210E32FC339E32FC06D8DF
:2003E000E199B20580FF04005D0E62FF5D9E62FF210E32FC339E32FCE199B20580FF040011
:200400001B3080FFAA011E3003F004E506FD00ED02DD06F0031E10007F001E5807F006084D
:200420000770C8712096EE0F008AC53D818A1198899AD105608841F2918E00FF608041F2D4
:200440001198819AE90541870000410A4192852D607841F2CF9EF000C49ACF7E0F0013819C
:20046000437A0198D099B299F091BF05139E00F00082E699B105E1998115EF818E1541076A
:200480000000419A410A4182D5F5936701004182419A41670000410AEF8186FDCF91D29662
:2004A000FF0FEEF1C1C50150A6510BF07F0000000608C65E0300CA2D2759CB5E0300CA3D28
:2004C00008708472D215A70709500000A70789600000073E1000A6070F500000A6078F602C
:2004E000000006361000EE062100C8460F0008708272E23D27570100443A665701004432C2
:20050000EE060D00C8460300BA3501507F00065808488059CB5E0300AB49A32D0767000025
:20052000413A466700004132EB060D0009402759CB5E0300E2C50848824AA21D87570100CC
:20054000A75F010087670300A76F0300EB57D0F8EC579070ED5790F8443A665701004432BF
:20056000E9062500C8460300BA0501507F00E041A20D0000075F0000413A465F00004132FE
:20058000E8060D0001507F00E1476009E6476071FF4760F9064807300938BFFF16FFFF6763
:2005A00060F9E6676071E16760097F00031EE8FF63FF150063E7110063CF0D0023E6100062
:2005C00063D7090063DF050063EF010080EF040006C880FF660040DEE0FE3BDFC1D6F50571
:2005E0003BD70100FAC760F93BDF0500E0D99AFD5D0E62FF5D9E62FF210E30FA339E30FAE3
:20060000E199B20580FF040080FF32001938023280FF060085055C1A63FF01006102005253
:20062000FF02440F0000D9050A3080FF12001F5223FF0100441A7F007F007F00405EE0FED2
:200640006B37C5D67F0000000070DFFE0000000070560000DCC7DFFE000000003405000012
:2006600010CDDFFE00000000B0090000C0D6DFFE000000007400000034D7DFFE0000000038
:20068000000000006CC7DFFE921D9E0040000000DCC7DFFED21D9E0000000000DCC7DFFE30
:2006A000D21D9E005103000006F0803B7F00800721001F000638870026060890C5FFBFFF57
:2006C000EAFFA0078508208B1F001C00F80F4020810E0001E1C72020F80F4020890AD1FD70
:2006E0001C00E60F4008C10EE0000106E0FFEA1526060CE2FEFF003ABFFFB0FF26060CE235
:20070000FEFF013ABFFFA4FF26060CE2FEFF003ABFFF98FF1F001C00D5058067160AF80F77
:20072000406840063F000498339E7807938F4D001190CD92F231D905015206088D0AE51D36
:2007400013F63C00049D1F0A0052CF9AD299F331F905B2318F3202521108C609F50D40968A
:200760008000F231B10D069DCF9A539E8000F331D905460E807F03528F0A670F00007F0063
:2007800080076100806796093D376900203EB3004636BCFFBFFF14FF3DF7610021068000B9
:2007A000BBFFC1F1000DC10E008001060080DAF540067F008007E13006E0806760093DF754
:2007C0006100400E450001DA3A063400BBFFA1F1FE0F8500E031AA2D400D870AB905BFFFB6
:2007E000A2FF3DF76100400E4500A1F1400DC10E0040010600C09A0D9E3F11001E36100082
:20080000C73E7700BFFFA4FE3D376900203E50004636BCFFBFFF94FE3DF761007DE73900B8
:20082000DAF11C0E00AAA80CA51D0198819AD115C19E8000AA15DEFF0000E19F149B6132CC
:20084000EA05619AC20520DE1000950D19053DF76100DAF1010595E520DE13001B50400677
:20086000FF30400E01006232E00F149B04F02106008000003EF67807E00F140B330D310DEE
:20088000359D7F00260F010004F03EF678070335050D260F0500070D260F0D000B0D260F03
:2008A0000900090D020A0D0D7F008207E130BFFFD6FF806768083D0F0900620AF20D630AC3
:2008C000E235680AE207F500690AE207130120561D007D57190080077E013D3711000338FB
:2008E00080D76A080338C1315F32BFFF3CFE61E2DA056152E2056252C20562E2DA0562526B
:20090000E1370433820D63E2EA07F10063520232EA07E90080D74408E2072F010132BFFF62
:2009200096FE61529A5D1DF0080DE54D3D371100233E020080D71608233E0200C1315F32E2
:20094000BFFFE6FD62E28A0D6252EA053D0F150001328F0AB52561E29A1D6152EA053D0F89
:2009600015000A308D0AA51D62528A151DF09D974D00089D0A0D1C30CD921288B389D309D5
:20098000B2098D8A8F0AD109950D63E2EA356352CA353D0F150002328F0A7D0F280080D71F
:2009A000BA07A2550132BFFF0EFE6152DA051DF0080D110DC50D851580DF8607DA0D1DF064
:2009C000080D410E28FF110D060D130D030A1B0D090A170D953D7D571900E5353D0F0D009D
:2009E000E009B20D3D9F1100130EC0FF01064FFFC105D3060F00D20520561100BF07D6FE87
:200A00000132BFFFACFC400EA1FF210FAD80C1061E00BA151DF008E506DD20D610005CE619
:200A200028FF9C3F01001B30BFFF80FC41DA41E25FD28AFD010AB505200E13007D0F19008D
:200A40000032BFFF6CFC3D5719006252CA05010A7D0F1D004206FF300498339E780733F7CD
:200A6000610021068400BBFF339F39000292C1F170087008C10E8100F309E19704537F00D5
:200A8000880004F03EF6780721063000BBFF080618FFC2050806E0FFAA450E9D2875619A0B
:200AA000EA35010E3400309D01960400128E040011860400C199107E04006172CA15730715
:200AC0000100300DD20961070100300DD10961070100300DD00961070100300DCF09610718
:200AE0000100D51D1F0A730F0100309DD299730F0100309DD199730F0100309DD099730F2A
:200B00000100309DCF99730F0100950D6172CA0561073000C505019A619F3000300D330635
:200B20003000BBFFD30961370100E039E205300D449AD309613F0100343508384636BCFFDE
:200B4000BF0768FB8007E13006D808D004E026EF01003CE67807E039820D3C376900870078
:200B60004636BCFFBFFF44FB1A40E0D1B21D1DF0610860983CF7690042EAC80AD3095EF62F
:200B8000BCFF800C3C0F0900620AAA0D3CF761002B068000BBFFCBF1000D8B0A81FDE806CE
:200BA00031007BEF01004006FF30FF3044F600003EF67807309D21068000BBFFC1993397B6
:200BC00001001208900AB955330F010001520188818AF12D0188828AC12D0188848A912D32
:200BE0000188868AE1250188888AB1250188928A812501888F8AC1050188878AC905205654
:200C000013007F0001888E8AF90D040D208E1D00620AE18F14536A0AA2056C0AF15724532C
:200C20006D0AF205950D8D0A990D040D6C0ACA1520561D007F006152CA1D040D6C0ACA0DF7
:200C4000D3C75400E215330F590020561800410E20FF090D7F0012088E0AC9052056170076
:200C60007F008D92E905205616007F0002527F007F0080076100806FFE04570A630AEB07F2
:200C80000B01410004000E003D004A00BFFFCCFD6152EA071B010A0A7D0F2D0080071001C2
:200CA0001DF0040D1035003A630A9A1520462000BFFFD0FD800F6E04BFFFF0F9FD0F29008D
:200CC0001DF05F0A940C0C0A170D9575620AFA0D2046E800BFFFACFD1D362400203E80003D
:200CE00020464000BFFF60FE0B0AF5D520464000BFFF90FD083A1D3624000740E5051D3625
:200D00002400003A20464000BFFF3CFE800F1604BFFF98F90C0A95C5BFFF94FE6252F24534
:200D2000019261529A2D3D0F0900620ADA0D1DF0100D0A9D088D010E0001D199F309C91D3C
:200D40000A9A179DE515630AFA15FD0F2900E009B2150A0A1DF0170D9D9F4D00100DCD9A8E
:200D6000F309C905010E0020C505809E0080D3097D0F210000927D57310061928A1D003226
:200D8000BFFF34FA0D0A958DBFFFD0FC6152FA0D1DF0180D029A17050F050106E3FFE49F80
:200DA000049B1B9D0D0D0A30BFFFBAFA40067F008007FB1070AF000106D800F580675E0384
:200DC00060851088958A7D8F4500629D838290005D874C00D300859A7D9F49001A958007D5
:200DE000090810F19E92F2960700C10E07005F0AC191660D5D974D0081000106ABFFE20FBA
:200E00000000D199C382C59AD099808E00807D0F55007D8F4100130600F8810D120E1C00C4
:200E2000008A7D0741005D0F4D00640DC100CA0AB1097D0F3D00E089CA0520E61200852D1F
:200E40000132BFFF20FA02E220368000BFFF68F96152B2150A06EDFF9A1D3DF761002106C5
:200E60008400BBFFC1F17008C10E8000010680FFE10F149B7D9F39001B30BFFF0AFA1DF027
:200E8000030A19E517E51B0DB50520E61D00BF0712D08007E110806FDE025F0A660AEB078C
:200EA0005F023C061400BBFF4100070027003D009D00A600C300FC0080DF8602EA05020A31
:200EC0007D0F2D00800752020A06EDFFEA07AF01020A1DF0170D200E80001D0D300DDC09AA
:200EE000E10F7100C10E8000010680FFE2072B02010A1D0D80072202BFFF60FB6152EA0709
:200F00001902BFFF7EF83D0F610001060080E2050232BFFF50F9010AC5D50032BFFF98F807
:200F2000030AF5CDBFFF34FB6152EA07ED013D376100DC3106F06038C73EEE0080DF2A0275
:200F4000E2074F010232BFFF1CF93DF76100200E01B90132DCF1A20CBFFF0AF93DF76100D0
:200F600020DE03C40232DCF1A0DCBFFFF8F83DF761000132DCF1A0DCBFFFEAF83E0600B0DC
:200F800000013E0FF90F1C9EEC1FC20A7D0F59003E0FFD0F7D0F5D003D0F6500D30901961F
:200FA0000010E505009D44F2619F0100440AF209A1FD0232BFFFAEF83DF76100200E00B968
:200FC0000232DCF1A20CBFFF9CF83DF761005DDA0132DCF1A0DCBFFF8CF83DF76100DCF124
:200FE000A0DCE51D80DF5A01E50F040BF207D5FE1DF01955F545BFFF62FA6152EA071B015B
:20100000BFFF80F73D376100DC3106F06038873E110080DF5401F2050232BFFF48F8040A6A
:20102000BF07A0FE0032BFFF8EF7060ABF0794FEBFFF28FA61528A753D8F6100200E01C4BD
:2010400000921CF0D1F1A00C3D0F65003D9F59001EF640001CE6EC1FC199DC99D505E1872C
:20106000010002E2D091DC09F309A1FD200E00C4800C3D0F5D00E191820D200E1D001DF02B
:20108000190D080A170D854D110600808A0D0132BFFFD2F70032BFFF1EF7E53D070ABF073C
:2010A00022FE010A7D0F3100BD0F4D00049032961CF8C10A01F0D2F16098E099D205FD8F6C
:2010C0000100F199E205200E12007D0F3100C51512F0C1F161D80232BFFF8AF73DF76100D2
:2010E0001BDE001E0132DCF1E8DCBFFF78F73DF76100DCF1E8DC080ABF07C8FD1DF0180DF3
:20110000029A0D0D610AE205019A0106E3FFE49F049B1B9D17054006FF1004E83DEE780762
:201120006C003D376900203ED0004636BCFF6100F80F4068810E0200E1C720686C0020366E
:201140008000BFFF72F661527B00BFFFDCF51DF00A35080D0AE07A00BFFF0AF73D0F190043
:201160000106EFFF7A00BFFF42F53D0F6100010600807B00BF67A6FF3D0F2D006D00800724
:20118000E13006D0BF6796FF1DE020DE6C001C30003ABFFF16F541E2FB060B001DF0010AB0
:2011A00080D41D050F05290D2B051B0D4006FF3080076100BF6766FF3DF70500E0F1F2151E
:2011C0003D0F3500630ABA15000D610ACA05BFFFC4FCD50D3D0F1D00620ABA0580FF100187
:2011E0003D0F1D00610ABA05BFFF8AFA3DF705003D0F1900090D40067F008007610006E8CB
:2012000004582B0FAD07640ACA0520561D009525269F010020561500619AEA05610A9A1D9D
:20122000BFFF90FBE515630ABA055F52A515620A8A155E9A619A830D5A9A619AD305659A80
:20124000E3054552E505BFFF64F6B50580FF0C007D57110040067F0080076100BFFF28F65A
:20126000BF67BAFE3D0F1100409E20FF1396C002F209C11D3D973D000132529620FFF209AC
:20128000D10D3206C00230FFF20981153D9F41000232539E30FFF309990DBFFFC8F53D0FDC
:2012A00019000106E3FFB21DE505200E1D007D0F1900D51520368000BFFFFCF46152DA0D7B
:2012C0001DF0080D110D060D130D0E0A170D020A190D030A1B0DB5057D5719003D571900A4
:2012E0006252BA057D571D0040067F008007E100BF6F84FE6E0A8A0DBFFF60F76152EA07E5
:2013000005010F0AA56D6F0ACA4D3D0F09006C0AE21D6B0AF22D3D372100209E10006D0AD4
:20132000E49F14E30638DC395F3A2046E800BFFF52F781E21D3624001C401C38BFFF08F8AA
:20134000BF0FE2FDBFFF64F3C1E2B5251DF00A9D080D10358096008020467100C19906086B
:201360008F0ACF0AD209A699A609F309F30F36E3D50520E64000204620003D3721000638A2
:20138000DC395F3ABFFFFCF6BF0F9AFDBFFF1CF31DF0100DDC09110D200E1000170DA53554
:2013A0000106F0FFDA1DBFFF06F86252B22D7D5731006152DA0D1DF00A0D089DD309109D00
:2013C000E199E9050F0A170D020A190DB51D0032BFFFE4F3200E11007D0F2D00B515BFFF1D
:2013E0007AF66152FA0D1DF0180D049A17050F050106E3FFE29F149B1B9D0D0D0A30BFFFE0
:2014000064F44006FF000000E0C7DFFEFCC7DFFE38C8DFFE64C8DFFE6CC8DFFE78C8DFFEF7
:201420007CC8DFFED8C8DFFEDCC8DFFEE0C8DFFEE4C8DFFEE8C8DFFEECC8DFFEF0C8DFFECC
:2014400024C9DFFE28C9DFFE30C9DFFE34C9DFFE38C9DFFE3CC9DFFE40C9DFFE48C9DFFEB0
:201460004CC9DFFE54C9DFFE58C9DFFE5CC9DFFE64C9DFFE6CC9DFFE70C9DFFE7CC9DFFE2C
:2014800084C9DFFE88C9DFFE94C9DFFE9CC9DFFEA0C9DFFEA8C9DFFEACC9DFFEB0C9DFFE3C
:2014A000B8C9DFFEC0C9DFFEC4C9DFFED0C9DFFED4C9DFFE3CCADFFE40CADFFE50CADFFE4D
:2014C00054CADFFE68CADFFE6CCADFFE70CADFFE7CCADFFE80CADFFE84CADFFEB0CADFFE0C
:2014E000B4CADFFEB8CADFFEC4CADFFEC8CADFFEE0CADFFEE4CADFFEE8CADFFEF4CADFFE1C
:20150000F8CADFFE50CBDFFE54CBDFFE60CBDFFEA0CBDFFEA4CBDFFEB0CBDFFE333333317A
:2015200031313131313131313131313131313131313131313131313131313131313131318B
:2015400031313131313131313131313333333333333333333333333333333331313131314B
:2015600031000000000000007F00A1EDE4ECED33861DE39FF73B94359698796756D6BA2BFE
:20158000C542E03A5FDFD767ED49D471658376E2CA8FA2B463743D1D4F1AEC326E91B435A4
:2015A000128B34ADDA6073AA3E33E37C724605B8569E5A8AFCFDE08A4B18F4B0BE1525CD0A
:2015C0008FD715EC7D874B59B8AA881826F0D6B0DFA5D0F91906014541C54ED91A6F7FF384
:2015E000C6361098490A9FEE896D90F36B64D8C10E2EC04FAE05B14702B1A5ED25D244050B
:20160000E70ED507CF4C1A6EF968E17A91BF409B4D67F8893054EF85C9E28CB2E4BF6971DC
:201620000D600AD7522D62E97B1341DD8F883747B8B1CA1A1B9840ABF81190063F8AF3BD4E
:2016400013A443A716B4F8C6EFB419E08FE05DDAE9FCB0C4D85424B39D4F79DBA1BAC7B3AE
:201660003488F0FFC94E9C3F7E8100010001000080FF2205402E9E00252E00C0E5172008E3
:201680001F2A80070F2FD5FD80074F28E8FD202E2000E52F2000E00760012A50E251E20707
:2016A0002413202E01004026E0FE2426DCC7E029D20D4056E0FE2A5650CF4026E0FE2426EA
:2016C000DCC7A551CA2180070C000426004004260040402EE0FE252E3457401EDFFE231E79
:2016E000FC6F1C0A41194036DFFE263600600350A65182524152250611111111662F01003A
:201700004432EA060700BF071AB78007E1703C0670C6DFFE80EF04007CEF01003C06030074
:201720000080FC2F200802500012249F21F7440EBE0100EA210EB0530AC81DE0E199931579
:2017400044EEBF01440EBE013DEEB0F0210EB0F0A1E940F61FFF080D409E20001309090DC9
:201760000A3080FFC80044D6BE013AD6F83644DEBE01DDD13BDE3437DDD9F505003564383D
:201780000445BFFF14B641E21CF0ECF74202DAF1FBF1D1F544D6BE013AD6343744DEBE0170
:2017A000DDD13BDE3437DDD900E2850D023D00350445DD39BFFF9CB541E21CF0ECF7420295
:2017C000DAF1FBF1C1F544D6BE013AD6343744DEBE01DDD13BDE5837DDD900E2850D023DA8
:2017E00000350445DD39BFFF34EC41E21CF0ECF74202DAF1FBF1C1F519301D3880FF920104
:2018000080FFAC018007610044EEBE013DEEB0F0A6E9FD1F2008E55740002B0600800000F8
:201820000B51EA2F200040067F008007E13006E804D83BDE30F71B30003A2046D800BFFF2B
:2018400058B5000AE1F66C00019A410ADBF1259D2705620A81FD04D03AD618F8E0E9B21D18
:201860003DE701001D3E100020466800DCE60100FC366C00DB31BFFFDAB41DF0040D0458D7
:2018800004607AE701006B0F0DF8060D6C0F09F8010AD505030A7A0F01001D0804586B0FFD
:2018A00011F84006FF308007E13080EF0400BFFF4CC6240F25F704586B572DF7E009B2059E
:2018C000BFFF28AC80FF26040AD0E051AA0D40F61FFF080D409E00041309090DBFFF0CAC18
:2018E000440EDF0204E0210EB0807C0F15F83CE614F880FFFC0080FFA20244360000443E12
:201900002101263668A2273E688580FF3C03E051F20D80FF80023C0F010024DF25F75D9E98
:201920000000339EEABB930981D9FBC760F961D2FA0D80FF3E003C0F010024DF25F75D9EC3
:201940000000339EF2AB930981D9FBC760F93C370100BFFFA2DB3C0F010024E725F75D9EEB
:201960000000339E8EAB930981E1FCC760F985058807230001050305050507050330BFFFF2
:2019800014B1E051B205BFFF62AB48063F008007610007E8E039CA05BFFF0CAAB505BFFF97
:2019A00012AA1D3080FFA60040067F0080076100BFFF4AC53D0610001FFFE051CA05010A03
:2019C0007D0F45001DF0000D330600FF3F205309010D400EFFFF1D0D80FFBE02E051E2054E
:2019E0001DF0000D810E0002010DBFFFBCFE80072100BFFFA4AD049A0AF0F3F7FC02440E2D
:201A0000BE01210EB0F04496BE01C2F2C1F1329620470498A191339EB0A0000AF505008D8A
:201A200044F2440A738F0100449AF20991FD04582B3715F8BFFFD0FD200E03403E0600EEBF
:201A4000FEFF010D030540063F003E0610A0C5FF000D40964000409E0C001209010D040DEF
:201A60001209050D080D1209090D0C0D12090D0D3E060002F9FF000D1209010D1EF600021B
:201A8000000D1309010D080D1309090D0C0D13090D0D100D1309110D140D1309150D180D9E
:201AA0001309190D1C0D13091D0D200D1309210D3E0600A6C5FF000D1E301309010D3E0687
:201AC0000004F9FF008D400E00800189018D048D0189058D088D0189098D0C8D01890D8D78
:201AE000108D0189118D148D0189158D188D0189198D1C8D01891D8D208D0189218D248D0C
:201B00000189258D288D0189298D2C8D01892D8D308D0189318D348D0189358D06F0008D02
:201B20000189018D048D0189058D088D0189098D0C8D01890D8D8007890D00F206F600FE65
:201B4000120980078F0D00F2010A80070F0948F080070F0B48F1008D1389018D048D1389B5
:201B6000058D1EF610FE009D1299019D049D1299059D3E0678C0C4FF009D1299019D3E0674
:201B800000E0FEFFA003940B210680380100010D7F00E00720287F0080072100BFFFF6FFB0
:201BA000E00F202821060060DFFEE1072030449E0000339EB0A01396FFFF1C0A4191F20FAF
:201BC00020302096DB00F21720304199F3272030449E0000339E65A24199F32F2030209EC3
:201BE000ED00F3372030449E0000339E68A24199F3472030449E0000339E1FF7138841892F
:201C0000F14F2030208EC900F1572030419A4199F3672030410EE0FEE16F2030F277203040
:201C2000210600819D00E1E72030210674FD9F00E1EF2030200EFF00E1F72030BFFFA8C075
:201C4000005240063F008007E10006E8C63907E6FFFFE6E1B30D21060060DFFEE131E1058A
:201C60002106FFFFDFFEE1E1D3052A06021200809515BFFF20FF1C0A41E9FD87203041E137
:201C8000FC8F2030200EED00E1972030BFFF58C000524006FF003E0600E1FEFF01050305E9
:201CA000020D209EFFFC3206FFF30FFF0052810E0100030D000D810E0F00010D060D060D53
:201CC000060D060D060D060D060D060D000D5309810E0001010D020D520940961000120920
:201CE000030D000D5309010D7F0080077B0000EEFEFF440EC001210E282E21977901209E69
:201D00000340019D3306AA5555AA030500EAF391EA3521978501F391AA3521977D01330606
:201D20003C3C3C3CF391BA2D21978101F391FA2544F6BE013EF61452609881974100F39103
:201D4000EA1D6198A1974100F3919A1D6398A1974300F391CA15629881974300F391FA0D16
:201D6000029D210F4500F309AA0D4436BE012636B053BFFF3CBD6152E05714EB200E0040F6
:201D80003E0600EEFEFF010D060A030D1D5040067F00FB781EEEF0283C1E28287D14F8F0FA
:201DA000A028A02850FFF0B2F6F3F0FDFAE0FB301826031E7F0F180C0C0640203403BF2826
:201DC00014201010080001500D283A0578285001F4F59EEDF134CADFFEDCFFECF3D021C83E
:201DE000F4FF210F330FEDF15C0F0FE1FE7717060FEDF2D4CF9DEDF2E9D87704EDF1DC7739
:201E0000001AD09D1F000B01000070019300990255B09F0450EDF090EDF00DEDF05102EB07
:201E2000F49A01B60104EDF008EDF05510EDF020EDF040EDF080BA04B708090F9A01007A10
:201E40008F008EFA8F00A08F0028D39D002C5AF700DE8F0096D17800807800B2D60082ED5D
:201E6000F1071180020D13607A4C00A0980300E0FEFFD1017ECA0126DB9D008CD77803D50D
:201E80003E3710A03B106037105CDC544413EDF1983718063B10463B10A55C3B14B037105A
:201EA000EDF10E4F100A2C3B14EDF10CD878038C4F18EDF149E83B143619683B10821180AF
:201EC0003B1495BA8F14B43B10D883188211DCBE3B110430FF003EEDF04264EC14EBF4FF04
:201EE000022F102A780022215F3C002800142B20A02210B150A9002A23EAF5010FE40320DB
:201F00004FED9D00244F20E6F9284F20FDA24F208CFECBF8EFECFFD1A47ED5D191BA927FB5
:201F2000EC9818D5DFFE307B2079607B20E9F6CBDFFE148F200D288F20B286E4FBB605ED27
:201F4000F1C60155C0EDF015EDF0308F20508F20F9708F20EAF560D6DFFE6854F3F49A01BF
:201F600003EDF2200122808F20D5A08F20C0CB2890D728FFFFFD7F01209F003F0028FF8186
:201F8000FF1B311020B601BE05A629E22310F2D502401B34E2FDEAEA9D001B7CE780075863
:201FA000E8542BB502BE05149300D60001D903801532523F643FFC763FD037982F8A42910F
:201FC00044FF3771CFFBC0B5A5DBFFB5E95BC25639F111FFF159A4823F92D55EFF1CAB983B
:201FE000AA07D8015BFF8312BE853124C37DFF0C55745DBE72FEB1FFDE80A706DC9B74F19A
:20200000FF9BC1C1699BE48647FFBEEFC69DC10FCCA1FF0C246F2CE92DAA84FF744ADCA953
:20202000B05CDA88FFF97652513E986DC6FF31A8C82703B0C77FFF59BFF30BE0C64791FFC6
:20204000A7D55163CA066729FF2914850AB7273821FF1B2EFC6D2C4D130DFF385354730A49
:2020600065BB0AFF6A762EC9C281852CFF7292A1E8BFA24B66FF1AA8708B4BC2A351FF6CA6
:20208000C719E892D12406FF99D685350EF470A0FF6A1016C1A419086CFF371E4C774827AA
:2020A000B5BCFFB034B30C1C394AAAFFD84E4FCA9C5BF36FFF2E68EE828F746F63FFA57837
:2020C0001478C8840802FFC78CFAFFBE90EB6CFF50A4F7A3F9BEF278FF71C6D89E05C10707
:2020E000D5FF7C3617DD70303959FF0EF7310BC0FF1115FF5868A78FF964A44FFFFABE67AC
:20210000E6096A85AEFF67BB72F36E3C3AF5FF4FA57F520E518C68FF059BABD9831F19CD12
:2021200003E05BC3E184B8D9630AC120BD31201C2C9BDFA40E21CC5A9233F1736A23C0F328
:20214000B70B883A15E5F25CD4E4E085430EC4A55BFD26BAFB881DC26C41565C9117AABBD6
:2021600093FA6487070A1432000000005B038CECFD835D970245391E1283A6A473C7CE328F
:2021800006D0B4E415D89A724BE9649D360E76DAF5F67F4DBB1C2936EFF2D3348FDB3F127F
:2021A0008BF07C403E74261478B553D52E396B890E939AF9107B8B870AC3D2127E9628E8A6
:2021C000FF8D8467D3E2AB445A6F1FBCC6005FA40706CE45509D952AB081A84C21902ED3D4
:2021E0005EB09FD3B990C8BB0DE416FD769783D488EB4DF6D4B0C9D93F40400A6F7EE39521
:20220000B2B75D208319F1ECE2F16CB62F516E0CBC2A3625A6D32B5591C17946A352A76D1C
:202220003B8E1688B708BCDDAA1630B6057CEC7462C09C7DE389B9DAA03F35E3383D578ECD
:202240006D370946AD92EC2457102FFB86C382464AA5A5BE7E6121D43148E8EF401F931F13
:20226000E85AD604EF6A5A36C483988A75E3EA8AC8D4319282A7A8889F18750922C691FAC4
:2022800087DCC9EBA4555B896D6294208BD081CDDC4B4B37C5A615DEFD4334F0AA5555AAB5
:2022A0003C3C3C3C3C3C3C3CAA5555AAC3C3C3C3C3C3C3C3C3C3C3C3C3C3C3C3C3C3C3C304
:2022C000C3C3C3C3C3C3C3C3C3C3C3C3C3C3C3C3C3C3C3C3C3C3C3C3C3C3C3C3C3C3C3C39E
:2022E000C3C3C3C3C3C3C3C3C3C3C3C3C3C3C3C3C3C3C3C3C3C3C3C3C3C3C3C3C3C3C3C37E
:202300008007A43D8207E10000EAEBE74010E0076001208EE000F15F2010E087600126F7A4
:20232000010026871D002A9DF099BA0D04EA0640630701001D30013A004A80FF1803B50DEE
:20234000419A2B9DAC0424F6E0CA009526770D000E910195FC5F20101C001D504206FF0097
:20236000EB8F4010E0076001209EE000F35F2010E087600140F6E0FE3EF741FF268000F53F
:20238000FE9759005091AC94F15F20101C0000527F0024F628C80085E081FA0DEB8F401000
:2023A000E0076001207EFF00EF5F2010E0876001405EE0FE6B8F85FC0095419201957F007E
:2023C00024F628C80095E091B20D5F9201958A0D4086E0FE308785FCF05F20101C007F001A
:2023E00006F0EB974010E00760012036E000E65F2010E087600100F5009D679F0100F25F70
:2024000020101C0000527F0006F0EB9F4010E00760012036E000E65F2010E087600100957F
:2024200027870100328F01001130B031678F0100F089910D069068970100F35F20101C00C7
:2024400000527F000495C6914192E5F506F0EB974010E00760012036E000E65F2010E087EC
:202460006001008DF18F5900678F0000F25F20101C0000527F004056E0FE2A573DFF7F0081
:202480008007E11006E0EBDF4010E00760012096E000F25F2010E087600100EA80FF6A05C5
:2024A000E051C2053CF7050006EDFB5F20101C001D504006FF10EB974010E0076001207ED9
:2024C000E000EF5F2010E087600106F0048D0085E089F20570970100F191F1972293E50DB1
:2024E00024F6ECCA0075E09170770100FA05269F0500006DED99A305019DF25F20101C009F
:2025000000527F004096E0FE329741FF06F0005201957F008007E11006E0EBDF4010E00771
:2025200060012096E000F25F2010E087600100EA80FFF604E051C2053CF7010026EDFB5F5F
:2025400020101C001D504006FF108007610006F002EDFDC760F9005240067F008007FB10DA
:2025600038FFDFFE405EE0FE6B0741FF4066E0FE6C073DFF406EE0FE6D0745FF0105009507
:202580004076E0FE407EE0FE4086E0FE6E974DFF3D0654FFDFFE1F8A3C0650FFDFFE6F0716
:2025A00071FF700769FF7D8F11007CEF010003507D5701003D0674FFDFFE7D07010080FF84
:2025C00030093CF701003B066CFFDFFE7D5701007B0701000505070503500AE880FF7A0950
:2025E000404EE0FE3CF70100294FF9FEAAE97BEF0100260688FCDFFE014D203E700180FFA5
:2026000076012606F8FDDFFE203E280080FF68012606FCFEDFFE203E2C0080FF5A01260644
:2026200028FFDFFE043A80FF4E0126062CFFDFFE0C3A80FF4201260678FFDFFE023A80FF13
:2026400036014006FF100032203EE8030640800772028007FB0020FEDFFE8600239F0D0060
:20266000EBE74010E00760012096E000F25F2010E087600124EE18CB3D8F0100E089CA0D0F
:2026800001827D870100013D0345054D079D80FFC8EE7D070100FC5F20101C004006FF0090
:2026A0008007FB7028FFDFFEEBCF4010E0076001206EE000ED5F2010E087600100E5806655
:2026C000FFFF24D6D4CA1AE841E2ECE1E0E716E301E53B06C0309E00A5353D5F0100E0594D
:2026E000C22D3D570500EAE18A2DFB3F0100C7F60700C20DC2F22906902F9E00C9F10035D3
:20270000C73EF807833A80FF7E013D8F0900E089A2153D7F050040360100B131CF89E67934
:20272000C9057D8F0500950D40360100A6897D8F0500B5057D07010042DA4CEA1A9E0C000C
:20274000F3E9C1CDF95F20101C0000524006FF7006F00095048D329701001198B299E7990A
:20276000C1051288C789C505C791418A9289688F01007F0006F0C505800341F25F3AE03902
:20278000CAFD7F008007E11006E89D00EBDF4010E00760012096E000F25F2010E0876001AF
:2027A00024E69CCA3C8F0100E0899A1501827C8701001D3080FFBEF87C070100E051CA0538
:2027C0001D06F0FFC2051D3080FF6C01FB5F20101C004006FF108007610006F0EBEF4010E4
:2027E000E0076001208EE000F15F2010E087600104852496ECCA00F5E081B20500EDC505FE
:20280000007D727F0100E0E9BA0D326F01004066E0FE2C6739FFED61B30580FF6E05FD5F74
:2028200020101C00005240067F0006F0C700EB5F4010E00760012036E000E65F2010E08784
:2028400060010095027DF28F5900F2875B000789728F5800EF7F15004F815089F20D0665D6
:2028600024F6E0CA007D4C799A0D32775500417272775500006D0C69016DEB5F20101C00D6
:2028800000527F0006F00095029DF28F5900F2875B000789728F5800F39F15005381508952
:2028A000F20D066524F6E0CA007D4C799A0D32775500417272775500006D0C69016D7F0043
:2028C0008207E130069808D8EBD74010E00760012096E000F25F2010E0876001E039E8079F
:2028E00004E3E20D06E8ECEF4002408EE0FED1E93D872DFF3DEE2CFFE081C20D07E20748E3
:202900001C30134063DF0100203E3D00BFFF46FDC50D2606C4309E001D460400BFFF34FE52
:202920001DF0017A05DD017DFA5F20101C001C504206FF3080072100E00760012096E000A1
:20294000F25F2010E0876001405EE0FE6B073DFF4066E0FE6C0741FF406EE0FE6D0769FF65
:20296000E0076001208EFF00F15F2010E08760014076E0FE6E07F1FE80FFF8EBE5FD800757
:20298000E10006E080FFE005E051C2050732BFFFA6FFED9740108192C1050732BFFF98FF3D
:2029A000E0076001208EE000F15F2010E087600124EE98CA3D8701000052E081BA25BFFF70
:2029C0009EFB1DF001E5007DE079CA0500524006FF00405EE0FE6B0769FFBFFF6CFC80FF34
:2029E00090EA406EE0FE2D6F45FF4066E0FE2C6739FFED61B30580FF9203E05F20101C00FD
:202A000001524006FF003306742F9E000052F331A10D134E2000E931E905B331C6060F0038
:202A2000E25700007F003306BC2F9E00F3310052A10D13968000F231E905B331C6061F00EF
:202A4000E25700007F008007E17006D0EBCF4010E0076001206EE000ED5F2010E08760010C
:202A600003503B0650FFDFFE3BF7010000E50475AAE1EEE1B3051C7005E50665EC71A3050D
:202A80000775087D0E30AF31EF71830D003A80FFD0EA3BF701001F5A095D3D0640FFDFFE43
:202AA0003D3701003D9F0100339F0500339F0D00F3E1B30D26370500033A26370D009C31A4
:202AC00080FF9EEA8007B4013D8701003D77010030870100F09F590070D75A005A99F2050E
:202AE0002E8F19000505098D800788013A064CFFDFFE1AF000952E870D00109101953DF71C
:202B0000010002F5003580FF7E013C0648FFDFFEE051EA5503503BF701007C5701000085D5
:202B20001CF0007D00953DF70100AF81A28202F502F51006EFFFD93D327701000175326F25
:202B40000500036D326709000565325F0D00075D325711000955324F15000B4D324719007A
:202B60000D45323F1D000F3D323721001135329F2500139D328F2900158D327F2D00177DB5
:202B8000327731001975326F35001B6D326739001D65325F3D00129640001F5D1EF6400095
:202BA000508285CD3257010044925F82015544F2E0819AFD3DF70100003580FFD000035020
:202BC0003BF701007C5701003C4F0100007D3DF70100A97902F5A27A028D3CF701000F06A3
:202BE000EFFFD93D314701000145313F0500033D313709000535319F0D00079D3197110058
:202C00000995318715000B85317719000D75316F1D000F6D316721001165315F2500135DE9
:202C2000315729001555314F2D00174D314731001945313F35001B3D313739001D35319FA1
:202C40003D00118E40001F9D1EF64000507A85CD31970100448A5F7A019544F2E0799AFD00
:202C60003DF70100067D1AF0008D2F805089018D3DF7010000F5AD04F95F20101C0000521E
:202C80004006FF70E002BC7F41FEE002FA7F41FE8007E1103D0640FFDFFE3DF70100003548
:202CA00080FFD000E051BA653DF70100409EE0FE339F4DFF3C0650FFDFFE068D3B06F8FE2E
:202CC000DFFE5389C225E00760012096E000F25F2010E087600103503DF701003B9F0100CA
:202CE00002F5AA9908353DF70100933102F5088DF199E23F163B9B3D3CF7010002850185C3
:202D00003DF7010002F5003580FF6E0003503DF701003B97010002F5AA9108353DF7010066
:202D2000923102F5087DEF91E13F163BEB1DE00760012076E000EE5F2010E087600180FFD9
:202D40003E0003503CF7010001550355E05F20101C003DF7010002F504E5FCC760F93DF710
:202D60000100003580FF1E0080FFF6E74006FF10E002D07E41FEE0020E7F41FEE0024C7F05
:202D800041FEE002027F41FE8207E1FF3A0644FFDFFE3AAF01003D0640FFDFFE390668FF9A
:202DA000DFFE3DA7010019F0005D3C0650FFDFFE3CB701000105635F010003503CF7010039
:202DC0000AC0007D0495AA79F279B3050F90057D08451230A831E891830D003A80FF82E719
:202DE0003CF701001F9A099D3B0638FFDFFE3B9701003006BC339E00E097668B8089C58A95
:202E0000D0897D8F01003DF701000A7D7A7F01003DF70100008510F640007CF7010010F022
:202E200021C525053DF701000C7570775100E05F20101C003DF7010004BDF7C760F9E00715
:202E400060012066E000EC5F2010E08760013CF701000495065DEB91A30507953DF7010043
:202E600000F52A755F722B753DF7010000F52A55E0519A0D3DF7010006451BF0006D284864
:202E80004969016D3DF70100023DE03992253DF701003D67010002F52C6701007A903DF72B
:202EA0000100EC675B00005D5261EB5F59004C59F20D3DF7010000F52A5541522B553DF71C
:202EC00001003B4F0100068510497B4F01003B7F0100F579AB8D235F01007AAF01007CB776
:202EE0000100795F01007DA701004206FFFF8007E110EBDF4010E0076001209EE000F35FC3
:202F00002010E087600103503C0650FFDFFE3CF70100408EE0FE318F75FF00ED0495CA890B
:202F2000B1E9F2E9B3051D9005ED068DF191A305079508851230B031F091830D003A80FFF2
:202F400020E63CF701001F820985FB5F20101C001D504006FF1003504096E0FE32976DFF64
:202F6000D2517F00E55740004096004052517F000100000028149F00F8FDDFFE80000000CD
:202F8000000100005E619E000CFEDFFEE0000000400D0000BC2F9E00DC2F9E00FC2F9E00C4
:202FA0001C309E0030FEDFFE70FEDFFE10FF9E0080000000D0000000FF07000088FCDFFE6D
:202FC000A42F9E00902C9E000100000001000000010000004816000001000000E4FCDFFE07
:202FE0000000000018D29E00020000000300000003000000001800001200000040FDDFFEFD
:20300000000000002AD29E00040000000700000007000000000F0000110000009CFDDFFE6E
:20302000000000003CD29E00080000000F0000000F0000009010000011000000FCFEDFFE36
:20304000030000000000000000FFDFFE030000000000000004FFDFFE0F000000000000009F
:2030600008FFDFFE0F000000000000000CFFDFFE0F0000000000000010FFDFFE0F0000006B
:203080000000000014FFDFFE0F0000000000000018FFDFFE0F000000000000001CFFDFFE36
:2030A000010000008000000020FFDFFE01000000E000000024FFDFFE0F00000000000000A3
:2030C0000104000028FFDFFEA0269E00FFFF00000100000001000000C60024F77980005257
:2030E000E0F1B21502F50608A80A6098F309D90DC20AC1F102F586006008E131E9050650EE
:20310000EC57400244F2DE517F0000520A08E039E2050798C699E699E10F000001880A984A
:20312000F3F60C00250E0080C1F1618AB20D0095020DD2095F0AE131FB050708C609F209B8
:20314000B305040D0151419A659AB1ED7F00E039D24D0708C609E609B14D32060080E8FEBC
:20316000F231910D0186FFFF3106FF7FF7FEF181D33DF505408EBFFE409E9FFEF131910D1D
:203180000186FFFF3106FFFFBFFEF181F32DB505F331910D018EFFFF3306FFFF9FFEF389CD
:2031A000D325D505409E8000F3319115019EFFFF3106FF7F9D00F199931D310600A0000114
:2031C000F131D105118EFF1FF1998315019EFFFF1F0A8B0AE199A30D400E20FFE131810D86
:2031E0003206FFFF21FFF299BB0500527F002A06046200807F002A060C5200802106A0866D
:203200000100A0078798D4FD8D9AA90D3E0608EAFEFF70080052C10EFFEF800C7F005F0A0B
:203220000000E009FAED7F009807E17006F007E008D009C880070908C2FD80074998C2FD4B
:203240003206FFF30FFF01D888DA529940961000129980074F98C2FD209EFFF55309810EB5
:20326000020580070F08C2FD000D209EFFF3DBDE030080078F08C2FD020D80078F08C2FDA8
:20328000040D80078F08C2FD060D3E0600E1FEFF050D000D810E60005309010D050505057F
:2032A00005050505BFFF52FFE051DA3D8007C990C2FD8007C908C2FD03F0E097409B030D98
:2032C0008007C908C2FDC19A0195050D8007C908C2FD070D020DE00F400B01889F8A138912
:2032E000E08F409B099D049DC10AE09F409B13889F8A0189E08F400B0B0D060DC19AE00F9B
:20330000400B01889F8A1389E08F409B0D9DC10AE00F409B0F9D8892E905A10E8700E00FB2
:20332000400B0F0D3E0600E1FEFF000D209EFFFB5309810E0008010D050505050505050516
:20334000000D810E2000010DE051EA076D010AE81A06EFFFD90D1AEEFFFF84EA1C401D48F8
:203360000F320A3880FFC634E051EA074D013E0600E1FEFF000D20969FF31D88C48A1A98C5
:20338000B1995209810E1000010D03F01306F0FF915D01050305050507050A08A50D119069
:2033A000C191DC919297010001F0C3F1410A8093F309E1F513F0C3F1200E8000800B03F06C
:2033C0000A0D0895E00F400BE097409BC19A01889F8A1389E08F409B119D0C9DC10AE09F19
:2033E000409B13889F8A0189E08F400B130D0E0DC19AE00F400B01889F8A1389E08F409B82
:20340000159DC10AE00F409B179D8892E905A10E8700E00F400B170D100D009D3309800798
:203420008F08C2FD120D029D330980078F08C2FD140D049D330980078F08C2FD160D069DBE
:20344000A51DD1E1080D3C9F0100330980078F08C2FD0A0D3C9F0500330980078F08C2FDDE
:203460000C0D3C9F0900330980078F08C2FD0E0D3C9F0D00330980078F08C2FDBFFF7AFDE5
:20348000E051AA158007C908C2FD19F0010D8007C908C2FD030D8007C908C2FD050D800737
:2034A000C908C2FD070D3E0600E1FEFF000D209EEFFF5309010D3E0600E1FEFF000D209E36
:2034C000FFFCC8DA530901D901DD5806FF7006F00650F5055F42870F0100413A800B41F2B7
:2034E00007081E09C1060300A20DE041CAF57F005C42270F0100443A010D44F2644299FDEB
:20350000F5055F42870F0100413A800B41F2E0419AFD7F009A07E1F106D09A003B060212D1
:2035200000801BC61C103C0602F200801A06F0FFE1077101240FDD89610AEA07670100CAB8
:203540001A3080FF380824F7D98900ED1D0EC1FF610ADB05033280FFC6010AC81D0EC1FF8A
:20356000610AEB07290161CAEA0723012437D989233E1C00204618004C3281FF9241FAF60B
:203580002001C4F13E0FE98A610ACA0518E6E709D57D630ACA0518E6E809857D1D06C0FF0C
:2035A0009A0D23CF2100E0C9D205230F2900E009CA0D1D06C1FFDA1D23CF2100E0C9DA0541
:2035C000230F2500E009DA151D06C0FFCA15233F2D00079EE5FF13069AFFB10D23372900F0
:2035E000473A833ABFFF6AFB0AE0E051FA4DB5051BE0C54D23BF250019301738BFFF52FB97
:203600000AE0E051BA4503F00E351D06C0FF230E080003051A38E2470000010D234E040039
:2036200080FFBA0623370500E031DA053C0602F20080C52D00C2234E0C001D06C1FFBA0573
:20364000244FE1891D0EC1FF610AF3051BC61C103C0602F20080E50519381740BFFFCCFB65
:203660000AE01D06C0FFAA15E0E18A1503F0143D164523360C0080FF340024F7D589E051FE
:20368000E20F0000E0F1A205010D80FFF606240FC19D1AF0C4F2C1F103C505E5030A010D68
:2036A0005A06FFF12457DD897F00C88607000898839A0052C70E0300CA151388828AC50DC6
:2036C0000190C29212F0C6F1C79132970100007D410A2F911251F109C1F51108C20AD50DC8
:2036E0000A88C5FD01F0C6F10190C791929701006088410A31911251F309D1F5E081E20D51
:20370000D331D339870F0100869F0100C5813309909FD187419913517F007F00240FE99DDE
:203720004131E25700007F008207E1F006D807E808C809C03C0602120080E0491C50824D65
:2037400040D61FFF3AD711001A08870AB90587EE001080FF7AF56152B20585D2B1059DEE2D
:203760000008033080FF12D80A08E0518A35239F0100400E000FE199CA0DF8370D00BFFF38
:203780005AF90A3080FF4605E051BA0599CE0008390841D941E91D381B391830C70080FFB7
:2037A00002031B084A09FB09CA051D084A09F20D1C0E0453CA9E00085D999A0D410A01E684
:2037C000FBFECA5600104AE9E1E7340B01504206FFF08407E3FF06E007D008C809A01EC578
:2037E00020BD26B528AD0105033500DA0608C10AC9151F0A810A460901066AFFE10D80FF8D
:203800009E01E051D205635701001BE895453D060112008080071801800EFFFFE131CB5D2D
:20382000C60061B2820DA8326232B30D3D060C240080C52D083880FF08030AE8E051EA2511
:203840001C30C600233E040080FFD601E051D205635701001BE8A51D235F45001C30C6003A
:20386000615ABA0D233E0400034080FF0CCBE0510AE8E2DF0000A50D3D060E240080BFFF7F
:203880005AF8E051B2051DEEFD00E0E9EA3D61B29A0D23370100193880FFC8020AE8E05124
:2038A000CA35235F4900615ABA0D03F01A3D1C45004D1430BFFF74FE0AE8E051EA25233FBC
:2038C00001001A30C60080FFCE03E0519A0D3D0605620080A51D3D060C240080852D233FBC
:2038E00001001A30C600014280FF2203E0C1F2051830233E04000442BFFFD6FBE0B9D20546
:20390000230F0100770F010061DA9A15E0E9F205233F05001A3080FFACCA950DE0A9F2057B
:203920001530233E04000442BFFFA6FB1D504406FFFF8207E13006D040EE1FFF3DEF11008A
:2039400001DAE039DA0D033080FF2ED6E051DA25239F0100400E000FE199EADF00001D081E
:20396000850AE9E7000080FF66F36152FC5734E31A08860A910DE0E1F205E0D9D2052A062B
:2039800006650080A50D87EAF90587D2D1052A0607650080A50500524206FF3000520608FD
:2039A000C10AC90D1F0A810A460901066AFFE105C20AC4092157199E7F007F008007E1F0EF
:2039C00006D807C808C000D21AE81DF0C2F2C4F13EE7199EE0E1D21DE0D99A0DF90F010033
:2039E000FC9F0D00E199E2570000850D403600801D311C381940FBC760F9E051A20D1CD002
:203A0000E0C1B20D400E008001E978EF0100D50541EA1D066AFFA9DD1A504006FFF08207E7
:203A2000E1006337020007E000EAC6000608A80AEA2586006532B925BFFF5AE9E39F030022
:203A400013F09E00C4F19E0F119E01066AFFB11501F0C2F2C4F13EF7199EE0F1C20D769092
:203A6000F3919A0D1EE8E0E1E205409E008013097C0F0100BFFF4CE9E0E98A0D233E0200B1
:203A80001C401D30BFFF38FF0AE81D504206FF00E031D20506F0025548527F0006507F00BF
:203AA0008007E1F106C807D0DA0000EA25C65C801DD8E031A24526F70500E6370D0072E0F2
:203AC000BFFF18F60AB8DA067000C21D0A3080FFDA03E051D2150AF0000D7F0AB20D39F7FC
:203AE0000500009DF309EB0DDCE6EFFF20EE2000950DCAC70900EA0520EE4000B50520EE11
:203B00001000173080FFC601E5151A08810A8915380F01000198D3001C905391F3918A0D64
:203B2000900A5C09DA05010AFB0FC00001E981D244C241DAE0D1AAED1D504006FFF12A0659
:203B40000C2400800706EDFFB10DE7F60600C600A832C5F19E9F9D80F331E05704537F003A
:203B60008007E110E031DA052A0602120080C54D06E807E0613ABA0DE60F0D00A80AFA051D
:203B800026F705000052DECF0500EA3DE7F60600250E9C803B060C240080C1F10706EDFF0A
:203BA000A135E6370D0060980608A80AF309BA2D3D9F05007108F39F050001905391F20909
:203BC000AA2572085309FA1DBFFF10F50AF068E2F20569E2C20D1C06EFFF920DB515E05167
:203BE000C20D6408DC0A9E0A610AB50DE051D2056408C1060C00D5059D0F0D00010601FFEE
:203C0000AA0500DA1B504006FF108007E130C60007D808D040E60200A606FEFFA20D0606BA
:203C2000EFFFF11506E885EA01E2E6E7C000A50500EABFFF60E7C2EA1DF0DBF1000D61D265
:203C4000BA051C09B5053C985309010DBFFF74E74006FF30C600409E0200A606FEFFB20DEC
:203C600000520606EFFF81150608850A019AE69FC000A505000AC20A01F0C7F1000D4199D5
:203C8000EA5700007F007F0006F0009DE099EA5700007F008007E100E039C21527F705009E
:203CA000C60007E801E2DED70500DA0DBFFFA8FF6152920D1D30BFFFD2FFE051E2E700003E
:203CC000A50507E01C504006FF000052E031D205C6C70600EA5700007F009407E33008D08F
:203CE00009E01EDD3D06021200801305E049B245230E2000050D440A014201050305070DBB
:203D000009050B050D450F05004ABFFFC8FA0AE8E051CA1D23F7250002EDFDEF0500DD0649
:203D20000C00FA1561D2D205DD0E0300620A92157630BFFFA6F30A30BFFF92FF1D300A3848
:203D4000BFFFF2FB0AE8E051820D7C070100B5153D0602640080A5FD23372500BFFF34FD7F
:203D60007C570100E0D9F2052337250080FFF6C97B5701001D505406FF30443768807F0057
:203D80001F0A440F68807F0000E280FF04001FE8084807400638610200522036140081FF60
:203DA0003258202E0000E90D230600AADFFE003A0042004A1C0A411924065834E0FE800724
:203DC0002400E029B20D2A065834E0FE250600000000A551CA2180070C000426004004262A
:203DE00000404036000006360000B20580FF04004036000006360000B20580FFA6002506DE
:203E0000F405A000400EE0FE010E88FFA20501F02A0672C261FF2B06000000001D60E05904
:203E2000C2052C068E3D9E00CC51EAA72000340600000000350600000000360600000000A1
:203E4000370600000000380600000000E5374000405E03000B31E62F2000005E0000F20524
:203E6000E537400886360200E62F200800CA00D25D3600002636F20081FFB838850500006C
:203E80000100000000000000F4859F00000000000000000000000000000000000000000009
:203EA000E00260C161FF0000E031C20506F004557F0006507F008007610000EABFFFECFFA9
:203EC0000AF0E051A20506ED1D5040067F008007610000EABFFFE2FFE051B2050AEE080092
:203EE000BF07E8FF8007E17006D008C800EA1DE007D81A08C80AC1001C30C6000131BFFF1A
:203F0000DAF10A30E051820D1938FBC760F941E20AE8E051F2ED1D504006FF70FF703E0676
:203F200000819D00000D0052E6099A25610AFA1D3E9FF13E2106EFBEADDEE1998A1D3E9F6B
:203F4000F53E2106B8B8B8B8E1999A153E9FF93E21064E4E4E4EE199AA0D3E9FFD3E21061B
:203F6000EFBEADDEE199E25700007F007F00800761003D0600819D000132003ABFFFA2FF43
:203F80006152AA0548EA64EF798040067F00D832E25700007F00BF07F8FF88000052D83A11
:203FA000CA05E041E25700007F008407E10006E007F06307010063070500040D0106E4FF3B
:203FC000D2052A0602120090D51D2737150007EE0C00E031C2053D0F1100E009B2F53D3F8F
:203FE0000D00BFFF6CF1E051DA0D1DF008350A3DBFFF5EF1E051EA053D371900043ABFFF3A
:2040000050F1230F01001CF00355010D4406FF008C07610006E825F69081000D025508F601
:204020000C00D84A630F1100DA058077340080FF0295230F11001DF00355010D4C067F0028
:20404000806F0C000C0D630F0D006A00630F0100080D630F05000A0D630F09006D00060D52
:204060000730003D0245044DBF57D8FF6E000152C636FF00F2055D326132C3056432E257DB
:2040800000007F0086005E3201526132D3055C326132E35700007F00800FF602D10D921DDF
:2040A000633AC33D653AE32D673A833D070601FFD2351D50A53D6142C22D6242A22DE041CA
:2040C000A22D1D0801EE05006342E1EF3453D52D860F6300E0098A0D6142B21D6242921DBD
:2040E000E041921DF5ED640ADAE56142A2156442C10592156642D30D1D0801EE050067422A
:20410000D5E56142E205644281FDD2056642DBF50052B50D1D560500850D0830BFFF52FF83
:20412000E051FAF51D56060040067F008407E11006D807E808E025F6BC81000D0255630FC2
:204140000100C80E0200620AFA0527372500273F2900BFFFFCEF1C08810A890DE051EA05FB
:204160001DF00E35103DBFFFE8EFDC0E0400640A8A0DE051EA051DF00635083DBFFFD2EFEE
:20418000DC0E0800680A8A0DE051EA053D372D00043ABFFFBCEFDC0E10000106F0FF8A0D35
:2041A000E051EA051DF00A350C3DBFFFA4EFDC0E20000106E0FF8A0DE0518A0D1DF0183550
:2041C0001A3DBFFF8CEFE051C205400E00100151230F01001BF00355010D4406FF108067C3
:2041E000CC016142A10D821D6242D21D210608120090630F0500D5350E0DE009CA05109D9D
:20420000E099CA15129DE099DA15149DE099EA0DE009A215B50D0E0D129D1309F20503309C
:204220000B42D51D160DE0098A1D21060212009095E5E009B2FD060DE009CA05080DE009E6
:20424000DAF5020D630AEA05000D620AB205610AEACD03300F42B50503300A42BFFFD0FE89
:2042600003F00095029DBD070F90000044067F0080673A016442D105E21D6642810D921571
:20428000210608120080630F0500B5250A0DE009CA050C0DE009BA0D033020461000F515C1
:2042A000160DE009C205180DE009EA0D210602120090A5ED060DE009CA05080DE009FAF511
:2042C00003300442C505033020462A00BFFF60FEBF0790FF806FEC004C3A0105030D63424B
:2042E000B10DE22D6742C10DF20D210608120090630F0500F5450330BFFFE6FEB5450330F7
:20430000BFFF70FFF53D270F1D00E009D215270F2500E0099215270F3100E009D20D270FCB
:204320000D00E009920D270F1500E009EA25270F1900E009A225210602120090A5DD270F23
:204340000D00E009DA05270F1100E009DAF5270F1D00E00992F5270F2500E009D2ED270F8D
:204360000500630AFA05270F0100620AB205610ADABD03300F42C505033020463F00BFFF8C
:20438000AEFDBF07DEFE06F0E23B00527F0080076100870088003D06012C0090613A6100F9
:2043A000880021060212009066008407610006E807F0BF37EEFF63070100630F05006C0042
:2043C0008407630006E8BF37DAFF6D0080575601EB07710008F60C0049000E0013001800A8
:2043E0000800220027002E001D008057B60080FF908F80075400805FDE0080FF4C8FC5251A
:204400008057F80080FF96B0F51D805F2C0180FF90B0A51D805F5C0080FFB08FD5158057AF
:20442000360080FF748F8515083668000A3D0C4580FFE6AF950D8057DA0080FFEAAFC505A3
:204440002A0608120090230F2D001DF00355010D5A067F00040D083668000045024D630F14
:204460000100060D630F0500080D630F09006A00BF77EEFB0E0D630F1100100D630F150056
:20448000120D630F1900140D630F1D00160D630F2100180D630F25001A0D630F29006B0023
:2044A000060D0730003D0245044D630F0100080D630F05000E0D630F0900100D630F0D00AC
:2044C000120D630F1100140D630F1500160D630F19006A00BF5780FF0E0D630F0D00100D2E
:2044E000630F1100120D630F1500140D630F1900160D630F1D006B00140D083668000E3DB8
:204500001045124D630F0100160D630F05006A00180D805F2400630F01001A0D630F050037
:204520006A009A07630006E88900400E00101705190D674A6A0008366800123D1445164D2A
:204540006B00BF57E0FFEB07710008F60C0049000E00130018000800220027002E001D0070
:20456000BF5740FF80FF468D80075400BF5F68FF80FF528DC525BF5782FF80FF7AAEF51D9C
:20458000BF5FB6FF80FF80AEA51DBF5FE6FE80FFA08DD515BF57C0FE80FF628D8515083627
:2045A00068000A3D0C4580FF70AE950DBF5764FF80FF74AEC5052A0608120090BF078AFEB0
:2045C00086006232C3056332BF07C8F901527F0086006232B305BF07F0FF01527F0080072B
:2045E0006100083086003D06072C0080BFFFD4FF6152E0EF045340067F00E031B205E03996
:20460000DA052A06021200807F00BF0744EB800FC60025F60C828037C8006142630F0100F0
:20462000E105D20D6342FB150052D5153D3F09000706DFFF81153D370500B50D1DF002353F
:20464000043DBFFFB8FFE051EA053D370D00043ABFFFAAFFBF07AEF99607E30006E0890002
:20466000020A130D210602120080150D634AAB2D08EE0C004900040013001D0022001DF0FE
:20468000023D044523360400BFFF46EE1DF000350445233E040080FF0AB6E5151DF00035D8
:2046A000023D0445064D6307010080FF5AB4C50D3D37010080FF28B7F505033280FF1AB307
:2046C000B50501560600230F25001CF00355010D5606FF008407E10006E088006100000D57
:2046E00007EE0C00025566000152C636FF00C2056332E25700007F0086005E326132E357B7
:2047000000007F008007210087008800613AA30D0830BFFFD6FFE051EA152A06072C00902A
:20472000B515614282156242E20D2106062C0080E0410150920D3306012C00906342F30F5B
:204740003453A505005240063F00E031B205E039BA05BF07B0FEBF07F8E9BF0F7AFF25F634
:204760003882BF377CFF6242630F0100D105F2256342B215A5353D370500E0319A0D3D0F47
:204780000900E009D2052A0602120080E5253D3F0900BFFFBCE995253D370500E0319A0DAF
:2047A0003D0F0900E009D2052A0602120080D5053D3F0900BFFF9AE9E051FA0D1DF0063500
:2047C000083DBFFF88FFE0518A0D3D371500E031C205043ABFFF76FFBF072AF88807E1302D
:2047E00006D009D89B0025F64082000D08E60C00025508E8630F09000508DB09C1C748827E
:20480000A20D08F00635083E68002B3580FFB8B7E051FA250508DB09C1CF4882F20D3C479D
:204820000500E041B20D3D3755003C4F09001D3E680080FFBEB7E051CA15C5D9DBD7488255
:2048400082151CF00A0D3D3755000645084D630F01000C0D1D3E6800630F050080FFC8B771
:20486000230F0900803708004806FF301AF00355010D660006F0C7000052663ADA0D280F1E
:204880000100610AF215000D2A0620220090E009EA0F34537F00613A9A0D009D2106202266
:2048A0000090639AE00F14537F00673ABA0501057F007F0086006A32C3056B32BF07D4F61B
:2048C00001527F0086006A32B305BF07F0FF01527F0080076100083086003D06072C0090F9
:2048E000BFFFD4FFBF070CFDBF6FD8FA07360C000105030D68428B1D480009001100110034
:204900000E0011001300160011000900073E680080FF9C01B50D80FFBA02850D0052E505A1
:2049200080FFCE02B50501560600230F01001DF00355010D44067F00AA07E37006C807D0F9
:204940008900020A270D210602120090290D08D808EE0C00684AEB072D0149000900300057
:2049600054005A0060006C009300660016003B0F7500804F30013B4F6900BF57C6F680FFAB
:204980003CB70AE0800702013B0F7500804F16013B4F6900BF6FB8F61B0E8000630F0D0014
:2049A0000C0D630F110080FFFEB70AE0E051CA6D3D371D001B3E8000014295653D370100B9
:2049C00041E600F0E031E205203E1C00BFFF82E70AE0E0E19A5D1DF00035233E300020464C
:2049E0001C0081FF2A2D043580FF7C010AE0E051BA4D1DF00245044D1A30233E300080FF6E
:204A0000AEB785C51DF00035023D80FF22B8A5BD804F9200044D80FF40B8C5B507303D3F55
:204A2000010080FF5AB8E5AD07303D3F010080FF52B885AD800F600081FFD42C230F15002D
:204A4000630AD205670AB2056D0A8A0D03F00C350E3DBFFFFCE60AE0C5053C060C24008017
:204A6000E0E1AA153D3F01001A302346140080FF16B80AE0E0518A0D800F1C00BFFF52EACE
:204A8000B50501E60600230F4D0019F003E5010D6A06FF703D370500233E140020461C00A2
:204AA000610007301DF0003D024569008007E13006E007E8260F19003A06021200801A506B
:204AC000E009F24D26DF0D00E0D9821D1B30083ABFFF7EE6E051DA451BF00035023D1D0E9B
:204AE00010001DF07D3711000B3D070DE031820DBFFF5EE6E051C205C53567070D003CDF4E
:204B00000900E0D9821D1B30083ABFFF44E6E0518A2D1BF00035023D1D0E04001DF07D3768
:204B20000500053D010DE031820DBFFF24E6E051C205F5157D0701003C0F0100610AC205B3
:204B40001A560600E50D3C0F1500010680FFC2051A561610E5053C371900043ABFFFF2E561
:204B60004006FF308007E10007E83C06021200801C50E031C22D043ABFFFD6E5E051FA2520
:204B80003D0F0100610AE205630AF2151C560600E51D3D3705001C50E031921D3D3F09005E
:204BA000BFFFAEE5E051BA153D0F0D00010680FFE20D1C561610B50D1DF07808049D023517
:204BC000830AF309F30F223BBFFF86E54006FF008007210006F00435E031D205043ABFFFC4
:204BE00070E5C5052A060212008040063F008007210006F00235E031E205203E1C00BFFF48
:204C000050E5C5052A060212008040063F008600BF07ECFABF07FAFF8407E30006E0BF3711
:204C200082F707EE0C000105030D6142E1059225210608120080E51D3D370500E031D20580
:204C40003D0F0900E009DA05210602120090A515043ABFFFFCE4E0518A0D3D370900043A53
:204C6000BFFFEEE4E051D205210604620090A505000A239F01001CF0030D019D4406FF0005
:204C800080573000030508F60C00614AE105A20D2A0608120090B50D0235043D80FFF4C272
:204CA000E5050035A83F610080FF90C1BF077EFC8407630006E88900020A010D6A00015241
:204CC000C636FF00D2055D326232E35700007F0086005E326332BF0728FABF0FB4F6E30D2B
:204CE000653AD305070601FF1D50EA150830BFFFD0FFE051F20D0052F50DE041820D624227
:204D0000B3FD6442C30580371802E5051D560500B5051D56060040067F0080579201AA1521
:204D20006142CA0D3D370900E031DA053D0F0D00E0098A0D3D3F0D00C5153D371100E031BA
:204D4000DA052A0602120090E50D3D3F1500473A833ABFFFFCE3E051EA053D371900043A57
:204D6000BFFFEEE3BF079EF280676401C1CFB882A20D233608000142BFFFA2FF23570D00FF
:204D8000E051BA350508DC09C1D7B882B20D1D38233608000242BFFF84FF23570D00E0517D
:204DA000CA250508DC09C1E7B882C205800F8001C51DC1EFB882F215803744018A0D0035BE
:204DC000E031D205023D070669FFD9052A0602120090D505E83F4602BFFF76E303F0000D25
:204DE000E051050DE0570453230F09001BF00355010D4806FF109007E13006D009D89B00DF
:204E000025F6C082000D08EE0C00630F190063DACA0D8067D6000E0D630F1100020D630FAB
:204E2000150080FFF4C1D53D025508E064DADA052A0608120090D53565DAEA0507301D381D
:204E400080FF46C4E52D0508DB09C1C7B882F205800FBE0080FF78C1E051BA250508DB0907
:204E6000C1CFB882F20D3D3F0900E039B20D3D470D00E041F2051C36680080FF88C1E051B0
:204E80008A15C5D9DBD7B882C20D1DF00E0D083D0A450C4D1C366800630F010080FF6AC12E
:204EA000230F1900BF37C8F95006FF308407E10006E007F0BF37ECF4630F0500040D07EECF
:204EC0000C00630701000106E0FF6A008807E31006D808E09C00210602120090070D05053E
:204EE0000508DC0907E86C001DF0060D28370D00044D08466800BF574AF16C0003F001051C
:204F000003053D0F09001DF60C00680A66001DF00035024D683755000846680061001D087C
:204F200001EE05006542E1EF3453660003F0050507052A06081200806100BF0784FDBF07D8
:204F400092FDBF0F4CF4E30D653AD305070601FF1D50EA150830BFFFE4FFE051F20D005279
:204F6000F50DE041820D6242B3FD6442C305BF37B0FFE5051D560500B5051D56060040063D
:204F80007F00BF572AFFBA1D6142CA0D3D370900E031DA053D0F0D00E0099A153D3F0D001B
:204FA000B51D3D371100E031A20D3D0F1900E009E2053D3F15000706E5FFD1052A06021209
:204FC0000090C50D473A833ABFFF86E1E051EA053D371900043ABFFF78E1BF0728F0BF6706
:204FE000EEFEC1CFEC82A20D233608000142BFFF94FF23570D00E051BA350508DC09C1D7F2
:20500000EC82B20D1D38233608000242BFFF76FF23570D00E051CA250508DC09C1E7EC8287
:20502000C205BF0F0AFFC51DC1EFEC82F215BF37CEFE8A0D0035E031D205023D070669FFA1
:20504000D9052A0602120090D505EC3F4602BFFF00E103F0000DE051050DE0570453BF071B
:205060008AFD8E07E13006D009D89B0025F6F482000D08EE0C00630F150063DA9A0DBF6780
:205080006AFE020D630F110080FF36C0A53D025508E064DADA052A0608120090A53565DA70
:2050A000EA0507301D3880FF00C1B52D0508DB09C1C7EC82F205BF0F58FE80FFC6BFE0511C
:2050C0008A250508DB09C1CFEC82F20D3D3F0900E039B20D3D470D00E041F2051C36680073
:2050E00080FFD6BFE051DA0DC5D9DBD7EC82920D1DF0083D0A450C4D1C36680080FFBEBF77
:20510000230F1500BF3768F74E06FF3001527F008800005261428A0DC4C76C80DA052A0604
:20512000086200907F007F008407E37006C888002106021200900105030D01E606006342D0
:20514000FB4D07D807EE0C0048000A0004000A000C001DF00235043DBFFFF6DFA545005267
:20516000854500D23D370100E031F2059D0F0500E009B205640AC3051C562000A535E13E04
:205180002800BFFFCCDFE051C2051C56FC4F952D1DF06440003D1B366800E8462800BFFF4C
:2051A00030E31B3668007D3701001A08C51501F0E8F74602C6F19E9F2500E099C2051306E8
:2051C000DFFFB9051CD62100009DE099BA051CD62200410A9D9F0500F309A1EDB5051C50FB
:2051E0000AD0230F010019F003D5010D4406FF708407E30006E08900020A010D0305634A4E
:20520000CB3508F60C004900040026002D002100BFFF82D1260636B1DFFE2706A2020000F1
:2052200080FF6E0D0AE8E0518A0D1F328B3280FF4E000AE880FFB40CBFFF88D12A06021253
:205240000090E0E9EAEF3453B5156430003D80FF3ACDE50D023D04450332014A80FF5AC8D9
:20526000F50580FF50C8C5052A0608120080230F01001CF00355010D4406FF00E0023C619C
:2052800041FE86006232BF0778F4E031DA05E039B205BF0770F3BF07B8DEBF6F26F10105F3
:2052A000030D07F60C006142D10DC20D6242D2052A0608120080A50D0035023DBFFF92DEEC
:2052C000D5050035023DBFFFC4FFBF0760F6BF57E2F9030508F60C0008366800614A810D01
:2052E000C20D624AF20D2A0608120080F50D003D024580FF16CEA50D003D024580FF2ECED0
:20530000D505003D024580FF20CEBF0720F60152C636FF00E2056432C2056632E257000083
:205320007F00BF07D6F38007E10007F09E0008E09C0067F2A30D1C30BFFFD6FF615292159C
:205340002A06072C0080E50DC2F2C5F13E0F69833D06012C00801D50FC0F8000810AA905B4
:205360000052E0E1B20564E29A0D240F6D80860A810AC1052A06086200804006FF0084078B
:20538000E31006D88037380163429B4D07EE0C0040E60080480004002B00350029001DF036
:2053A0000035023DBFFF66DD3D9F01008152CA0E01000052E099D2153D9F0500E09992153C
:2053C000E009B205610ACA05DDC71000AA0D3D0F110041E1EA050198849AB105830A992562
:2053E0002A0602120080D51D0052B51D3D3715000150E031E2153D3F1900BFFF54DD9515C3
:205400003D3725000150E031C205043ABFFF42DDE051FA051DF00E35103D85F5015606000B
:20542000BF07B0ED8407E11006D8890025F68C83000DC24AC54908E0630F0100020D08F66D
:205440000C00C9C7948329EE9483B21D040D0035023D680F5500BFFFB4DC40F61FFF8152D6
:20546000089DCA0E01005C0F620040968000E097040B3106FFFF7FFF51991309090D12081C
:20548000DDDF0000FA05DDD70000CA05DDCF0000C205210609120080239F01001BF0030DBB
:2054A000019D4406FF1000527F0040F61FFF080D3306FFFF7FFF5309090D7F008800210666
:2054C000021200800105030D6600BF071EF2BF072AF28007610087008800613AA30D08308A
:2054E000BFFFEAFFE0518A1D2A06072C0090D5153D06012C00906142F20D6242D20DE0410A
:20550000CA051D560500950D1D0801EE05006342E1EF3453A505005240067F008407E13030
:2055200006D008E09C0025F6E483000D07EE0C0002DD630F0100270F09000106E4FFDA65C7
:205540000508DC09C1C7DC83D2453D0F0100680ACA058037B6019A5D690ACA058037AC01C2
:20556000CA556A0AEA053D9F0D001306E4FFDA4D6B0ACA05803794018A4D6C0AEA053D9FF5
:205580000D001306D0FF9A456E0ACA0580379801CA3D0106F0FFCA0580378C01EA3501066A
:2055A000EDFFCA05803764018A350106EFFFCA0580377401AA2D0106EBFFCA0580374C01CA
:2055C000CA250106E9FFEA053D0F0D000106D0FFCA1D0508DC09C1CFDC83F20D3D3709008B
:2055E000E031DA053D0F0D00E009FA0D3D3F0D00BFFF5EDBE051AA1DC5E1DCD7DC83A21D83
:205600003D371100E031DA0521060212009095153D3F1500BFFF3ADBE0518A0D3D371900E7
:20562000043ABFFF2CDBE051D20521060462009001D8230F01001AF003DD010D4406FF30C5
:205640009007E17006D009D89B0025F6EC83000D08EE0C00025563DA630F19001F0A630FBD
:205660001500CA151DF0080D28370D0028471500064D8057A000230E1400630F0D00020D87
:20568000630F110080FF72CCA53D0508DB0907C808E0C1C7DC8382151DF00035020D083E2B
:2056A000680068375500680F59002346140080FFDACAE051CA250508DB09C1CFDC83F20D1F
:2056C0003D470900E041B20D3C3755003D4F0D001C3E680080FFF4CAE0519A15C5D9DBD7CD
:2056E000DC83D20D1CF02A352C4D1DF0080D19381C46680080571E0080FF1ACB230F1900A7
:20570000BF376CF15006FF703D9F0D001306E0FF6600630F01000A0D630F05000C0D630F9E
:2057200009006A003D9F0D001306C0FF6600860001526232D30559326532E35700007F00AF
:20574000860001526132930D6532F20559326432C3056932E25700007F0006F0C700583A24
:20576000633AFB05000D2A0620220090E009AA0500527F00A207E11007D89B0008E89D0073
:205780002536188403382046440081FF821F3C06012C00801D06EFFF81151DF0C2F2C3F101
:2057A000000DE009A20D249F6D80E19F8208810AC1051C560736C55D80FFE0D96152CA05AE
:2057C00067EA920DB50D1D0EFEFF650AF305560A640AC3051C562A00B54D1B3EFEFF6E3A56
:2057E000EB3D47000F0019001A00350016003C003C003C003C003C002000230028002E00E8
:2058000035005EEA1C5062EAF32D64EA9A35C52D5DEA61EAD50DD5FD1C5065EAB20562EA20
:20582000FA25A52554EA63EAB50553EA62EAE0E70653E51D1C506DEAB2056FEA9A1DC5152B
:205840001C501D06F0FFB2056CEAAA15D50D1D30BFFFDEFE6152820D1C50A50D1D30BFFFCA
:20586000D0FE6152BA050052B5051C5606006206FF108407630006E8BF3744FC07F60C00D2
:205880006342D11592256542A115A20D6642F20D57426242C10DD20D01560600B51D0035C5
:2058A000E031E43F143BCA150150C5150052A5150035E031D205020D0106F0FF820D2A066E
:2058C00002120080F5050235003DA5050138BFFF80D8BF0758F08807630006E88900020A4A
:2058E000050D0705080808F60C006B4ACB4D49000C00150018002C0033003B0026004A0017
:205900004A003F004200450007306438004563070100024A80FF9CD5953D80FF0ED7E53568
:205920006430003D65406648019E680003F0010E6200019D030D80FF06CE852D8837630003
:205940001E3880FFB6D0A52508366800023D004580FF76D8B51D88376300083E6800014246
:2059600080FFCACEB515003580FF7ECFF50D80FF68D3C50D80FFA0D3950D0035023D80FF30
:20598000C6D3C5052A0608120080230F09001DF00355010D48067F0006F0C7005F3A613A6E
:2059A000B30D693A920D009D210620220090639AE00F14537F00009D210620220090639AEA
:2059C000E00F04537F0000527F008007E10008E09C0000EA80FFF4E56152EA0562E2C30555
:2059E0003D0617E000901D504006FF00E031B205E039DA052A06021200907F00BF0752D729
:205A00008407E17006D008C8990025F68084000D0255630F0100E039E207490107E007EE4D
:205A20000C0080FFB8FC6152EA0733013B06021200806ACAEB071F01194048000B00100078
:205A40002C002E00550040005500580067006C0070003D370100073A8007F4003D370500BD
:205A6000043ABFFF8AFFE051EA07F90080CF4402EA07F1003DF70500000D7C0F6900800F46
:205A80004002BFFF6AFFE051CA6D3D3701003C3F6900D55D0052D5653D0F01001B50620AFA
:205AA0008A653D3705000138BFFF44FFE0519A5D80CF0002EA55800F0802954D3D3701009C
:205AC000E031C2053D0F0500E009FB572453924D203E2700BFFF18FFE051BA453D37050009
:205AE000203E1000C5353D370100B5FD3D3F05001B50623AE1353D370100BFFFF2FEE05125
:205B00008A3580CFAE01DA2DF5D53D370100203E1100D51D3D370100023A951D3DEF010091
:205B20000C3A1D30BFFFC8FEE051BA1D1DF000351B5616107C376900020D7C0F6D00049DA9
:205B40000106F0FF7C9F7100CA0D0138BFFFA0FE850D2A0608120090C5052A06012C008044
:205B6000230F0100BF3708ED4406FF708207E1F006C007D8890025F6888400CD0255E0415A
:205B8000E20727016A4AEB07190102CA08E808E60C003A0600E0008049000B0010002D004D
:205BA000310044004F0056005C00720077007C003C37010080FF3EFAF57507301CF0003DF5
:205BC000044D08EE68001D0E04001D40630F010080FF66D9FA51D2051AD62100FA51CA65AC
:205BE0003CF705003D0F0100010D3CF70D003D0F0500C545073080FF54DFE5553C3F0500D4
:205C0000083668001940BFFFC8D83C4709001B301D3E68001D4E6C0080FFB2DEFA51CA454D
:205C2000952D3C0F010007300042013A630F0100084880FF8CE8853D07301CF0003D024563
:205C400080FFACE8953507303C3F010080FF66ECB52D3C3F0100083668001940BFFF72D87E
:205C60001CF0023D04451D3668001D4E6C0080FF66E33CF70D003D0F6D00010DD5153C37D2
:205C8000010080FFF8F985153C37010080FF1CFAB50D0730083E680080FFDEE4D50500CA64
:205CA0002A060812009018F001CD03554206FFF03D370D00043ABFFF36FDE05179003DF717
:205CC0000D00003D7C3F6D003D37090061008207610007E8870F01000106E0FFB905E0314F
:205CE000DA052A0602120080A515243E808020462000BFFFDCD7200E2000430F03001D30FE
:205D0000233E03000142BFFFC8D7005242067F0024368080203E2000800794008207610089
:205D200007E824477D80870F0100E809B105E031DA052A06021200808515243EA080BFFF40
:205D400090D7240F7D801D30233E03000142430F0300BFFF7CD7005242067F008007610051
:205D6000060807E89D001D06EBFFB105E031DA052A0602120080A50D2436A08001381D4050
:205D8000BFFF4ED764EF7D80005240067F008007610006E8BFFFFEC540F61FFF080D409E1B
:205DA00000201D301309090D80FF5E028007610087000706F0FF8915074006E8003A80FF6E
:205DC00026641D302706E000CDFF20461000BFFF00D70052C5052A060452008040067F0021
:205DE000A007450AC1FD810A910D405EFFFFCB87A4E0CB0FA4E0CB07A4E000527F00840744
:205E0000E17006C83C06C4309E0024D6B48000DA1C301A3880FFBEB5C515240FB5801C3069
:205E2000033823460400630F010080FFA4B5230F050001069BFF91151D366000BFFF9AC91D
:205E40003D063C309E001D366000BFFF6CC6A007050AC1FD810AA9E5A007050AC1FDC10E82
:205E60000100DA053B060A520080C5058007890AC1FD790F01001C301A3880FF58B51D367D
:205E80006000BFFF54C91B504406FF708807E11006E807D800E2C50D1B380432004280FF58
:205EA000CE050AE0E051EA151BDE100050EA1D06F0FFB1F5E0E9E20D03380432004280FF10
:205EC000AE050AE0E051EA051B3003381D40BFFF00D61C504806FF10200E0303E107202861
:205EE0007F00E00720287F0080072100BFFFF6FFE00F202821060060DFFEE107203033060E
:205F000000AADFFE1396FFFF1C0A4191F20F20302096DB00F21720304199F32720303306A3
:205F200035B1DFFE4199F32F2030209EED00F3372030330636B1DFFE4199F3472030330693
:205F4000D7B3DFFE13884189F14F2030208EC900F1572030419A4199F3672030410EE0FE4A
:205F6000E16F2030F2772030210600819D00E1E72030210674FD9F00E1EF2030200EFF00E7
:205F8000E1F72030BFFF54FF005240063F00800F4E00C63907E6FFFFE6E1B30D210600601C
:205FA000DFFEE131E1052106FFFFDFFEE1E1D3052A06021200809515BFFF2AFF1C0A41E9CB
:205FC000FD87203041E1FC8F2030200EED00E1972030BFFF06FF00524006FF008007E1004B
:205FE00006E8610000527F0017F2010ACDF2980BA003330680380100019D1E5E0020CBBFB2
:206000000EEA940B7F008007610006E8000AA007059AC1FD819AF905410A8007899AC1FDBA
:20602000640AE1F540F61FFF080D3306FFFFFF6F5309090DE00760011D102250E06F200046
:20604000E12F4000852E2000E50F20003F0600C09D00FF072000E007480140067F007F00CD
:2060600080070950008B8152CA5601007F0080072100BFFFEEFF6152820D3E060080C5FF25
:20608000000D810E0200010D010A405E1FFF6B0F5500BF07F6FE8007890E009A810AE95781
:2060A00000007F00BFFF3EFE202E00004026E0FE242658B4E029D20D4056E0FE2A56583417
:2060C0004026000024260000A551CA2180070C000426004004260040402EA000252EF4056E
:2060E000401EE0FE231EFCA91C0A41194036DFFE263600600350A651825241522506555569
:206100005555662F01004432EA060700BF077CDC80073B0010001FFF000D3306FFFFFFF78A
:206120005309010DBFFF6EC2400EFFFF41F620FF250D260D400E00C8270DBFFF86C2405E12
:20614000FFFFCBBF00EA0B60CCBF10EA4BF620FF080D409E00101309090D40063F0080073C
:20616000E1F03D0610001FFF1DF018E502DD1C08810AB905010A1D0D400E00021C98419974
:20618000E199FA051B3086007D0F390080FFBC6D409E10001C085309F309BA0D7D0F390052
:2061A0001B30860080FFAA70400E10007D0F4500400E00011C984199E199AA0D1B30860067
:2061C00001D07D0F390080FFF4697DD7450040D600401C085A09FA09AA251DF0000D3306B2
:2061E000FFFFFFBF5309010D1DD5BFFFA8C1260636B1DFFE2706A2020000BFFF94FDE0511F
:20620000CA0D0A3080FF4C01E051DA051DF0000D1A09010DBFFFD4FCBFFFA8C1400E00083B
:206220001C984199E199CA051B3080FF0E6B400E00041C984199E199AA0D1B30E0D9B20578
:2062400080FF7A6C400E00047D0F390040D600801C085A09FA09BA057D0F3900409E200020
:206260001C085309F309FA057D0F39002036400080FF6E9C40CE40001C08590940C60010D5
:20628000F909EA457D0F3900E0D9A2451B30203E1000BFFFBCCEE051BA3D3B0F01001A9E3C
:2062A0000812610A9A35240F6D80139E0050810A810AA92DBFFFDEC01DF0000D3306FFFFD0
:2062C000BFEF260636B1DFFE2706A202000053091909010DBFFFBAFC0AD0E051FA051B30FA
:2062E00080FF76000AD0BFFF02FC7BD705001DF0000D3306FFFFBFEF53091809010D23CD42
:20630000BFFFC0C0D5057B9F05007DCF45001C085809F809EA057D0F39001B3080FF681534
:206320004006FFF03E0614001FFF160D0035409E80005309F309DA0586001B9DBF07D8D118
:206340003E0610EAFEFF7008810E0010800C7F00E002645041FEE002E04D41FE90076300C3
:2063600007E8063809050B050D050F05033020461000BFFF5CD1008A20961F0011F0C2F204
:20638000DDF1000DE00F400BF20F8000810AA91503F0080D009D3309090D0A0D029D330935
:2063A0000B0D0C0D049D33090D0D0E0D069D33090F0D03F0040D069D6F80E00F400BE09F50
:2063C000409B0178DF7A819A0F99E09F409B079D029D810AD0860100E09F409B1378DF7A90
:2063E0000F09E00F400B050D000D819AE00F400B0178DF7A0F99810AE09F409BE00F400B3E
:20640000039D010DE081C205A10EE100800B5F92ECB5418A648A91B51D30233E10002046D6
:206420001000BFFFACD050067F0006F0E031921D240FC980009D3309640FC980240FCD80F6
:20644000029D3309640FCD80240FD180049D3309640FD180240FD580069D3309640FD5804D
:206460002436B880243EC880BF07F4FE8007E13006E807E008D800D280070908C2FD6E3212
:20648000E2079B010606E8FFE2050606EDFFB205810E60006F32C2050606EDFFDA05330687
:2064A000FFFF7FFF53096D32D20D0606EEFFA20D0606EDFFD20D0606E8FFE20D209EFFF375
:2064C000A50D209EFFFB5309810E0008D5053306FFFFFFFC530980070F08C2FD0606EDFFA2
:2064E000C2050606E8FFEA3D24F6C880000D289F01002436B8801E383309010D020D289F7C
:2065000005003309030D040D289F09003309050D060D289F0D003309070DBFFF42FE1D06A3
:20652000E8FFCA7D24F6C880000D249FD9803309010D020D249FDD803309030D040D249F09
:20654000E1803309050D060D249FE5803309070DE0E1C2651C301E3820461000BFFF72CF02
:20656000D55D08F0000D6D3280078F08C2FD020D80078F08C2FD040D80078F08C2FD060D7B
:2065800080078F08C2FDA24D0606EEFFF245BFFF68CC0AD0E051BA1D8007C908C2FDE0E153
:2065A0008A0D3E060CE1FEFF000D000D000DF50D1CF0010D8007C908C2FD030D8007C90854
:2065C000C2FD050D8007C908C2FD070D1D06EAFFFA1DE0E1F21524F6C880000D3C9F010089
:2065E0003309010D020D3C9F05003309030D040D3C9F09003309050D060D3C9F0D0033099C
:20660000070D2436B880243EC880BFFF52FD1D06E9FFCA051B30BFFF14FE1A504006FF3049
:20662000501A07F0000D209EFFFB630F0100020D630F0500040D03F00745050D8007090841
:20664000C2FD5309810E00080606EEFFBA05810E600080070F08C2FD000D005280078F0807
:20666000C2FD020D80078F08C2FD040D80078F08C2FD060D80078F08C2FD031E10007F00E1
:206680008007610007E808F080070908C2FD209EFFF353090606E8FFE2050606EDFFB2053F
:2066A000810E60006D3292150606EEFFE20D0606EDFFE20D0606E8FFEA0D539E00FD5309A2
:2066C000409E00021309F505810E0008C505539E80FC530980070F08C2FDE0419A0D3E0631
:2066E00008E1FEFF0105010501050808E50D000D80078F08C2FD020D80078F08C2FD040DB9
:2067000080078F08C2FD060D80078F08C2FDBFFFE8CAE051BA1D8007C908C2FDE0E98A0DBD
:206720003E060CE1FEFF000D000D000DF50D1DF0010D8007C908C2FD030D8007C908C2FDA9
:20674000050D8007C908C2FD070D40067F008007E13007D808E009D080070908C2FD33066F
:20676000FFF37FFF005253090606EDFF8A0D33069FF37FFC5309810E6000B50D0636ECFFF2
:206780006132FB05539E00FD5309409E000113090AE8D545E0E19A0D3E0608E1FEFF01057D
:2067A000010501050A0895151DF0C4F2DCF1000D80078F08C2FD020D80078F08C2FD040D9A
:2067C00080078F08C2FD060D80078F08C2FDBFFF28CAE0519A2D8007C908C2FDE0D98A0DDD
:2067E0003E060CE1FEFF000D000D000D95151DF0C4F2DBF1010D8007C908C2FD030D80074F
:20680000C908C2FD050D8007C908C2FD070D80070908C2FD209E9FFF41EA530980070F08D3
:20682000C2FDFAE981BD4006FF308007E1F006E007E808D809C000D280070908C2FD209E46
:20684000FFF30606E9FFE2050606EAFFB205810E6000539E80FF530980070F08C2FD1AC8C5
:20686000D5751C06EDFFDA051B30BFFFC0FBF5651C06EBFFCA051B30BFFFB2FB1BF0000D1A
:2068800080078F08C2FD020D80078F08C2FD040D80078F08C2FD060D80078F08C2FDBFFF93
:2068A00058C90AD0E051CA558007C908C2FDE0E98A0D3E060CE1FEFF000D000D000DF50DBF
:2068C0001DF0010D8007C908C2FD030D8007C908C2FD050D8007C908C2FD070D1C06ECFF15
:2068E000CA1D24F6C880000D3D9F01002436B8801E383309010D020D3D9F05003309030DF7
:20690000040D3D9F09003309050D060D3D9F0D003309070DBFFF48FA80070908C2FD0198F7
:20692000879AC905209EBFFF53090198869AC905209EDFFF530980070F08C2FD41CA1BDEB0
:206940001000E0E9B2051DEE1000F8C9B18D1A504006FFF0E041E807140B079EFFFF679A1B
:20696000AB1D005253001A0008000B000B000E000E0014001100810E010085158700070970
:20698000D50D810E0200A50D810E0500F505810E0600C5052A06021200800190E051DA2D58
:2069A0006332E105A22D2A06021200807F0080070908C2FD614ACA05E64FC2981309209E10
:2069C000FFFC53090698C89A1309C232069E1000930080070F08C2FDE099F20D3E0604E10B
:2069E000FEFF000D0F8AF38FC00031885109F397C2981309010D7F007F008807210066324B
:206A0000BA3D07F0000D2436C880003A20461000630F0100020D630F0500040D03F0050D1A
:206A2000400E0001070D80FFBE570032013A06400648BFFF22FF243ED88000320340BFFF92
:206A40002EFAE0519A25243EB8800A302546B484BFFF1CFAE0518A1D400E00020A30630FFF
:206A60000D00063A06400648BFFFECFE20361200003A0340F50500526132E20507400D325C
:206A80000A38BFFFEAF948063F0006F080070908C2FD209EFFF300525309810E00088007BD
:206AA0000F08C2FD000D80078F08C2FD020D80078F08C2FD040D80078F08C2FD060D3E06E5
:206AC00000E1FEFF050D000D5309010D7F0006F080070908C2FD209EFFEF0052810E0010E6
:206AE00080070F08C2FD8007C908C2FD010D8007C908C2FD030D8007C908C2FD050D80073D
:206B0000C908C2FD070D3E0600E1FEFF000D5309010D7F008007E10006E8BFFFB4FF0AE008
:206B20001D361000243EC88020461000BFFFA2C91D362000243EB88020461000BFFF92C90D
:206B40001D363000243ED88020461000BFFF82C91C504006FF003E0600E1FEFF000D209EDB
:206B6000FFFCC83253090609010D7F008007610007E86132C125820D6332A10D8A25003225
:206B8000BFFFD6FFC51D0730BFFF46FFC5050730BFFF84FF240F01801D364400243E0480D3
:206BA000204610007D0F4100BFFF26C924F604800A0D7D0F59000C0D7D0F5D0040067F0084
:206BC00080074908C2FD63328B1D460004000A000F001400209EFFFC5309C84208098515A0
:206BE000209EFFF35309CA42A5FD209EFFCF5309CC42D5F5E039CA05209EFFFC5309800797
:206C00004F08C2FD7F008007E17006D007E023CF1900E039920D00DA243604802046100059
:206C2000BFFFAEC8C50D1F0A810AE149C21D01DAE049D205040A614AE20F04DB800709E8B5
:206C4000C2FD24F604800BD50DCD88EADDEE0300E20561EAC20563EAE0EF14EB63DAF10596
:206C600061EADB053A0602120080D52D1D301A381940014ABFFFE0FC0AD0E051CA251D30EF
:206C80001B40013ABFFF3CFFE0D9DA1D3E0600E1FEFF000D209EFFF71BD05309810E0004F8
:206CA000010D1CF0000D80078F08C2FD020D80078F08C2FD040D80078F08C2FD060D80075C
:206CC0008F08C2FD1A504006FF7080072100060864370180E031B2056132CA0D800709307B
:206CE000C2FD01460100003A8832C6360300BFFFD2FE005240063F008007E10006E8BFFF21
:206D00008CFD0AE02436C8801D3E100020461000BFFFBEC72436B8801D3E200020461000B7
:206D2000BFFFAEC72436D8801D3E300020461000BFFF9EC71C504006FF008207610007E8C0
:206D40006132D135B20D6332E11D9A350332BFFF08FE0332BFFF76FFA52D1DF02E0D2737A0
:206D600059002045073E4400630F0100204E1000BFFF96FE3D374100BFFF52FF1D30BFFFBA
:206D80000CFDD5151DF02E0D273759002045073E4400630F0100204E1000BFFF6CFE3D3786
:206DA0004100BFFF28FF1D30BFFF50FF42067F008807E17006E807E008D809D08007090886
:206DC000C2FD209EFFF353090606F0FFFA05209E9FFF5309810E1000E50D069EEAFF619A1D
:206DE000EB053306200080001309D5053306FFF37FFF530980070F08C2FD08F0000DE03954
:206E000007C880078F08C2FD020D80078F08C2FD040D80078F08C2FD060D80078F08C2FDFC
:206E2000925DBFFFD4C30AC8E051AA158007C908C2FD1CF0010D8007C908C2FD030D80076D
:206E4000C908C2FD050D8007C908C2FD070D1D06E9FFC2051D06EAFFDA3D1A06EFFFF1353C
:206E60001D06EAFFBA1D0330003A2046100080FF765303301C381A40BFFF56C6000AC50D6D
:206E800024F6C8800198C399C1F16090939F0100410A33918093FA09C1F51D06E9FF000AD6
:206EA000D20DE50D24F6C8800190DB91C1F1609892970100410A3299809BFA09C1F524368A
:206EC000B880243EC880BFFF96F4C50539060212008080070908C2FD1D06F0FFCA05209EF5
:206EE000EFFF850D1DEEEAFF61EADB0533069FFF7FFF530980070F08C2FD19504806FF70BF
:206F00008807E10006E007E8089080070908C2FD208EFFF32536C48403382046100081FFC9
:206F2000EE071CE6EAFF61E2EB0D519E01FC5309409E800113090906F0FF820D0998D39AD8
:206F40001309C505519E80FF530980070F08C2FD033012380940BFFF78C503F0000D8007DC
:206F60008F08C2FD020D80078F08C2FD040D80078F08C2FD060D80078F08C2FDBFFF7AC2F7
:206F8000E051BA1D8007C908C2FDE0E98A0D3E060CE1FEFF000D000D000DF50D1DF0010D00
:206FA0008007C908C2FD030D8007C908C2FD050D8007C908C2FD070D61E2AB0D3E0600E136
:206FC000FEFF000D3306FFFF00FC5309010D4806FF008A07610006E80848630701000232EE
:206FE00020461000BFFF22FC3E0600E1FEFF000D209EFFFB5309810E0008010D0505050543
:2070000005050505E051AA4D03F003050505070509050F32233E04002546B484BFFF50F4CA
:20702000E051CA3D230F05001DF0E00F409B230F0900C19AE00F400B9F0A1309E00F400B3B
:20704000010D230F0900E00F409B230F0D00C19AE00F400B9F0A1309E00F400B030D230F08
:207060000D00E00F409B230F1100C19AE00F400B9F0A1309E00F400B050D230F1100E00F1E
:20708000400BC10AE00F409B079DC3FF0400E205A10E8700E00F400B070D3E0600E1FEFF19
:2070A000000D209EFFFB5309810E0008010D0505050505050505000D810E2000010D4A06C8
:2070C0007F00000A04F0C1F1410A5E0704800106F0FF99FD7F0080072100BFFFE8FF010AEA
:2070E00024F604800B0D0D0540063F0080072100BFFFE6FF3E0600E1FEFF01050305020DB9
:20710000209EFFFC3206FFF30FFF0052810E0100030D000D810E0F00010D060D060D060D9A
:20712000060D060D060D060D060D000D5309810E0001010D020D5209409610001209030D6E
:20714000000D5309010D40063F0006F0000DE00F409B020DC19AE00F400B9F0A1309E00F0E
:20716000400B670F0100020DE00F409B040DC19AE00F400B9F0A1309E00F400B670F050054
:20718000040DE00F409B060DC19AE00F400B9F0A1309E00F400B670F0900060DE00F400BA1
:2071A000C10AE00F409B679F0D00C6FF0000F205A10E8700E00F400B670F0D007F0006F003
:2071C000000D279F01003309010D020D279F05003309030D040D279F09003309050D060D2A
:2071E000279F0D003309070D7F008007E1006E32C25D0606F0FF80070908C2FD08F007E095
:2072000006E8EA05209E9FFF5309810E1000209EFFF3530980070F08C2FD000D80078F08A6
:20722000C2FD020D80078F08C2FD040D80078F08C2FD060D80078F08C2FDBFFFBCBFE0515B
:20724000BA1D8007C908C2FDE0E18A0D3E060CE1FEFF000D000D000DF50D1CF0010D8007F0
:20726000C908C2FD030D8007C908C2FD050D8007C908C2FD070D80070908C2FD0198879A09
:20728000C905209EBFFF53090198869AC905209EDFFF53091D06F0FFCA05209EEFFF5309E0
:2072A00080070F08C2FDA50500524006FF008807230001050305050507053E0600E1FEFF38
:2072C000000D209EFFFC03382546B4845309810E0100010D020D3306FFFCF0FF5309409EA4
:2072E00001001309030D000D209EFFF75309810E0004010D06F0000D0F3280078F08C2FD82
:20730000020D80078F08C2FD040D80078F08C2FD060D3E0600E1FEFF050D000D810E600050
:20732000010DBFFFC8FEE051BA3503F0020D0095E00F400BE097409BC19A01889F8A1389CF
:20734000E08F409B649FE980049DC10AE09F409B13889F8A0189E08F400B640FED80060DB6
:20736000C19A24F6E880E00F400B01889F8A1389E08F409B059DC10AE00F409B079D889269
:20738000F905A10E8700E00F400B640FF5803E0600E1FEFF000D209EFFFB5309810E0008BD
:2073A000010D0505050505050505000D810E6000010D48063F0080073B0000E1FEFF000D53
:2073C0003306FFF37FFF20969FFF5309010D3E060AEAFEFF7008049AC10EFFEF800C06F0BC
:2073E000000D80078F08C2FD020D80078F08C2FD040D80078F08C2FD060D3E0600E1FEFF94
:20740000050D000D5209010D010AF5352A060C5200803206A0860100A007A788D4FD8D8A84
:20742000A90D3E060AEAFEFF70900052D296FFEF8094D5055F920000E091FAED13F0C2F2CB
:20744000C6F10095E05180078F90C2FD029580078F90C2FD049580078F90C2FD069580072E
:207460008F90C2FD8A0D3E060CE1FEFF0095009500950095449A410AE70991CDE039820DF6
:207480003E060CE1FEFF000D000D000D000DBFFF68BDE0518A0D3E060CE1FEFF000D000D97
:2074A000000D000D40063F008807E10006F008E00706F0FF913D07E8074006380330BFFFB0
:2074C00010C01DF0C3F1200E8000800B1D0E0100D50501F0C3F18003410A0106F0FFA9FDCD
:2074E00024EEE8801D361000003A2046100080FFF64C1D3E10001D30BFFF52FC03F0000D7A
:20750000249FF9803309010D020D249FFD803309030D040D249F01813309050D060D249FD0
:2075200005813309F515240FE980009D3309630F0100240FED80029D3309630F0500240F72
:20754000F180049D3309630F0900240FF580069D3309630F0D001C38034020361000BFFFA1
:207560008CFC4806FF003E0658E2FEFF000D810E0200010DE00760011EF6C6077008C10E9F
:20758000FFEF800CE08760017F00200EA50080070F09C1FD020A3E0604E2FEFF800C209E7D
:2075A000FD00809C800C2A0D810E01002B0DE00760011EF618087008C10EFFEF800CE08783
:2075C00060017F003E060002F9FF009D400E40000199019D049D0199059D1EF600FE109D8E
:2075E0000199119D149D0199159D200EA50080070F09C1FD7F000052E031C2050706E0FF81
:20760000D2052A06071200807F000A080198C29A13F0C8F1C699339F0100410A680A019DFB
:20762000E1F57F008007E1F123BF21000052E041826D06C809C09800C6060300DA052A062A
:2076400002120080E55D3D060080A0FF3D0FAD00810AD1053D0FAD00840AC94D0AD8C5252F
:20766000FBE62800D7E1DCE70000820D9C3F25001C3604001D40BFFF80FF3C0F0100590959
:2076800092159C3F25001CD604001A301D466000BFFF66FF9C3F25001A301D462000BFFF92
:2076A00058FF41DA9B00F8D9C1DD3D0FAD00810A890D2536D484203E20001D40BFFF3AFFAF
:2076C0003D0FAD00840AD9052536D48480DFC4003D0FAD00810AD1053D0FAD00840A890DF8
:2076E0002A060712008080379A00800CA50DE051BAFD3E0604E2FEFF80041F0A800C800466
:207700004006FFF18007E10007E000EABFFFB8FEE0E19215405EA1FF2B0FAD802B06AC801C
:20772000A0FF810AD1052B0F0100840AC9053D060B180080BF07B2E28007E11000E2BFFF5A
:2077400086FE80373E0025DEF4843D060080A0FF800C1B30203E20001D40BFFF9CFE1B307E
:2077600080DF30003D0FAD00810A810D3D0FAD00840AC1053C06045200801C504006FF1042
:20778000030A3E0604E2FEFF800C1C9A809C6600203E20001D466000BFFF5EFE7B00800794
:2077A0003B0020C0C4FF8007099804F2400E40001E303E0610A0C5FF019980070F9804F27B
:2077C000009D40960C000199019D049D0199059D089D0199099D0C9D01990D9D800709981B
:2077E000488B06F0129980070F98488B80078998488B129980078F98488B80070999448B75
:20780000019980070F99448B80078999448B019980078F99448B009D0199019D189D01991C
:20782000199D209D0199219D289D0199299D3E0658E2FEFF000D810E0400010DE0076001E7
:207840001EF6C4077108C10EFFEF810CE0876001E00760017008C10EFFEF800CE0876001ED
:2078600080FF1E00BFFFFAE7405EFFFFCBBF1EEA0B60CCBF1CEA40063F0001527F00E00269
:207880005C3641FE400E0010405E1FFF6B0F55007F008207E10006E8DD002036FB0080FFAA
:2078A000F8020AE01D382036FB0080FF1003E0E1AA05E051E1571453CA05040A80E7080020
:2078C0004206FF000A381D30630F01000740074880FF04067C00240FE987640ADA05060AC4
:2078E000640FE9877F00019A620AC2050D9A6C0ACA051308649FE987249FED87629ACA05DC
:20790000049A649FED87249FF187629ACA05039A649FF1872497E587049A6292F205079AE3
:207920006592C205099A6892BA05649FE587680ACA05090A640FE987240FC987630AA20DE8
:20794000650AA20D680AC2050106F0FF8A0D0E0AC505040AA505070A640FC987240FC58756
:20796000620ACA05030A640FC587240FD987620AAA0D840F2F88010601FFBA0544072E8839
:20798000030AB50D650ABA0D840F2F88010601FFBA0544072E88060A640FD987249FE187C3
:2079A000030A679AC205050A669ABA05640FE187240F6581640ACA05050A640F6581249FC8
:2079C0006D81040A629AC205070A659ABA05640F6D81240FDD87620ACA05040A640FDD8701
:2079E000240FBD87620A9A0D24F694870E9D040AE099EA0F140B150D650AF20D680AC21D9D
:207A00006B0AD20D6E0AF20D0106EFFFA20D0106ECFFCA0D010A850D070AE5050D0AC505B5
:207A2000420AA505480A640FBD87240FB987610AAA15020AB5150A0A640FBD87E40F078887
:207A4000E009CAF5200E1600640FBD87010A440F0988C5ED630ACA05050A640FB9877F0065
:207A6000240FE987059A640AF205039A620AC2050E9A6C0ACA051308649FE987249FF187D9
:207A8000629ACA05049A649FF187249FED87629ACA05039A649FED87249FE587629AE39F3F
:207AA000049BE205659AB205689ACA05069A649FE587680ACA050A0A640FE9872497C98767
:207AC0006592CA0506926497C987240FC587620ACA05080A640FC587240FD987620AE30F81
:207AE000040BC205650AFA05060A019A449F2E88640FD987240FE1875A0A610ACB05080ADF
:207B0000640FE187240F6581640ACA05060A640F6581249F6D81030A629AC205060A659A3B
:207B2000BA05640F6D81240FDD87620ACA05030A640FDD87240FBD87039A620AD215069A68
:207B4000650AA2150C9A6B0AF20D469A0106EFFFB20D099A680A820D0F9A6E0AD205469AD5
:207B60000106ECFFBA05649FBD876392E2056892C2051206F0FFCA05090A640FC987249F01
:207B8000B987050A619AC205040A639ABA05640FB987BF0744FD8600000A61329A0D249FC3
:207BA0001988629AE20F0000639AE10F040B249F1988E099E10F04537F00C7000706E8FFDD
:207BC000E15700007F00E039BF07C8C3000007F0DE00C80000521E06E8FFF105C4F2C5F128
:207BE000FE0FC189E141B10501527F007F0007F0DE00C800C90000521E06E8FF810DC4F2FE
:207C0000C5F1FE9FC189C941F341B70501527F007F00249F1988240F1188BF0798FF249F2C
:207C20001988240F1588BF078CFF240F1988E009821D240F2188E009C205650AA205680A12
:207C4000E10F040BC20D840F3988610AE205840F4380610AE30F140BE20F040B640F1988CA
:207C60007F00245719887F008807E10000EA240FC587680AEB07F501410009002A00A4009F
:207C8000A700F7004600F700F700E80084F73988250EBC898057F601C1F171080198819AC9
:207CA000E907C5011F9A649F258070986407218164070D81649F6081729824F654818E0B29
:207CC000010A859C010503058404640FC58784F73988244F2181243E24808057D20180FFA3
:207CE0001C256152C10DE2075B016352E20775016652EA077701010A640F218180579C01B4
:207D0000F2B5800772012436548180FF16126152E1F5D2056352824D80075001240F0D816F
:207D2000E009DA3D24F654816E98020D00350305449F1E817698640F1581750864371181BF
:207D4000649F1C817498640F1A814E0A649F1881019A649F0D81A505410AC100C1060700C5
:207D6000CAFD06E0A1E164E7258080FF101D0A3080FF9E20EAE1816D24372580243F91878D
:207D80000E4280FF80D96152E207E100020A640FC587240F2580640F558195B524F610815D
:207DA00080E72A018565240F0D81E009DA4D249F5581010A640F2181649F2580640FC58756
:207DC000E59D80E7B800B59D8057F400DA3DA70F01000106C4FF8A3D870F010001065BFF8E
:207DE000BA35033080FF8A098057B8001D4880FF8E43E30F0900E151FA2584F73988E39F01
:207E0000050080578800C5F1FE0FBD89E199CA1D243F9187033080FF860903F07398060DC7
:207E2000649F5E816398640F5981449F62817298649F60817498649F5C81249F1581E199A5
:207E4000E50F040BC2BD080AA5BD24361081013A80FF380C6152F107A7FED2056352DA0588
:207E60000AE8C50501EAA50506EA1F0A6407C587640F25801D504806FF0080571E00BA055B
:207E800080FF60D880FFC8067C00FEF61800C4F1FEF77B81C4F26A00240F1D88E0096A0065
:207EA00024379187083A8046FECA6A0024465481FEF61800C4F1FE3779816A00243F918701
:207EC000870F030001066AFF6A007630003D80FFF41F7C008007E1F306D8DB0023CF250013
:207EE0001B06E8FF813D1BE0C4E2C5E1FCD7BF8907C008B809B0DAEE000388EA1D3080FF11
:207F0000D035E0518A2D1DF0C2F2C4F1020A7E0F0D88FDF61800240E74813CE6BC891648D9
:207F2000C1F1DA0E00048A0A090DDA0E0100410A940BFC0F010083DC01BD61CA820CB2058D
:207F4000FC4F0500854C84C419301D3880FF76350052A50501524006FFF380076100240F4E
:207F6000CD8700EA610A811DE22D650A924D660AAA6584F73988240E748124365481FEF658
:207F80001800C1F1003D7440754880FF8C090AE8E051925D955584F73988250EBC89BF578F
:207FA000ECFEC1F17008640F60817208640F5E81620824F65481010503058E0B010A8404FA
:207FC000640FCD8784F73988244F2581243E2880BF57DCFE80FF26226152D135F20563525F
:207FE000D20D66528A2D010AA51D050A640FCD87240F5581640F2980E5250AE8D51D243623
:20800000548180FF1E0F6152E11DC20D6352BA1580573800C20D010A640FCD87640F258112
:20802000A515C4DF6281E20714EBEA05060A640FCD87950D06EA1F0A6407CD87640F2980BC
:2080400064072581BF0784BE84F73988FEF61800C4F13E0F8181650A6A008007E100240F47
:20806000C18700E2610AE10DC235640AE207EB01650AE2077702680AE207950206E2800711
:20808000C60284F739881F9A649F298164073181FEF6180064072D816407388164073581EF
:2080A000C4F1FE0F7B81C40AC50921F6BC89709064976081729024F65481019D030564979C
:2080C0005E81810FBF8984048E0B010A640FC18784F73988244F358124EE54811D40FEF665
:2080E0001800243E2881C4F1FE37798180FF0E216152E1075D02A20D6352C26D6652FABDCF
:20810000010A640F358180074802849F638184F739881308840AFEF61800910DC4F13E0FC2
:208120008181630AA20DD30EF700F515C4F13E0F8181630AE207D50180571C027308C40AD1
:20814000C509E10FC189640F5E81060D630ACAED930E080064075E8124379187440F6281F2
:20816000203E15002046000480FF303384F73988240E7481849F6381FEF61800C1F173089D
:20818000C40AC509E197BF89210EBC891288818AC905939E0100B505D39ECE001288858AC8
:2081A000C905939E1000B505D39ECF008692D90D939E2000449F6281069D639AB22DE10F32
:2081C0000500640F5E81E525D30EDF00440F628195258057820173081E301DF00305C40A88
:2081E000C509E19FBD89869CE19FC189859C819FBF891F0A010D8E9B06F0060D630AEA05B1
:20820000930E08001DF08E0B85048057760180FF8A321D3080FFA40584F73988E40F5D817B
:20822000FEF618002108640F318180574A01FE0FBF89C10E2000A50AE009870DC4DF6281CC
:20824000DA05E40F5F815C0AB505E40F5F81640F3881040AF555240F2D81E4EF3981A1E9FD
:20826000DD001D06FFFEC90520EE0001B505E0E9F21584F73988244731811D381C48FEF694
:208280001800C4F13E377581C13180FF263F24F62C81000D64573181DD09010D955D8057D2
:2082A000B600060D630ABA0DE40F5D8100351C380748214080FFFC3E645731812447318174
:2082C000240F5981E141FA0D240F55817F0AB20D050A84F73988640FC18780578A0080FF31
:2082E0006005E535080AE5F584F739888057780080FF9C026152C12D820D6352FA0781FD07
:20830000080A640FC187C52501E2D51D84F739888057540080FFAE286152A11D9215635248
:20832000F1075DFDD2056652B10DFA0753FDA40F2F88E009B2055F0AF50503E2C5050AE047
:20834000E051E205030A440F2F886407C1871C504006FF0084F73988240E7481FEF618001B
:20836000C1F16A0024365481FEF61800C4F13E3F75816A00C4F1FEF77B81C4F2C5F16A0098
:2083800024379187203E1500204600046A0024F694871F0A010503050505070509050B0D7B
:2083A0000F0511051305150517051B051D051F05210523052505270529052B052D052F0577
:2083C00031053305350524F664810105840B24F66C810105030524F65481010585048E033D
:2083E00086048404030524F62888030A8803870B820486038004810424F60088440F3888A2
:20840000440F39888803820401058304000AE1F60C00249E3C81D3F11F9A0305019D889BF8
:2084200004F0C1F1410A5E073288620A91F57F00000A01F0C2F2C4F13306FEAFFECA410A5E
:208440007E9F1D820106E8FFD9F5000A04F0C1F1410A5E073488620AA1FD7F00000AE1F61E
:208460001800249E7481410AD3F101058204850407059403630AC1F57F008007610025EFC8
:208480009989E0E9B205FDC760F9240E8382830AC30A640F91874407368864078D8764070E
:2084A0001D88000A01F0C2F2C4F1410A7E070D88630A91FD64072188BFFFD6FEBFFF74FF7C
:2084C000BFFF9CFF80FF841204F0CAF19EF733880A30FEF60C00C4F13E0F4181620A8A0D2E
:2084E0000AE880FF7C141D3080FF061DC50D630ACA0580FF2819B50580FF161924F6948721
:208500000155035580FF9A21010A640F1988640F1D8840067F00010A440F36887F00820753
:20852000E10006E8DD000732BFFF6EF60AE01D380732BFFF88F6E0E1AA05E051E157145340
:20854000CA05030ABFE780F34206FF008007210080FFC2D16252820DE051CA05BFFF7AF3B7
:20856000B505BFFFFEF440063F008007610006E880FF0A150AF0C4F2C5F13E0FA189410A70
:20858000BD09680AE00F025340067F008007E13006E007D0240FD98700DA660AEB075B011A
:2085A000410007000D0076002A004A0076007900020A640F2A88010A640FD987FCEF0B0088
:2085C0001F0A26370100440F2E884EEADD00243F9187200E10001D06EFFFE1EF22EB6437B4
:2085E0009D871D4080E70A0EEA070F01020A80D7520D80070A01040A640FD987E60F0B0045
:20860000E49F2B88E199891D24379D8780EF9E0D249F9D87E1998115C4518A0F3388805734
:20862000EE0CE30712DB890D8057A00CEB5D8057660D640F9D87840F2F88E009EA55FCEFCA
:208640000B00E49F2B88F3E9A35524379D87B3E9DD00BFFF18FFFD51F90524379D87BFFFAF
:208660000CFF0AE8DD00E43F2B8824379D871D40DA3980E77C0D8A45050A80D7C60C24F64A
:2086800028887108DD09810CE0D9923DE535BFE7ECF7D535840F2F88E009FA2524379D8738
:2086A00080EF440D0AE880FFD41324F69487020D049DE199B305EAE9821DFC0F0B00E49F80
:2086C0002B88E199C915C4E99D0F33888057400CC90D8057F60B9B0D8057BC0C24F694872E
:2086E000050D040A230DB50D03DAF5051CF0BFE7DCF701DAA50506DA6407D9871B5040062B
:20870000FF3007F060986108C89A1309660F00006208460F02006308460F03006408460F9A
:2087200004006508460F050066986708C89A1309660F06007F0006F07008880A470F000033
:208740007008470F01006208470F02006308470F03006408470F04006508470F05007308BB
:20876000880A470F06007308470F07007F0007F06308460F030064986508C89A1309660F9E
:20878000040066986708C89A1309660F060068986908C89A1309660F08007F0007F06A988B
:2087A0006B08D89AD00A13096C98C89A01996D081309660F0D007F008007610006E824F75B
:2087C000918764072888200EA5FF083A800B24F79187200E3C008046FECA004A810B24F7AB
:2087E0009187200E96FF820B24F79187860F0F00830BE60F0D0024F79187880A840B24F73B
:208800009187860F0D00850BE60F0B0024F79187880A860B24F79187860F0B00870B2437F8
:20882000918780FF5A3924F791870A08880A880B24F7918789537D57080040067F0080076D
:2088400021000698078824F79187640728880808980A023A8A0B24F791870808900A8B0B86
:2088600024F791870808880A8C0B24F791878D4306F06E9003451208840AA105753884F7D7
:208880003988FEF61800C4F1FEF77B81C4F2C5F1FE0FBF89C10E2000A50AE009D70584922B
:2088A000B1055C3AC700623AE23F163B000AD51524F79187C1F1C6DF0E00B2058E03B50D01
:2088C0000190D191929701008E9324F62888709041928094410AC100E709B1ED84F73988D3
:2088E000FEF61800C4F1FEF77B81C4F2C5F1FE0FBF89C10E2000A50AE009C70D2437918737
:20890000F30F0900004A4E32214080FFA6386457258840063F008007E1F106F007B808D0F1
:20892000DA0009C8D900240FDD8700DA1BE801E21BC0640AEB0743014100050050006C00DB
:208940006F0079000035640728884E326437958780FF2A1104F0CAF1C452C5512A9FA98918
:2089600024379587419A1390A691FA91BB2D9E0F3388410A8100E1F60C00A699D3E9259E83
:208980009C89C4F19EF74581DD0041E21A88BD89C4F2D3F1069D04359C00419A1390A69113
:2089A000F191F305DA31BD316437958701C2D50564379587E0C1E2DD84972D80F2E1A9DDB8
:2089C000C505DA3164379587A699F3C9F3CF360B640F2C88010A640FDD8724F62888703892
:2089E000243795877240D73980FF1ACD61528215020A640FDD8724F6288872387008243665
:208A000094870142C709800C80FFA210B53D06DAC535BFE768F4E535A40F3988E009C22D37
:208A20005F0A440F39886407DD87C52DE40F2988F909E2DF0000922580BFEC08C4518AF711
:208A40003388250E9C8964E7DD8741F29E0080578C08C1F10435E40F298864379587A1C968
:208A6000060D1990D200410AA609E191F90F220B640F2C88F50503DA030A6407DD87440F9A
:208A800039881B504006FFF18207E110240FBD870106E5FFE107770406E807E000DA410045
:208AA0001B006B00E3007001E700E30070014501E30070010A01E30070015D01E3007001F6
:208AC0003101E30070014501E30070018101A401DE01F9012A02260F010024F600888204EC
:208AE00064073D88010D24F694870235010A64074188150D80EFE6080235C4518AEF33888E
:208B00000F0544070988BFFF64FA0A06F0FFE90580E77808620AE207050480E76E08630ACD
:208B2000EA07C10284372D8041EA9D00E6E9E10D5F328600E6F60C00C4F19EE7458180FF16
:208B4000BC0F010A640F3D88B50D80577008610ACA05200E1900E5051D3080FFA00F200EE2
:208B6000180024F69487C4E2150DC5E13C0FA589030D8007A803E6470B00E49F05884E42A7
:208B8000E899FE3DB341A5054142C80064470688C8060700AAFD0806FFFBD905200E000463
:208BA000640F068824379987BFFFC2F9E40F0788EA09B30564570688E051E20727022437AC
:208BC0000188BFFFA8F9E4470788EA41D3050A40C800644706882437018880E7A207E207C8
:208BE0004101020A640FBD8724F60088733872081E30C709820C014280FFB20E80071E03D3
:208C0000240FB1877F0AF205200E1000640FBD8780070A03E6370D00233E020080FF32287A
:208C2000E051A20DE3F70300C4F2C5F1DEC7BE89EA0501DAE50DDDC70E00C2FD840F0988CE
:208C4000E0098AFD61E2EAF56407BD8744E70888FD370D00243F318080FF6A12E0D9E20726
:208C6000BD028007AA02BFE714F28007B00224379987243F9187084280FF82CA6152825588
:208C80008057AE06640F3180480A0F0D483A80FF1C2824F600887308203E1000500A830CFE
:208CA00024F64088000D010E1000010D050A80571C07A5A5240F41880106F0FFAA0DA40FE9
:208CC0000988E009EA05243F9187073E1000E505010A243F9187440F098824379987E44761
:208CE000078880FF18CA6152B21D24F64088E43F0788000DC709010D0B0A8057D006BF07FB
:208D0000F8FE80E75006C20D24F694870E0D050D1F0A0F0D200E1100150D80070002FD370C
:208D20000D0080DF4E0680079001240FB187243E84877F0AB205243F918724379D870842FF
:208D400080E7AE06EA07730124F694870E9D200E14007F9AE80F140B85E5A40F0988243F31
:208D60009187E009BA05073E100024379D87E447078880E77C06EA0741010E0ABF0790FE1D
:208D8000840F3580E009820D5F0A440F34806407BD8780078801E6370D0080DFD6058007F9
:208DA0006C012437018880EF0406249F0188E199D10DC4518AF7338841F29E0080571E0529
:208DC000C5F13E0FA589640F018880E71E05C452C5512A0FA989249F9987E199E1072901D6
:208DE000200E1700BF0728FE80E700050AE00A30033A80FF800EE051E2072301C4E19CEFFA
:208E00003388840F2D8041EA9D00E1E9C1055F0A01E89D008057A605E009B205640A9A0DD9
:208E20001D3080FFD80CC4E2C5E180573A05B515C4E2C5E1610AFA0580572C05200E190051
:208E4000BF07D8FE1D3080FFB40C80571A05010A640F3D88200E1800BF07C0FE80FFBA0CA2
:208E6000E051C25D6152AA5D240F3D881BE8E009D20D80E73A04F5051D30860080FFCE1551
:208E800041EADD008057720581FD200E1900BF077EFD80E756040AE00A3080FF54131C305F
:208EA000023A80FFD00DE051923D6152AA1D240F3D88E009B20506DAA52D249741881CF0C6
:208EC00080E7E004040DE091D205FD9F0B0080E7240424F694870D0D200E1A00BF073CFE21
:208EE00004F0DCF19E37338880FF120C200E1800BF071CFD80E7F4030A30053A80FF760D86
:208F0000E051C20D010ABF0706FD03DA030A6407BD8744070888440F34801B504206FF1040
:208F20008007E130240FE187680AEB07530306E800D2410009004700BF0084002601840005
:208F400071007100750006F0000D64072A886407458864074988640FA18776881A98209625
:208F600017001208B3090282F00FFC02D309C10001F0C4F2C5F1FE87BD89F181DB05A10DBE
:208F8000640F5288C50DE009A20D5F0A0190D200C505410A0198D300F391C9E5E6470B0063
:208FA00024379187200E0004203E15000806FFFBE14722436447508880FFE024010A640F80
:208FC000E1871DF06E987540D30E2000A50A64475088E009F705849AD1055C42C800644744
:208FE00050886242C305020A640F50882437A187243F91872046100080FF0AC76152E20776
:209000009502070A640FE1872436A087203E1000014280073402BFE764EE80078C02A40F1E
:209020003988E009820D5F0A440F39886407E18780077602E6370D0080073C02650ADA056B
:2090400004DA64DFE187E505E6DF0B00020A640FE1872437A18780EF8E030AE080EF7E0389
:209060000635020DE131C305EAE1E30704D3E40F5188E49F2B88D309FB09FE151CF0C4F289
:20908000C5F13E0FA989E1318115C4E19C0F338880577C02E907E50180573002EB07DD01E4
:2090A0008057F402640FA187E0D1E207FD018007E601240F4988243791871A48E43F51886D
:2090C000E009BA0DFD0F09004E32214080FFE430010A640F4988D5052447458880FFD43073
:2090E00024F628887108E49F518864574588D3099D9F0F00810CC100D3962000A592E091A3
:20910000870D849AE105FDDF0B005CDADB00B505FDDF0B00FB09C925A1D9DB0064DF5088BC
:209120001B06FFFED905200E0001640F50882437A187BFFF38F4E4475188E851990D24370E
:20914000A187BFFF28F40A40C800644750882437A18780E72A02E2073D01070AE56D3D0F8C
:209160000500E151E207F500E091E707F900040A640FE1876407508864072A8880072A0187
:20918000E44751881A08E041DA15E515E49F2B8824F791871892C199C39AC1F19299609008
:2091A00024F64C88410A8100F397C000009D1299019DE809C1ED24F628887108C809810C85
:2091C000C100640AC9452437A187049AA199649F508880FFA8080AF080E7C801020D243759
:2091E000A187E4475188410AA609E809D9050140C80064475088040DE131BA1DE40F2B884E
:20920000E009FA15FD0F0B005E0AC10E0700630A8A15C4518AF733880142644750885FF28D
:209220009E008057B800C5F13E37A1896437A18780E74C01F22D060A640FE1872436A087AA
:20924000E43F51881A4080FF6408E52D240F4588249F4D88E199EA051DF0BFE770EC01D2D8
:20926000A51D240F2188620ACA05BF57DEEDD205FD370D0080DFFC0003D2D50DA40F378898
:20928000610A8A0DE6370D002706FEAFFECA80FF340C06D2030A6407E187440F398864070A
:2092A0004D88640752881A504006FF301DF080576C002706FEAFFECA80FF0A0C41EA1D06E0
:2092C000E8FFD9F500EA7C00FEF60C00240E3C81C1F1020D5E0A610A6A00FEF60C00C4F1D1
:2092E0009EF74581C4F26A002437998780FF8E077C004E9AB299A5050A98D309C1060700BF
:20930000CAFD069DF309FF0F120B7C00849F2D80410A01F09E00F3F16A00C4F2C5F1FE37A7
:20932000BD896A002437958780FF5207770024F69487020D243F91872436848708426A00DF
:20934000640FD98724369C871D38014280FF5E077A002437B187243E8487084280FF9EC39D
:2093600061527C003C0FA58924F69487030D6A002706FECAFEAF80FF4C0B7B00243F918728
:2093800080FF82C361527C00FDF60C00C4F13E0F41817C0068F0C4F2C5F13E0FA5896A00F2
:2093A000C4F2250E9C89C1F17C0080FFD0060AF0C4F2C5F13E0FA9897D00FDF60C00240E89
:2093C0003C81C1F1020D68E06A0024F69487150D020D1E360400050D6A0080FFA00624F6E4
:2093E00094877D0080FF9606243799877D0080FF1CC3E0517C00840F2D80E1E96A008407B8
:20940000E13006D800EA030A1FD21DE0440F39886407E98780070002240FE9876E0AEB07F3
:20942000E90141000F003800DC004C00DC00C5005700F100F100F100F100CD00DC00E40049
:20944000EA00FDF614001F0A25371585249E3C81DBF184038503860387038C030905010DE4
:20946000050DFDF60C0080578A06D3F1010D8803030580FF26201DF0C1F2C4F17E07548874
:209480001DF0C4F2C5F13EE79D89010A640FE9871FD258E241D2BA006BD2FE0D48E21C365E
:2094A0000400043A80FF7CC26152E2072901020A640FE987800760010B0AB5FD253F15854B
:2094C0001C30084280FF3EC26152E2073D01040A85F5253F15850330BFFF2AF2E30F010017
:2094E000A106FECABA650330063A8046FECA004A80FF8C2CE30F0700E1518A5D03F06308EC
:2095000064986290D00AC89A019965081309129EFFFF629A8315649AFA151D98C49AC5993E
:20952000339FA589FDF61400989ADBF1D89A1309050DA50DFDF61400DBF1009DE199B30532
:209540007F9AAA05010D120EFFFF650AFB2D410006001200190020002D002700FDF6140093
:20956000DBF16408410A840B1DF0C1F2C4F17ED75488C51DFDF61400DBF16508410A850B36
:20958000D515FDF61400DBF16608410A860BE50DFDF61400DBF16708410A870BF505FDF6C6
:2095A0001400DBF16C08410A8C0B010AA585A40F39886407E987E009922D5F0AA52D48E2E4
:2095C0001C30083A80FF5CC16152EC0F140BFA07E3FE41EA6407E9879D00D51DBF57BCE863
:2095E000BA0580FFFEC0BFFF66EFD5151DF0F4F74002DBF10905E5ED1DF0F4F74002010A47
:20960000DBF1090DF5E56407E98741EA9D00030A440F3988840F2D80E1E9F107FFFD440682
:20962000FF308007E13000DA1BE09555FCF60C00240E3C81C1F1020D610AFA451B08C10A5E
:20964000C409E10F5588249E54886A0AE93D68D800D21B08C10A1BF0C4F2D309C5F1E1EF15
:2096600001003E0F9D89C3EAC1E9010A48EA640FED87240FED875F0A630A9B254100040079
:209680000E0016001C001D30083A80FF96C06152E215020A640FED87A515BF57FEE7BA0515
:2096A00080FF40C0BFFFA8EEA50D1B30023A80FFC405E051C20501D26407ED87240F1D88D4
:2096C000E009BA05E0D1E2D541E29C00840F2D80E1E1D1AD4006FF302056FF000A08009AA5
:2096E000B525F3F60C0024963C81D2F102956392AA0568506292AA05685061928A0D0A0679
:2097000001FFDA05010601FFF30F240BE091B20564928A0D0A0601FFDA05010601FFAA05D8
:209720006850419A930084972D80F299B1DD0A0601FFAA0D010601FFF205E1F60C00C4F1C5
:209740009E5745817F007F00A007E100000AE1F614001F9A410AC3F19C039D039E039F0399
:20976000A40315050D9D119D620AA1F523361800BFFF8EFC000AB51D6690E091D205039266
:2097800073970500A5156590E091E29714939AFD6490E091E2056C90E091E197049392F594
:2097A00013F003051F920195410A8100848F2D8000EAF109895DE1F61400E19E0C00C3F1D7
:2097C0000C95C399530F08007397010014951EF618006192C2056790E091F2CD049213F0C8
:2097E000039595E5F3F60C00C3F1007DEF81910D02756D72E2057F7AEF873483F30F340B7F
:20980000419A9300F199F1ED010601FF009AE20DF50D7F829A0DF3F60C00C3F1027D6D7A29
:20982000F30F340BDA05419A9300F199B1F5E19E0C00C39913F06878020D0085527F080033
:20984000720F050072870100E009D205640AB20564878D87C4794FEF32880D0A41EA730FAB
:2098600005009D00F1E91F82E1EF12EB892DFD960C00240E3C81009AC191200EFF00B5C527
:20988000FDF60C00C4F13EF63C81020D68E0610ACA151D08EC0F4002249E3C81D309210F95
:2098A000F9FF630AAA0DB50580FF38BE1C30023A80FFC203E05192FD41EA9D00BF573AFBBE
:2098C00081E5BFFF60FDBFFF12FEEAF61400C3F1100D640FAD87009A01EAA53DBFE7ACFA1A
:2098E0005E0A610ABB35FDF60C0024963C815492D2F1020D620AA22D630A822D68E01D08B3
:20990000E19E0C0024F63C81D3F10085D29973870100028573870500688053870800019E47
:20992000FFFF410AC4818100509F3288F10991EDF1F60C00040A5F8A019AD2F1030D88E334
:209940001F0AC4E1010D5C8F328841EA9D00848F2D80F1E9C1C5E099FABD6006FF00800782
:20996000E11006E89D0000DA240FF187640A9B6541000500170068006D006E001D3080FF0C
:2099800090046457598864575D881D3080FF8E04200E800064576188640F6588010AB565C2
:2099A00024375988240F618824E76588E131D13568E2CA0D24F65C88009D01DA000AB309E2
:2099C000C10E0700D309010DF5151D3080FF4204240F5D88AA09010680FFD1051D3080FFB8
:2099E0003004D50524575D880A5680FF080A64575988640F65881D3080FF2204240F5D8802
:209A0000EA09E3051D3080FF140464575D88240F5D88640F6188952D1C98C699E199C3055C
:209A2000A60901E601001C3880FFF8BC6152DA1506DA249F5D8824F694872F05019D039D37
:209A4000A51D80FF9EBCBFFF06EBF50D85AD240F5988640F5D88B5A524F65888000DDC09D6
:209A6000010D020A640FF187E0D9CAE5BF572CE4F207F9FE1B504006FF102056FF00000A24
:209A8000851501F0C4F2259E9C89D3F1009DF331E105029DF331BB0501507F00410A810013
:209AA000849F2D80F309E1ED7F008007E13006D807E8DD0008D026E701001C30BFFFBEFF9E
:209AC0000A0601FFC215E0D1F205B50541EADD00DD060700CAFDDDE1C4527BE70100C55137
:209AE0002A0FA989E1E1B3057B0F01004006FF30203E1500204660006A008600E6F60C0070
:209B0000240E3C81C1F16808440F6881040A030D1F0A010D7F008007E100240F6581650A34
:209B2000EB07430100EA4100060006002B0078008C009400840F69811D98620AE907010165
:209B40001390C29201F0C4F225869C89C491D0F1328F1D82008532961C82F089910D028598
:209B6000F089EB053106FECAFEAF728F0100419A1306E8FFE9E5029A649F6581E505840F23
:209B80006981010601FFB25D0198240F6D81670ABB3D4100080014001D00370021001D00B3
:209BA00035003700C49AC599330F9D8924F66C81010E5800030D010A010DA55D243771812F
:209BC000083A80FF5EBB6152F21D020AE515BF57CAE2A23DB53D25E71585203EEA00084218
:209BE0001C3080FFB618243771811C38084280FF0CBB6152920D050A640F6D81953D030AFA
:209C0000C505010AA505060A24F66C8101050305E009E22D030A851584F7698162F2F90D42
:209C2000BFE780F7023D0035413AA63980FFC4BAE051DA05040A640F6581A51D06EAB51549
:209C4000BF5758E2BA0580FF9ABABFFF02E9851584376981013A80FF1C000AE8E051820DB2
:209C6000A50503EA24F664811F0A0105840BBF0778BD8407E13006D89B0007E89D00240FC1
:209C8000E58704F0DBF100E29ED73388690AEB073B0141000A00190090002600310090000A
:209CA000710084009000980025371585010A640FE587BF573EFE80FFE217C4DAC5D93B0F57
:209CC0009D89640F398024373980083A80FF54BA6152E207F700020A640FE5878007120137
:209CE00080571401C4DAC5D93B9F9D89139E5000F309BB55A54D200EFECA03F0800C82EB5B
:209D0000FAF60C00240E3C81C1F1000D7F0AB20561EADA0DA40F3988630AEA05240F8D8710
:209D2000410A640F8D87240F8D87010D65EABA05240FAD870198909A03F0839B0198889AF8
:209D4000849B850B0330063A8046FECA1C4880FF2E2425DF15856357060003301B38BFFF7C
:209D6000D8E9243739801B38084280FF90B96152C22D050AA5B5A40F3988E009E20D5F0AE9
:209D8000440F39888057700025371585BF5764FD80FF0817010A95A503E2851D243739807D
:209DA000253F1585084280FF64B96152E20D080ABF0728FFBF57E4E0BA0580FF26B9BFFF69
:209DC0008EE7E51501E2A50506E265EAA20566EAE2EF04EBFAF60C00030A440F39881F0A53
:209DE000C4F17EEF41816407E587640F39801C504406FF3024F63880000D480A010DC5058E
:209E0000410A640F3980C1060700BAFD6A008600C432C5312657A5897F008600C432C531CE
:209E20002657A9897F008007E13006E000DA2106FEAFFECAE13182252106FECAFEAFE13199
:209E4000B21D00EAB50541EA9D00BF57ACF5E9151D30BFFFBCFF0AD01D30BFFFC0FFFCD1DB
:209E6000BBF55152FC5181F5C4E99DF73388FEF60C008057C008E1DF06DBBF0782E88207D7
:209E80006100C6003D06FEAFFECA233E020080FFC015E051F205E3F70300C2F2C4F13EEF91
:209EA0001D821D30BFFF82FFE051CA053D06FECAFEAF1D5042067F008600C4318657358876
:209EC0007F0082076100C60007E8233E020080FF8015E051F205E3F70300C2F2C4F17EEF12
:209EE0001D8242067F008007E1F706E807C0980008B0960009A8230F290000D2E009B20584
:209F0000640F9587240FE9876A0AEB07CF0241000B006401640168007500770091003301A9
:209F2000400159014901BFBFFEF3243799870AD8BFFF4AFB1BF0C4F2C5F1240F95873EE782
:209F4000A989FC09990D249F99870AC8F309910DEAD9FA05B50564E7958705D280077E0214
:209F6000E0A9CA1D2437A9877F32821D84976F88069E0004B299F3099915E609F10DBFFF3C
:209F8000FCFAEAD9BA0D64073D80060A640FE987BF5708DF82BD80075202010A640F3D80D4
:209FA00024F69487000D61C20B0DEE0F040BC215209E000401960004649F6C88FC91D30588
:209FC00041E2A1E164E76C88249F9987F391E105F9D9CA059309640F6C88030A640FE987BC
:209FE00024379587243F9187E4476D8880FF16B76152E2079B01040AA5CD80079C01BF5711
:20A0000082E380FF9614840F4180E009E2055F0A440F4080030AB5BD61C2E207BF0124366D
:20A020009487E43F6D880142BFFF82FA6407E98785B5240F3D801AD8E0098A0D24F69487C4
:20A0400000DD0A9DB3D983DADB00E4E76D88A50541E2DC060700DAFD1C0600FCB91D240F44
:20A06000918724F67088DC098197F9FF8093A19FF9FF819B810FFBFF820B01066AFFAA0D1C
:20A080001306C4FFFA0512065BFFCA05080A440F6E88840F6F88A1E183E2C55D248F9187EB
:20A0A0001BC8C3CA19F0D1F16090449770886198449F71886208440F728801066AFFEA4577
:20A0C0001306C4FFBA4512065BFF8A45080A24BE7088440F6E8817301138D939BFFF92E657
:20A0E000A40F7388C10E8000BA35BF57B6DD0148D93180FF8A20E40F7988E1519A2D243FFF
:20A1000091871730D939BFFF96E6E4377588A40F73881DF0243FA98786348E0BE40F7788E9
:20A12000D939013D61B280571806BA05BFFF96FD01D261B2B255070A640FE9873D0F010089
:20A1400000D2640F6988BF074AFE61C2E24541DADB00FCD9C1A5E0C18A452436948706F065
:20A160000A3D000D073E0004A139840F6F88A139C700BF07B4FE24376988043A4C3280FF3E
:20A18000A2B56152E80F140BFA0705FE06D2E525BF5708DDBA0580FF4AB5BFFFB2E3BF0768
:20A1A000F2FD240F69881DF001D2010DE40F7588860CA40F73888E0BE40F77888057820585
:20A1C000D50DE0C1AA0D240F698824369487083A640F9587BF0752FE03D2030A6407E98708
:20A1E00044076E88440F40801A504006FFF78600C431010A460F34887F008A07E1F306D014
:20A20000DA0007C808E009B8240FF58700DA1BE83806FECAFEAF3606FEAFFECA610A910DF3
:20A22000D2351A301838BFFF9CFC03DA80070A02E049D205270F01007F0ACA05BFFF9CF4DA
:20A24000D50524379587BFFF34F8A40F378844574180620AC20DE0B9AA0D1A30BFFF22FC44
:20A26000F651D205F851E10F140BEA05A4374180BFFF9EFB1B08440F808824F694871F0AAA
:20A2800001EA01557C0F0C0031EDA4374180BFFF2AFC61529A15840F8188E009DA0DE0B9E1
:20A2A000BA0D1A30BFFFDAFBF851E205A40F37880852620ABA0D843F81881D48630701002F
:20A2C000233604001B40BFFF20FC6152E1077901B20D6352E20759016552E20709016852BC
:20A2E0009AA580070001E3371100FA31BA4D240FB587620AE215640AC215BF575AE0730858
:20A30000C40AC509E19FC189E30F0F00E199920D7590E091E205E009C205440AE199AA3509
:20A32000230F0500399F0100E199D3151CF0010DE30F0F008634850C830F13008E0B230FD5
:20A340000900030DE30F0D00840C840F8188610AEA3D955DFC0F0D00A106FFFFCA55BFBFDB
:20A36000C6EF44574180C4518A0F33881B98E009E207B50080578603C255E099C2FD8007F3
:20A38000C600840F8188610AB255BFFFF4FA0AE8F651B205F851DA05390F01007F0AA2159C
:20A3A000BFBF84EF0AF0BFE7FAEF040D44574180E1E9D10D060DE1E9A90D390F01007F0AA9
:20A3C000EA0503F07830023DBFFFFAFA230F050024369487083A0142640F9587BFFFCEF6C0
:20A3E000A535BFBF42EF840F81880AE844574180E009CA050A30BFFFF8FDFC0F0D00A10686
:20A40000FFFFB20501DA851DC4E99D0F33881B98E009920D8057E602C205E099C2FDB51533
:20A42000E0999A151A301638BF07FEFD1A301838BFFF92FA06DA1F0A6407F587440F4180B3
:20A44000440780881B504A06FFF38600C431460734887F008007E10002E200EAA51504F015
:20A46000DDF19EF73388FEF60C008057C802FB051D30BFFF46FA6152E0E714E341EA9D0099
:20A48000BF5776EFD1EDBF07C8DE8C07E1F106D007E000DA240FF987610AC105C33D03DA5A
:20A4A000E5351A30BFFFD6F50AC8C4518ABF33881BE81DF0C2F2C4F13E0F1D8219F0C4F2A0
:20A4C000259E9C89D3F1049DF309A10D069DF309FB051D302706FEAFFECABFFFE8F941EA2D
:20A4E0001D06E8FFF9E5F7F60C0080574802EB0D010A640FF98764D7858863D7050064D7A2
:20A5000089881930BFFFEAFCE50506DA6407F9878007880124EF8588240F898803F001ED33
:20A52000030D1D30BFFF56F50A30BFFFF0F8EAE9E9075501840F3788610AB21D1C30BFEF36
:20A54000A6EE0AC8BFFF36F524EF9987FDE19125EAC9FA1D1D30BFFF24F50A30BFFFB2F855
:20A560004852EAE9E3072101240F9987580AA51503F0020D009DE199FA0D23360400203E18
:20A5800000010142BFFF26F5230F0500FC09C3051C08630F050003F000ED3D0F0100050DC0
:20A5A0006A0801066AFFFA5D69080106C4FFBA5D830F090001065BFFEA551C0EF1FFE1E9F1
:20A5C000AB550330043A1B40BFFFE2F423F701000330043A1B40000D630F0D00BFFFCEF428
:20A5E00023F70100000D03F0090D6B08C10E8000FA3D23360800083A8046FECA014880FF38
:20A600007E1B03F06C986D8823F610006108C89A13896098C89A1309E151AA2D1B9820963D
:20A6200017001208B309027AEF0FFC02D309C10001F0C4F2C5F1FE7FBD89F179E20DF305A7
:20A64000E009E2155F0A0190D200C505410A0198D300F391F9E5C50D01C0C2C2C4C178EF68
:20A660001D82E5050330083A1B40BFFF40F403F000ED020DE1E9819564EF8588640F8988DC
:20A68000E1E9C10505DABF0786FE249F1D88E099CA05E1E9F10701FE1B504C06FFF180075C
:20A6A000610000EA240FFD87610AB105F205D51D010A44078C88640FFD8784F78D88250E6A
:20A6C0009C89BF5718ECC1F10435063DBFFFBEFDE051F20D24F68C886008849F2D80410AB3
:20A6E000800B8100F309D10501EA6407FD87C505BF57A8D782DDBF07D2975F0A8100E1F6F4
:20A700000C0024963C81D2F102955E9261928B1568F0019A44F74180C4F2C5F13E97A5897B
:20A72000649795871F927997010044078088E0096A00C4F13E0F41815E0A610A6A00850C08
:20A74000E40F7988840C240F7D88030D6A008007E13006D007E0DC002437998705DABFFF7A
:20A760000CDE0AE8FC51C305BC51FA51992D24379987BFFF08F3C4518A0F338884972D8065
:20A78000410A8100F209E91DE1F60C00249E3C81D3F1029D5E9A619AF30D68F0259E9C89F4
:20A7A000410A8100C4F2D3F1069D048D419AB199D3E9F209A1EDFCE9D305BCE9FAE9E1DFB0
:20A7C00012DBBF073ADF8807E17006C8240FB58700DA66070100660AEB07B7031BE04100F0
:20A7E0000700210052008200C0009A01A8011F9A010A649FB88824F69487110D029D84F7E5
:20A800004581440F3788250E9C896407B188C4F2C1F1040DE199E105060DE199BB05640FCB
:20A82000998724F6B8887008019A649FB588410A800CC10024F69C88010585048E038604CB
:20A84000840403050106E8FFE905060A640FB5878007400301F0BF57C4EABFFF24F60AE884
:20A86000BFFFF4FB2106FEAFFECAE1E9CA05E051EA0721031F0A640FAD88020A6407B1882F
:20A88000640FB587E4F7B988244FB188243EAC8824465481BF5786EABFFF62F96152E10732
:20A8A000F302F20D6352D21D6652A22DE4F7B9882706FECAFEAFBF5764EABFFF08F6D525A1
:20A8C000243F5581240FB188643FAD88E009F205E4F7B988BF5746EABFFFEAF5030AF5B565
:20A8E000010AD5B524365481BFFF38E66152E107A302F20D63529A0D020A640FB587010A57
:20A90000640FB18880078C026407B5878007840284F74581250E9C89243F5581C4F2C1F188
:20A92000040DE1399115060DE139E90DA40F3788610A820D620AEA07F301C4E76281E207EF
:20A94000EB018007CC01C4C76281E207DF0124365481243E9C8880EF5402040ABF07F0FE44
:20A96000240FB9871BE8680AEB0767014100090039002F00390042007E00800087009E0045
:20A98000805734027508643795884E0AA505410AC1060700DAFD06D0A1D1BFFFE0F00A3073
:20A9A000BFFF6EF4EAD1A165C4F7AA88FA5D243F91871A300E4280FF4CADE051FA5564D72A
:20A9C0009188010A640FB9878007180124379188043A4C3280FF4CADE0518A4D030AB5F599
:20A9E000BF57B8D4BA0580FFFAACBFFF62DB8007F200BF57CAD4AA3DA70F01000106C4FF41
:20AA0000DA35870F010001065BFF8A350330BFFF60DDBF578ED41B4880FF6417E30F090072
:20AA2000E151CA25E30F0500E49F9988E199EA1DC3FF0300BA1D243F91870330BFFF60DD94
:20AA4000240F918824F69C88010D230F0D00030DE30F0700850CA30F03008E0BE30F050040
:20AA6000860CE30F0900840CD51D060AC5AD805746016437958864379188F525E437998865
:20AA8000243E908824469C88014ABFFF70F76152812D820DE40F99886352640FA888C2051B
:20AAA000F515080A85950AE8C51524369C88BFFF72E46152E05714EBC115B20D63528A0D38
:20AAC000240F9D88640F9188070ABF07FAFE06EAE4379988243F95886407B987BFFFE6F3D5
:20AAE00061EAF155D20563EAFA0721FEF50D84F74581250E9C8924379D88C4F2C1F1040DED
:20AB0000E131B115060DE13189156407B588050ABF073CFD243FB58824365481BFFF6CDF0C
:20AB20006152F135FA07E5FD01DA64DFB587953584EF4581043A1D30BFFF3AF1E051922D98
:20AB4000000A8515E1F60C00D1F1069D019D089D039D9E9F1500889BC499530F3288410AED
:20AB6000810084F72D80248E3C811E96FFFFF209A6EDFEF60C00049A01E2D1F154F2039D54
:20AB800088EB1F9A019DC4E95D973288A50503E279DF0100E0E1F205440737886407B5873F
:20ABA0006407B1881C504806FF702046100080FF5ECB7D0024F69C8876080035640F9888A9
:20ABC0006A008007E1F006E007C000D2240FC9870106EFFFE1071D0541001100AD0084002F
:20ABE0000A010E010A017E0220010A017E02C001ED01FC012E023B0280020A012537198564
:20AC000024F694871F052105203E15002046000180FF8808BFE7D4E6C4518A373388240FA8
:20AC200025886407C1886407B187E6F60C00640FBD88C4F13E0F4181640AEB07B704410050
:20AC400009004A0005000D000900020A640FC987B52D80C7AC042105F525840F2D804132EB
:20AC60008600E131C1255F0A01308600E6F60C00C4F19EF74581C4F2C5F13E0FA589640FE4
:20AC8000998780C77C040C0A210D020A1F0D1AE8BFE71CE6E5051D30BFFFB2F741EA9D0041
:20ACA000BF5756E791FD1A504006FFF0E6F60C00240E3C81C1F168E8C4EAC5E93D0FA58965
:20ACC000640F9987020D610AE20580C734040C0A210DD5050C0A24F694871B0D020A1F0D38
:20ACE000B5E5840F3188E009FA1D84F73988E60F0B00BF5798D1C5F1DEC7BE89EA97000090
:20AD00004E0AC19E0700B205B309480A0138E091B2050138C13AC7002036083EBFFF32FACE
:20AD20006552E05714D3010A640FC987E0D1C2BD8007C2031A3080FF740B6152EA1524379F
:20AD40009987C6060F009215BFEF92E6020DC452C551840AC40A010E1000030D2A9FA9896A
:20AD6000F309B105649F998780CFC2030A06F0FF893DFC0F0B004E0A0106EFFFA90DBF57F6
:20AD8000B0E5480A0F0D483A80FF22070842E5051F0A20461000640FB18724379987243F2A
:20ADA000918780FF58A96152E207490324F6C088000D2706FECAFEAF010E1000010D240FA2
:20ADC00099871CF07630010DBFFFFAF024369887203E10000142BFFFD4EC030ABF0770FE02
:20ADE0000A0A24F694871B0D010ABF07F4FEBFE78CD0BF07B4FE249FB18726370100243FE9
:20AE00009187200E10007F9AE80F1443BFE7E2E5EA07E102050ABF0736FEE6EF0B00E49FC8
:20AE20002988B3E9DDEEFFFFEE0F040BF20721FE80CFFA026852E1072F02FD51B9050AE8BC
:20AE4000DD0025DF1985200E00011D06FFFEE1EF22EB1B301D40203E150080FF3E0684F7EE
:20AE60003988E48F2988BF5724D0C5F1FE9FBF89D39E2000A59AE099B755FC0F0B001A9033
:20AE8000B1090178BD790F80D0006482D93D12C8640ABF0500CAA1C9648212E0BB0DE081AD
:20AEA000EA0564EAC9051DE09C00C50504E2B0E19C00FCE9C3151838D1391DC0BCC11B3055
:20AEC000184080FFE8052447BD881B3018381A4880FFE0126457BD88189092001A08FC092F
:20AEE00099250198C39A188A91991988C38AB199248FBD8812F0C1F1DBF1F38F8298410A3B
:20AF0000809B8100D5ED80CF16022447BD881B301D381A4880FF9C126457BD88B50580CF84
:20AF2000FE01243799871B381D4080FFD0A76152E207C10124F6C088000D243698871D3856
:20AF40000142DD09010D24F628887008DD09800CBFFF5AEB080ABF07F6FCBFE78EE30AE830
:20AF60000A30033ABFFF0EEDE051F2073DFDC4E99D373388840F2D8041328600E131C105F0
:20AF80005F0A01308600E6F60C00240E3C81C1F1020D68E8E009B205640AFA05BFFF5EEB95
:20AFA00080576C010B0AB545805764010C0A1B0DBF07F6FCBFFF62EBE051F207EDFC635239
:20AFC000E20717016652E207110124F69487200DF5ED24379987BFFFA4EA0AE80A30BFFFC8
:20AFE00010F21D30023ABFFF8CECE051F207BBFC6152CA152497C1881DF0C4F2250E9C89FE
:20B00000C1F1040DE091D205FC9F0B00BFE7E6E224F694870D0D0D0AB5CD04F0DDF19E3792
:20B020003388BFFFD8EA0B0A24F694871B0D0C0A210DBF0774FCBFE7B2E20A30053ABFFF78
:20B0400034ECE051F20763FC24F694871E0D85B5E40F5F81E49F2988E199F90D80CFCE0009
:20B06000E0518A0D0A0A24F694871B0D070ABF0770FC070ABF07D8FB240FB1877F0AEF0FB8
:20B08000140BFA07CBFBBFFF9ADEE051F2071BFC6152AA2584F73988FEF61800C4F1FEF7DF
:20B0A0007B81C4F2C5F1DEC7BE89C215840F3188E0098A156407C987445730881C30BFFF79
:20B0C000FAD63C4705001C301838BFFF74D7BF07D8FB0AD0F50D03D2D50DBFE778E2920DA8
:20B0E0001F0A24F694870F0D200E1000BF07C2FE06D26407C98744073088BF07ACFBBFFF51
:20B10000FCE90B0A24F694871B0D7800C4EAC5E93D0FA58924F69487030D6A001B30183840
:20B12000D1391D4080FF8603790024379987BFFF3CD479008007E13006D003E21CD800EA34
:20B140001D3080FF8C03E051E20DE0D1BA05E0E9A20DFDF618001DD8C4F13E0F8581610A19
:20B16000FDE724E341EA63EAC1ED63E2FBE724534006FF3024F6388860086437C5888003FE
:20B18000440F4280060A640F21887F008007210084F73988240E7481FEF61800C1F1069D83
:20B1A000619A813DE205649AE105A225659AAA35020AB51D000A639AA20575088057F40191
:20B1C000BFFF8EF584F73988FEF61800C4F13E9F81816552EA05629A0132E3371433851582
:20B1E000010A629AE30F140B640F2188D51575088057C001BFFF5AF56552DA050432BFFF85
:20B2000076FFA50D040A640F2188020A640F1988B5056407218840063F0082076100240F4D
:20B22000218800EA670AFB5D410008004400510044004E0060006A0055000132BFFFF8FE3C
:20B24000445738886352C205BFFF44FFB56D1D30851DE6F60C00C4F13E0F4181640AB20534
:20B26000E009DA0D840F3788610A9A0D44073888BFFF8AE8070A640F2188F505413286003F
:20B28000840F2D80E131E1E52036083E1D38BFFFC0F46552FA45240F2188670AB245840F66
:20B2A0003788610AFA3D44073888645721888007FA00BFFFA8CD0AE86552CA35243721885E
:20B2C000BFFFB4FEA575BFFFA2C9B505BFFF8ECC0AE8852DBFFF42E8E051C225240FC588C5
:20B2E000E009BA1564072188D51D0330BFFFDAF4E0519AFD230F0100E009DAF5B515033021
:20B30000BFFFC6F4E051E20D24F6C488000D0105640F2188840F4380440F3888030A440F37
:20B320004280840F3988630A8945E0E9E23D01F0C2F2249E0C88D3F11D98C29AC599339FD4
:20B340001D85019D649AAA0D249F2188619AC2055D9A619ABB05019A019DE0E9E2251D9E54
:20B36000FFFF629AD105D20D659AB20DC515E1F61800BF5702D03EEFC589E0E9C20D950DFA
:20B38000E1F61800BF57F0CF3EEFC989E0E9B205FDC760F9843F3988003280FF2801030A62
:20B3A000440F388864072188BFFF82C842067F0073F0C4F2C5F1DEC7BE89EA9700004E0A03
:20B3C000C19E0700B205B309480AE091A205C10A0138C7002036083E6A008207E1F306E80E
:20B3E000DD0007E0DC0008D809D0DA000232BFFFA8C70AC81B380232BFFFCEC70AC01D38EE
:20B400000232BFFFB8C70AB81D381C400232BFFFC0C70AB01D381C401A480232BFFFD2C777
:20B42000E0C98A0DE0C1EA05E0B9CA05E0B1AA05E051E1571453AA0D010A1D301C381B4006
:20B440001A48630F0100BFFF8ECA4206FFF3C60007F000520A98209617001208B309028AE7
:20B46000F10FFC02D309C1000188C48AC589F18FBD89E689DB05A10D800C01527F00E00902
:20B48000B20D5F0A0190D200C505410A0198D300F391C9E57F007F0006F0E041E205803BB7
:20B4A00041F2E80605007F007F0006F0E041920D870F0100413A800B41F2E8060B007F006A
:20B4C0007F00E7F61800C4F17E3781817F00E6F61800C4F13E5781817F008207E13006E8C6
:20B4E000DD0007E00332BFFFB0C60AD81C380332BFFFD6C60AD01D380332BFFFC0C6E0D9F9
:20B50000CA05E0D1AA05E051E1571453AA0D020A0A381D301C40630F01000748BFFFB8C97D
:20B520004206FF308007E1F107C808B809C001D2E031EA25074025DF3D8B25363C8B0A3A77
:20B5400080EF7E00DA1D3B0F050025F6748B12ED0CF5E009BA0502E5A50500E51B301D38E0
:20B5600080FFC004E051CA0D1DF0050A17D501CD07BD03C513E50D050B050F0D0AD01A50A4
:20B580004006FFF180572E002056F0003CE71500E0E1B205FCC760F91DF00C0D029DA1993F
:20B5A000039D009DC199019D069DC199079D4006FF008007E10006F00AE512ED6A0080FF3B
:20B5C0009004E0517D00805786009A2580579000083ABFEFECFFBA1D25EF998B1C30174019
:20B5E000083A80FF0402E051AA1580574A0080FF3204E051CA0D1DF0040A17CD01C503B539
:20B6000007BD13E50D050B050F0D0AC819504006FFE3BF57A0FF3CE70D00E0E1820DFCC7D5
:20B6200060F90A0610FFDA054152B5052056F000BF0768FF3A0F050025F78D8BE009BA05A9
:20B6400002E5A50500E51A301D386A008007E1E307C008B809B001CAE0316A0025E63C8BC8
:20B66000074025D73D8B1C306A008207E1F007D808D001CAE0318A2D084825E63C8B0740FC
:20B6800025C73D8B1C301938BFEF36FFDA1D25EF998B2546748B1C301B4863D701001938A2
:20B6A00080FF5E01E0518A1518301D3880FF7403E051AA0D1DF0030A17CD01DD03D50D059B
:20B6C0000B050F0D0AC819504206FFF08407E17006C807D827E7250027F7150003EA02D519
:20B6E000E0D1921D0330FAC760F903F0000DE0098A1502951CF0000D028D1298C199D109F8
:20B70000E199D905B289019D038DF50500EAD505630AB20520EEF00063EA19301B38EA476E
:20B7200000001D4880FF96014406FF70E7F63000C5F13EF7998B10557F00800721000152DA
:20B74000E031CA0D25363C8BE0398A0D25F73D8B000DE009B205BFFFD6FF40063F00E03175
:20B76000EA0525F73D8B000DE009BA0500527F00620A015AEB07B4537F008007E100E031B8
:20B780009A3525F63C8B00ED3D0F0100E009AA2D140D019A7D0F05000E0D1DF0059D0705DB
:20B7A000859F6D8BE099E21D21970100440AF2363000C53126F7998B2636748B09950F0552
:20B7C0001105F3061B00E031D20D26F7150008E5E0E1820DFCC760F9E051CA05020A7D0F2C
:20B7E00001004006FF00E041BF07A88708F008F57108E14FFE0AE009EA5700007F00230F6C
:20B80000010008F00986FFFF097808F50072C1490E680996FFFF0D98E009CA354192A5355B
:20B82000048D4182F181E09F149BBA05E099BA15F179D1250685F079AB2502850F70B171C1
:20B84000CE090E98F09FFE02F09F2202EE99E2770000019AF191F10D0685F091CB0D029AAE
:20B8600002850188F08FFE02F08F2202E189E26F0000D5050685B1814182B00906851EF629
:20B8800010007088E089B205629AB1CD000AF279CB05629AE90F00000152E009E205E07159
:20B8A000C205E069E25700007F00E031DA0525F73D8B02557F0000527F008007610006F067
:20B8C0000095009A27F72500E049CA050F050908E50D090610FF020AA90D0F0509060FFFD6
:20B8E000C20509060EFF010AE40F040B328F0900E089DA050E8DE089E29F0000620AA205AE
:20B90000110DE099C205019A729F0900E009EA0527EF1D00E0E9A20DF505620AF20527EF1E
:20B920002100E0E9B205FDC760F940067F008007E1F0E031BA7525C73D8B25DE3C8B18F066
:20B94000000DE009B26D040D06C8E009EA0525F7998B25E6748B0ECD61CAF145820D1B30BB
:20B960001C3863CA8115A21565CAFB3D3CD72500004A1AF002ED120DE1E9E1EF36EB61CA12
:20B980009A15F50580FF90028535BFFF42FDD52D1C301D3880FF4201805FEA00BA05E0E980
:20B9A0008AFD64CAAA0D1C301D38BFFF68FC805FD400BA05E0E98AFD65CAAA0D1C301D380F
:20B9C000BFFFC4FB805FBE00BA0DE0E98AFDE049FA053A0F0500E009B205204E10001B3057
:20B9E0001C380142BFFFD6FE18F0000D620AE215040A010D3B0F1D00210F0000E10E3000D4
:20BA0000C509210F998B210F1D00E009E30F140BCA0501920595020A010D4006FFF0FFF083
:20BA200006F0000D0152E009A215270F1D00E009EA0D030A010D040DE009C205270F1100BA
:20BA4000050D020A670F210000527F007F0006F00A0D0CF5B50544F2440A219F0100E89953
:20BA6000B1FD0055E051C2052056FE007F00C8495F4AE849B105F349C3052056FF007F003F
:20BA80007F003A0F19000A48A1E9E0516B00BF57BEFB8A25BF57C8FB073ABFEF24FBAA1D21
:20BAA00025EF998B1C301740073ABFFF3CFDE0519A15BF5782FBBFFF6AFFE051BA0D1DF0D4
:20BAC0000FCD17CD01C507BD03B513E50D050B050AC8BF073AFBBF57DCFA2056F0003CE708
:20BAE0000900BF07AEFA8007E1FF07D008A009C801BAE031FA4525DE3C8B074025B73D8B58
:20BB00001B30023ABFEFBAFADA3D25EF998B25E6748B1B301440023ABFFFCEFCE051EAC79E
:20BB2000000017A81B301C401A48023ABFFFC0FCE051CA05E0C1EAAF0000E0A9BA253CF7B2
:20BB40001100190871983CF71900F30FFEDA360F0500BBC9E009BA0506E5A50504E516304A
:20BB60001D38BFFFBEFEE051DA0D1DF0020A17BD01D507A503CD15E505DD0D050B050F0D85
:20BB80000AB817504006FFFF8407E11007F012ED02E23D0F1500E009CA25260F09003D8F9F
:20BBA0000D003D970900009A0180850D917F0100418A419A417F0000410AF29981FD089586
:20BBC0006C88F2970300D505418F0000410A419AF299B1FD7D0709007D9705007D870D0025
:20BBE0000ADD3BDF0100E0D9F2050330FBC760F9230F0100B505200EF000E009DA057D07EE
:20BC0000050001E0D505620AB20520E6F0001C504406FF108407E1F006C007D827EF25004A
:20BC20003D0F0500E009E22D3BD725003BF7150002E200CDE0C9B20D1B380330F9C760F985
:20BC400003F0009DE099E205629AE21520E6F000B515020D1AF0029D00E2A199039D009D30
:20BC6000C199019D069DC199079D80577800F905020DE009AADD80576C00B11D7D071900B1
:20BC8000851D01E03D0F0900E009B215270F2D00610AC20D18301B38BFFFF0FE0AE062529A
:20BCA0008A0D80574000F1F5C505BFFFDEFE0AE03D9F0900000AE099EA053D9F0500E099F1
:20BCC000E20F0000E0E1CA05E009E20704E362E218301B38EA4700001C48BFFFE0FB4406D3
:20BCE000FFF01DF0140D0C9DE1996A0040F6F9FF140D409E400001521309150D260F010066
:20BD00003E068080A0FF010D260F0500030D260F0900050D260F0D00070D260F1100090DE6
:20BD2000260F15000B0D260F19000D0D260F1D000F0D7F003E0670AF000100F52056F0008D
:20BD40001A9D8007090810F1C10E0700D2159E9A619AD105A20D629AE2057F00C10A259E2E
:20BD60004085E505610A820DC10A259E4E85D309E157FFFF7F007F008007E11006F007D85C
:20BD8000640800E212ED1C50610AC3055B0A610ACB3D3D9F0100130E0300820AC20AB309CA
:20BDA000CA05C7060300C2052056F000E52D3D0F1500E009AA150C0A24F6CC88010D059D68
:20BDC000073D1E3080FF70C7010A7D0F1500D50580FF24C741E29C00240FDD88620ABA05A9
:20BDE0006AE2F1F5610AD20D620AE2052056F0007D071500A50D205610007D071900D505C6
:20BE00001DF00DDD00520B054006FF1006F012F5009212801050008D060D643AD135119608
:20BE200003008292C292B1910A9885150E75917F01006472EA0581770100EF71C2059535D6
:20BE4000417F0000410A418A419AF29981F5C1060300AA1D0780B2818282C2820A98851561
:20BE60000E75317F01006472EA0521770100EF71C205F515617F0100440A448A419A10789F
:20BE8000827AEF99E1ED879192810A98A5150E7D91970100647A8A0D817F0100F279E2054D
:20BEA0002056F0007F0041970000410A418A419AF099E1ED0D3D7F008007E17006C827EFF8
:20BEC000250003E200DA3D0F1500E0099A25870F0500610AC3055B0A610ACB151DF0020DDB
:20BEE000209E00020106FFFDF30F220B0B9A649FCD88009D640FC98824F6CC88C100059D21
:20BF0000070D2436CC8880FF2EC6010AA52D07D080FFE4C5240FDD88610AF205620AB225D3
:20BF200020E6F0001B08D51D9A0F0500610A830D5B0A610AD3051BE03DDF05009515240FAC
:20BF4000C9883D9F050001D8E199F1051DF00095A199039DC1910195E099E39F14E3000A06
:20BF60007D0F150019F001E503DD4006FF70900723001F0A010D030D050D070D090D0B0D47
:20BF80000D0D0F0D200E1100640FE188BFFFA8FD0A3080FF30C50330BFFF54FD6457E188D9
:20BFA00061528A156457CD882436CC8880FF88C5B50580FF42C5240FDD88620AB2FD610A47
:20BFC000C2052056F000850D80074F01608B80074F01808B005250063F008007E10006E0C9
:20BFE00009F0640812ED610AC3055B0A610AEB0D0A0A640FCD88240F3989209E400001060C
:20C00000BFFFE19F329B649F3D89643FD588C8060300B225249EEC880092B391000AD29626
:20C02000030001F0D3F11F8A410A808B0106BDFF99FD248F3D891208850D8887010001F0CA
:20C04000D3F14142410A80831280D181F009E1F5D3916497D188B50D24F6CC88000D03455B
:20C060006A0ADA05240F3989640F3D89240F3D892436CC88640FD98880FFBCC41DF00C0D9F
:20C08000249F3D89D3090D0D010A0B0DA407099312FFBC070F9000004006FF008007E11087
:20C0A00006D807E027EF2500020A640F31893D0F1500E009BA1D1DF0020D64073589003DA4
:20C0C0000645640F39891C48643FE5886447E98824363089BFFF06FF240F3189010610FF77
:20C0E000E23D3D0F1500E009A23D80FF0AC49C0F0500610AC3055B0A610AFB05240FDD8860
:20C10000620ABA0580FFF0C3240FDD88610AE205620AD225200EF000E51D24F63889249FB7
:20C120003D89000DB309010D24F630890295D3910395E0098215243FE5882447E9881C486C
:20C140001E30D339D341643FE5886447E988BFFF8CFED505640F31897D071500A407099316
:20C1600012FFBB070F9000004006FF108407610006E80330BFFF28FFBF07E880C800800E82
:20C18000FFFFE049E80F2453000A851501F0C6F16098410AC89A33510A98C89AA852C15284
:20C1A000C551EA575D853351CA00E70981F57F008207E10006E807E0E049D205033080FF22
:20C1C000FE99C5052808630F01001D301C40033880FFFE99033080FF3E9A23570100420614
:20C1E000FF00000087000708C80A07090798D09A01990708D80A130906F0C5055F42803BFC
:20C2000041F2DE060300820DE0419AFD06507F005C42010D44F26442C9FDC5055F42803B74
:20C2200041F2E041CAFDB5F5005206F0950D6050870F0100A151EA0541F2413A5F42E041B7
:20C24000FAF57F00000006F00052950D870F0100609841F2413A5F4233090151E041FAF50A
:20C260007F000000850500000606E0FFE105C232C531265711817F0000527F008007E13003
:20C2800006E007D808D007309032BFFFDEFFE051DA052A0609120090A51D3C9F0100010AD9
:20C2A0000AF02A0620220090F30FC000629881004199F309E0570453E0519A0D02EDE0E951
:20C2C000E2051C301B381A40FDC760F94006FF308007E13006D008E807D890DA1B30BFFF3C
:20C2E0008AFFE051DA053C0609120090851D00E2CAC70300CA15E0D1AA151BF0C2F2240E60
:20C300004089C1F1000DE009820D5F0AFD09F2053C0624220090B50541EA01ED1C5040061A
:20C32000FF3006F0E031E20560F0C2F2C4F17E0741897F008C07E3F106C007B809C81ED5A9
:20C34000E7EE2001240EA08A09050B05C1E909309032BFFF16FFE051EA053C0609120090E8
:20C36000800746010AD83C0602120090E0D1E20739013D0F4900610ACA051CE6031AC56D33
:20C38000FD375F008A0F0100E131921DBFFFDCFE0AD0E051B20D0A30BFFF8AFF3AD71900A2
:20C3A000E0D1C2051D30FAC760F99B0F01001DF0AF0C200EFF00AE0C020A250DBB0F01003B
:20C3C0001CE6FF1919D09A00E1D1E0E702E3E0E1DA3D3BE71100E0E1A20D9D3F5D001D3061
:20C3E0001A40FCC760F90AE0E0518A353BE71D001D381A4023360800FCC760F903F0040D7E
:20C4000006E5090DE0E1AA253BE709001A30FCC760F96152FA0D3BE71500030A7D0F490027
:20C42000E0E1820D1D301A38FCC760F90AE0E051DA0D3BE7210017381D401A480330FCC7A8
:20C4400060F903F0000D02E5090D2106FFFF0FEF5C091948B205204EFF003BD70D007D4F8E
:20C460005C000152E0D1D20509308600FAC760F9FD0F5D00010601FFB2056152DA151B3098
:20C48000BFFFA2FE3BDF1900E0D9C2051D30FBC760F9200EFF001DF0AE0C240DAF04630ADE
:20C4A000BA05020A250D230F110018F003E5010D4C06FFF101527F0001527F00E031B20590
:20C4C000E039BA05BF073E81BF07866CBF0F088225F65C87BF370A826542630F010081557F
:20C4E000C2256742D105F2256A42B23D954D3D370100013ABFFFC8FFE051AA453DF70100B8
:20C500003D3705006038BFFFB6FFE0519A3D3D370900013ABFFFA8FFE051AA353DF7090025
:20C520003D370D006038C5051DF000356438BFFF8EFFE5253D370100E031D2053D0F090033
:20C54000E009DA052A0602120090A51D3D3F0500BFFFFE6BE051CA153D370900043AE50D18
:20C560003D0F09002A0602120080620A9A0D3D370500E031D205203E3800BFFFD46BBF07D5
:20C58000847ABF572E87210608120090030D664ACB2DE7362001240EA08A08F60C00C131B3
:20C5A000490007000A000C000F00130017001C0080FFDE03C51D0052A51D80FF1804F515C5
:20C5C0001E3080FF0E01B5151E3080FF9801F50D6430003D80FFB002A50D0035023D0445DC
:20C5E000064D80FF2A03B505415600F0BF073E8306F0239F010023970500250E84F72187A6
:20C6000079013106AA5555AAF181CA4521877D0131063C3C3C3CF181DA3D21878101F18178
:20C620009A3D218785013106AA5555AAF181AA35E031C205818F4100808BE039D205A18F1B
:20C640004100478F0000E041D205818F4300488F0000E049D205218F4500698F0100E0993A
:20C66000D205A18F4300538F0000E0919235A10F43000106ECFFC20D0106E2FF920D010614
:20C68000D8FFB2250106CEFF8225010AF51D020AD51DE031B205070A800BE039C2050A0AFE
:20C6A000470F0000E041D205200E1400480F0000E049B20569070100E099D205200E320092
:20C6C000530F0000E091C205030A720F01007F009E07E11006D826370100E031D23D203E62
:20C6E0003400BFFF6C6A0AE023360800003A20463400BFFFF2FAE0E1AA35020A03F0050DF8
:20C70000200EC800070D0A0A090D200EE7070D0D050A0F0D200E1600110D030E3B00010DC8
:20C72000010ED9FF1305150519051B0523EE080003363800033E390003463A00034E2C009E
:20C74000030DBFFFAEFE3B3701001D3820463400BFFF7E6DC5053C06021200801C505E06E4
:20C76000FF109607E11006E026370100203E2C00BFFFDE692106046200800AD8E151A24541
:20C780003C0F0100E009E23D0330003A20462C00BFFF54FABFFF50983D06742F9E00635756
:20C7A00001001D361000BFFFDA5C635711001D30BFFFD05C03F03D06BC2F9E000D550305F6
:20C7C000050507050B051D30BFFF4C5D63571D001D362000BFFF405D635721001D3640006C
:20C7E000BFFF345D635725001D366000BFFF285D3C37010063572900033820462C00BFFF33
:20C80000D06C1B505606FF109207E13006E09C0007D800D220360606BFFFC0680AF0E051B6
:20C82000F2057108010600FFB10501D09A003D0602120080FAE1CB25E0D9A225233E0400DA
:20C84000630701002036060620462000004A80FFAE2F1D0E0B01E151EA0D1B381C4020367A
:20C86000060680FFC02FE051CA0D1B301C38BFFFEE94F505E051DA0501561F19A5051D50A7
:20C880005206FF308407E10006E89D0007E00330233E040080FFFC46E051EA0D239F0100EF
:20C8A000400E000F2A062B2C0080E199DA051D301C38BFFF56FF4406FF008E0763000305BE
:20C8C000233E080001052036060620461400234E040080FF2A2FE051CA05833F0500F50DF7
:20C8E0000AE823360800003A20461400BFFFF8F821060D130080003AE1E9EA052336080068
:20C90000BFFF5C940AE81D504E067F008207E17006E007D008D809C83D0602120080E03107
:20C92000C235E039A235E0418235E049E22D860F0100003A0142430F0300BFFFAAF81A30EE
:20C94000233E0300BFFFD8930AE8E051EA1D1C30233E03000142BFFF786B9B0F01001B3096
:20C96000003A0142430F0300BFFF7CF81930233E0300BFFF5C930AE8E051FA051B30233E8B
:20C9800003000142BFFF4A6B1D504206FF7080076100E031DA052A060A120080951D260F2F
:20C9A000490006E8610ADA052A06052C008085150730C600003A80FF6A401D30003A20462E
:20C9C0002001BFFF22F8040A7D0F4900005240067F00E031DA052A060A1200807F0006F033
:20C9E000240D610ADA052A06052C00807F00020A250D00527F0023F70100239F050006085D
:20CA0000C709E849931DE839910DE939D9150105E909C3150930A7319515E9098B0DE80990
:20CA2000B30D8839013D0130A831850D8839013D0930A831B50501050032733701007F006E
:20CA40009007E1F708B809B023AF490007D0C6D100DA06E0E049D205E6D1B105E041DA0538
:20CA60002A0602120080C55D1BE8E50D1DF0C3F2C8F1000DE009D2F502F5E0F1A2F5000D37
:20CA8000E009F2ED41EAE9E9A1F5D5451C0E200020CE2000FA09B3051AC8BCC9200E034036
:20CAA0003E0600EEFEFF010D030503301C381940BFFF1E6A200E00403E0600EEFEFF010D60
:20CAC000060A030D1BE8C52538063C309E0018362400BFFFE45980FFEC6161AAFA05E0518D
:20CAE000DA053B0636220080C50D1DF0C3F2D7F1024D00DD19381C400330FBC760F90AD8D9
:20CB000018362400BFFFD25CE0D9CA0541EAF6E9C1DDD9E1FAE1B905E0D992BD1B5050066B
:20CB2000FFF78807E10006E009F00730083800ED0245044D230E080003F0010D440A6307C2
:20CB4000090063070D00030DBFFFAEFE03F0043D06451D30DC3980FF6A204806FF008E070F
:20CB60006300240EC089090D200E10000B0D1F0A810A0D0DE031CA0501560312F51506E859
:20CB800023361000233E04000C4280FF82AB07F00045024D03F0060D1D30013A010D80FF27
:20CBA000CC1DE051BA057D07B1004E067F008600C232C431663F5D8A7F0086000606F0FF99
:20CBC000D17D240FDD89610A9A7DE6962001240FC19D0680C482C491C181320FED8A3296DB
:20CBE000A08A610ABA65329F5100619ACA05009A72075100659A895504F0D3F1BE0FE9895D
:20CC00008515F38E1100C189C489918F058AE689E20D0106F0FFE00F020BB105410A8100D0
:20CC200024F6E489D3F16088F109CAEDF39E11001388C189C489918F058AE689821DC52D8D
:20CC40000106F0FFB90DD309C4090488D389918F058A418F048A000AA50D0188D389C4898C
:20CC6000B177058A410A81005177048A6088F1098AED6008E009CA05200E1000B505600802
:20CC80005F0A800B32F75100240EF089C2F2C1F1000D410A010D020A12F0250D70070900EF
:20CCA0002705030A700F01007F00620ACA05013ABF07FEFE020A720F49007F008600C23235
:20CCC000C43126575D8A7F00C23224F6F089C6F1000DE009D2055F0A010D01527F000150D7
:20CCE0007F00010A640FDD897F006407DD897F0080072100BFFF9A90BE076100031E4CFFE0
:20CD00008600240FD98903F00135E6362001050D240FC19D0305033E100020462001070DFB
:20CD2000240EA08AC13180FFE6A980FFFC4E0330BFFFC0FFBF07DC939207E1FF06E03D0647
:20CD400010001FFFE031E2075D01203E2000BFFF0064E051EA074F011C30233E0400204624
:20CD6000200080FFAAA93A06021200801A0E00407C0F0100003A80FF984D23C71100E0C1BF
:20CD800092351830203E0001BFFFC663E051AA2D23CF1500E0C9E2251930203E4800BFFFD2
:20CDA000B063E051FA1D23DF1900E0D9B21D1B30203E1000BFFF9A63E051CA1523B71D00FA
:20CDC000E0B182151630043ABFFF8663E051AA0D03F006BD04A517301438BFFF7463E05160
:20CDE000B2051A08C50D23AF2100203E68001530BFFF5E63E051A20D1A0E02507C0F010025
:20CE0000400E00087D0F3900A54D1DF0000D3306FFFFFFF764C7C19D64CFD9895309010D36
:20CE2000400E00081D0D153080FF7464000AE19E200101F0C4F2D8F10305C499339FED8A0E
:20CE40000505410A0106F0FF019DA9F5E0B9E20517301440003ABFFF8EF31930003A2046CE
:20CE60004800BFFF82F364DFE1891B30003A20461000BFFF72F316F0010564B7D5897C0764
:20CE80000100BFFF60FE1DF01E0D409EF017405E000813091F0D000D0B09010D80FF864CEA
:20CEA000B50D1DF0000D810E0010010D400E00081D0DBFFF38FE5206FFFF8207610006E847
:20CEC000E03192450C3ABFFF8862E051CA3D240FDD89610A8A3D630701001D300A3880FF00
:20CEE000304CC505410A630F0100230F01000106F0FFF11DE1F62001249EA08AD3F1249D8E
:20CF0000619A9AF5249FC19DC40A1D3608000338D309029A259D3D9F050027050442299DAF
:20CF200001F0010503050505BFFFA665000AF5051F0A7D0F09002106013200807D0F0100F6
:20CF400080FFE24B42067F008007E1F006C899001906F0FFE1075901240FDD89610AEA075A
:20CF60004F01F9EE2001240FC19D19D0C4D23C0604120080C4E9C1D13D0FE98A3DEEA08A1E
:20CF8000610ACA051CDE011A850D3D0F4D0000DAE009B2051CDEFD191930BFFFE06DE0D980
:20CFA000EA7D24F7D98904DD1B460C000806B7FFFCDF22DBC1751D301E38BFFF14651DF086
:20CFC00005DD02356532CA0528350335A50529356132BA057D0705003DC701001D360400FE
:20CFE0001D460C001838BFFF96F20AD8E0519A0D183819400A30BFFFDAF20AD8E051F205FB
:20D000003C0602F200807AE70900954D3D3705006532B94524F6E489C6F16008410A81008E
:20D020000106EFFFE00F020B0498C699B39FE989F309B235E69611006098D299C49953CFEE
:20D04000048A800B1AF0010A03057D0F4D00010DBFFF78FCE051BA253D9F05002106BC2F7E
:20D060009E00E099820D629A920D639ADA0D01366000E50501362000B50501364000BFFFC4
:20D080008652E051C20D1CE6FF3F1AF005E57D074D00030A010DB5051CDE0020BFFFE46CB6
:20D0A000E0D9D2051AF003DD030A010D4006FFF08A07E1F206C800D26532E9075B01240F8C
:20D0C000DD89E009E20751013C063C309E001C366C00BFFFE4531930BFFFF0FB6152821D83
:20D0E00024F6E989D9F10408D909810FE5896098E199CA053A06015200806098F90E11008A
:20D10000D309C40981DF058A1B06EFFFE9051C366C00BFFFC456F57D419A93001306EFFFFD
:20D12000E09F020B800BFBEE2001240FC19D1BC0C4C2C4E9C1C13D0FED8A3DEEA08A610A2A
:20D14000AA6D020A7D0F4D00780F01001B30003ABFFF5EFA1C366C00BFFF7E56E0D1FA4D68
:20D160003DB701001B3080FFB44E1608900AA2153D0F090003F01B381940010D1D0E0C0046
:20D180001648030D23360800BFFFACF123D70D00C5053A060812008080FFAE4E1C366C0081
:20D1A000BFFF16532106FFFF0FFF5A09780F09001B30BFFF0AFBE0D1BA0561528A0D3D0F0E
:20D1C0004900630ACA05020A7D0F49001AC898CAC9051B30BFFF24FBC4FFD389B20D2606A5
:20D1E00036B1DFFE2706A2020000BFFFA48D80FFB0001C366C00BFFFE055B50578D70900B9
:20D200001DF02705030A780F0100240D640ABA05010A250D4A06FFF2800721000032BFFFCC
:20D2200092FE80FFB44140063F00800721000232BFFF80FE80FFA24140063F0080072100BE
:20D240000332BFFF6EFE80FF904140063F008007E10006E89D001D06F0FF8125240FC19D5E
:20D26000C4EAC1E9BFFF2E51260636B1DFFE2706A2020000BFFF1A8D0AE0E0518A0D1F32F0
:20D280008B3280FF22000AE0BFFF608CBFFF34511DF0030505E5030A010D4006FF00E00218
:20D2A0000CE040FEE00214E140FE8067980180FF8839E051DA058057D60180FF762156063F
:20D2C000FFF7806FAA0180FF7039E051DA15804FE6010A4880FFCC20E051EA0DE0E9C20D43
:20D2E000E0D9820DE0D1E205800F180280FF0821B5057D0701005406FFFF8077D80180FF17
:20D300003839E051BA158037EE011D301C381B400F0D0C0D05D507CD0A48110D010A010D8E
:20D32000230E1C00030D80FF7A205406FF70805FE80080FF0439E051DA058057B00080FF15
:20D3400012215E06FFFF806F260180FFEC38E051DA15804F6201014A80FF4820E051EA0DD3
:20D36000E0E9C20DE0D1820DE0D9E205800F940180FF2A21B5057D0701005406FFFF8067C9
:20D38000C40080FFB438E051DA058057020180FF14215606FFF780773C0180FF9C38E051B6
:20D3A000AA1580375201014A1D301C380F0D0C0D1B40014D05D5110D230E1C00030D07CDB1
:20D3C00080FFE01F5406FF70805F4E0080FF6A38E051DA058057160080FFEA205E06FFFFD0
:20D3E000807F0801204E01016A001F0A810A03F01D0D140D445D4665486D190D160D1D30C2
:20D400001C381B481B0D80771A010F5D1165136D234630006A009E07E3FF07E808E034DD47
:20D4200036D538CD3AC53CBD3EB540AD42A5010A030D230E28000638050D0930BF57A4FF67
:20D440006B009607E3F707E808E02ADD2CD52ECD30C532BD34B536AD010A030D230E1800FC
:20D460000638050D0930BF577AFF6C009407E3FF06E008C809C02A352CBD2EB530DD32AD15
:20D4800034D536A538ED80878A006D001F0A810A03F0150D0C0D1D301C381B48110D0E0D66
:20D4A00001D503CD05C5130D07BD09B50BAD234620006A00803740001C30193818400F0DA7
:20D4C0000C0D010505BD07B5110D230E1C00030D69009407E37006E808E009D8203522D5DA
:20D4E00024CD80872E006E00440A0105070D090500426F001F0A810A03F0130D0A0D66002D
:20D5000003F01C301B3815401A4801A503ED6100010A030D230E1400050DBF57C6FE70000F
:20D5200001D503CD05C507BD09B50BAD0DA56E008E07E3F1069007D809C01ED520BD24CDB9
:20D5400000E21C980D0513083D0605120080613AD205623AB205653ABA1D0830230E180072
:20D5600003F01238010D03051340204E030180FF1E360AE0E051DA4503F00C9D2295F30F31
:20D580008501830AE191C9051D560700B53D61DAE20562DAF2151DE60300B535550AE1D166
:20D5A000CB1503F0230E440080575E00C900019D03BD050D80FF248DE051AA1DE0C992252D
:20D5C000C51D010EBEFFE1D1FD573653BB1D03F0230E4400090D040A80572E000105030597
:20D5E000059D07BD0B0D80FFC28AE051C2051DE60040F505E0C9D205230F4500790F01002D
:20D600001C504E06FFF12606A6D79E00243EE09D18401A486A008407E17006D807C800EA9D
:20D6200006D082D21DE0E50D0330BFFFD4870AE8E051AA0D230F01001CF0C2F2D9F141E2CB
:20D64000010DFAE1A1F51AE0C2E2FBE1A915E0E98A1523360400BFFFA8870AE8E0519A0D97
:20D660001C30D931233E04001B40BC41BFFF625E1D504406FF7080072100240FC59DE009CD
:20D68000CA0D243ED09D20361000BFFF8CFFE051CA05010A640FC59D010A640FC99D40062B
:20D6A0003F008A07E100240FC59D610ACA0524E6D09DC50D233E040020361000BFFF5AFFBF
:20D6C0000AE823E60400E051CA3D80FFCE1B0332BFFF86941C386307010001322046100036
:20D6E000034ABFFF24950AE80332BFFFE095E0E9BA2525E688871C400D321D38BFFF708D9F
:20D700000AE8E0519A1D233E04001C400432BFFF5E8D0AE8E0518A15240FC59D6407CD9D63
:20D720006407C99D610A8A0D2436D09D0A3880E76E006407C59D0032BFFF1E9480FF8A1BA5
:20D740001D504A06FF008007E11006E807D8249FCD9D400E0008E199DB05240FC99D610AE7
:20D76000EA05BFFF40FF0AE0E051FA1580FF2C1B0332BFFFE4931D301B38BFFF12870AE082
:20D780000032BFFFD49380FF401B24F6CC9D000D4FEA84EADD09010DBF07E29F2046100070
:20D7A000BFFF44EA7C0080072100E031A21D240EE19DE609DA050830BFFF5EFE850D240EF5
:20D7C000E09DE609EA0D0830BFFF7EFFE051A20D21060A520080E151CA0520564900A50526
:20D7E000055240063F00BE072100031EECFF200E2000430F03000032233E240080FF889268
:20D80000E051AA1D23360400233E0300BFFFC28423362400233E04002046100080FFC09222
:20D82000E051AA0D243E488023362400084280FF5493E051C2052A0605520080645745802A
:20D84000031E14007E063F00800721000740C800E031E20D6842CB0D240F4580E009DA05D7
:20D86000243E4880BFFF6A5C24574580C5052A060212008040063F00BE07E1FF031E94FF4E
:20D8800023F6140106B807B008A809C800A5040D01DE0F0084DA01D610001B98C49AB3D1E6
:20D8A00000EA20C61000E009C26DE031B205E039DA051F0A810AE141920D235F1901E05966
:20D8C000D205E049FA05E0A1D2053D0602120080855D01E2F54D1AC003F00BBD0DB50FAD00
:20D8E00023361400233E080080EF6A01080D4C32013A010D80FF76100AE8E051EA3D1C0829
:20D90000980A03F0840B1C08900A850B1C08880A860B87E323362000233E0400044280FF41
:20D92000A2120AE8E0519A2DE0C9A20D193814402336200080FF8C120AE8E051EA1D630722
:20D94000010023362000233ED800204680000A4880FF7E140AE8E0518A15235F19011C3021
:20D96000C4325032233ED800CB311840BFFF625B41E2FBE1A1B583B52336D80080DFCA0040
:20D980001D50031E6C007E06FFFFBE07E170031E98FF23F6FC0009D800D502CD04E5E0E1F9
:20D9A000FCEF24EBC24DE031B205E039DA051F0A810AE141A20DE0C9820D1C06EFFFD105FB
:20D9C000E049FA05E0D1D2053D0602120080F53503F009350B3D0D4523361000233E0400FD
:20D9E00080EF7200060D4C32013A010D80FF7E0F0AE8E0518A25E0D9A20D1B381A40233620
:20DA00001C0080FFBE110AE8E051DA156307010023361C00233ED400204680000A4880FFBE
:20DA2000B0130AE8E051FA051930233ED4001C40BFFF9E5A2336D40080DF0E001D50031E49
:20DA400068007E06FF70003A20461000BFFF98E77B000C4280FFB89C07F00045024D03F064
:20DA60007D008007E13006E807E008D809D0003A20468800BFFF70E766E28A1580FFC81880
:20DA80006352CA0D080A1DF02B0D1F0A810A37D539E53BDD350D4006FF301C08D5F5800781
:20DAA000E3F006D8070808D009E00EED10CD12C5330602120080E0491350D23D5F326132AA
:20DAC000E3056532A30D0AEE0600C535613AA20D623A820D633AA505613AC2050AEE010008
:20DAE000952D09301B3801401A48BFFF78FF80FFAA171C301D381940184880FF160C0AE8D3
:20DB0000E051AA0D1C3066DACA05BFFF0A90B505BFFFBE8F0AE880FFB017E0E9BA0D250EAA
:20DB200098877C0F8500E0D1DA05250EAC877C0F85001D504006FFF0B007E1F706C807C0EA
:20DB400008B809E823B7890080FFFC17E051E2AF000000D218E0200E40001D06BFFFE1EF74
:20DB600022DBE0E1C2051AE0C2E2D8E11906EEFFA90D80FFD2176352EA05800F880BBFFF1B
:20DB8000D08BD505800F7E0BBFFFA28CBBE9C2DADBD1E0E9A215E0518A1561AADADD163008
:20DBA0000338BFFFCA8F80FF201780FFEE1616300338BFFF889185D57006FFF7BE07E1FF17
:20DBC000031E9CFF634F050023F6140106D807C008B000BD02D504CD069D08AD3D06021233
:20DBE0000080E0B9A205E0C9FDE724E3E207D102FA99D9051DE60A008007C402060EFFFF38
:20DC000000E206A2640AEB2D410005001000170024002600235F1101E059C2051DE617107F
:20DC200085356142E70704A3D505010A6142E80F04A3613A920D951D6142EA3704A3613ADA
:20DC4000B2051DE60100DA060F00B21D1DE60B10851D06A0A50502A2613AB2151DE6010031
:20DC600085151DE60600D50DDA0E0F00209610009209E041EA05DA09E199B9051DE60A008F
:20DC8000E0E1EA073B0206381840164823365800BFFFD2FD80FF041623F60C01233F05003D
:20DCA0000045024D2336580080FF680A0AE0E051EA0709021A48844A1938174061B2EA073B
:20DCC000610109E061C2EA3D09C0C4C21AE8B8E9143063B70100BFFF62FE0AE0E051AA2D4E
:20DCE00061DAC20562DAA20563DAEAEF24EBA225E0E98225233638001838D73980D7FE0994
:20DD00001D08D50501F0C3F1B803410A0106F0FFA9FD1430233E480023463800BFFF50879A
:20DD20000AE0E051FA051830D931233E480080D7CC09E0A9E2078501DDC175C70100800748
:20DD40007A01DA060F00B20509E60100E0E1DA051DE60A008007640114301C4EFFFF63B753
:20DD60000100BFFFD6FD0AD0E0518A5DC4E21CB6F0FF63E705001430233E28001640D7412E
:20DD8000BFFFEC860AD0E0519A4D20E6100062C29A25A30F3700A1E19C00E009E23501065A
:20DDA000EFFF1C98A1351306F0FF910D23F62800D3F16090E1919A2D419AE5F5235F0500DB
:20DDC000233E28001C40CBC91936F0FFBFFF0257852562DAB20561DAAAF563C20A980F0A1E
:20DDE000EAED23F62800C1F16090E091CA05419AE1060F0023F62800C1F16008010680FF77
:20DE0000CA050FE2B3E1B5DD0AE00AB01DD60100E0A9C205DCB175B701001AE0E54D09B095
:20DE2000C4B2010A1AE8B6E91430630F0100BFFF0AFD0AE0E0519A45233618001638D7397B
:20DE400080D7BA0862C2DA0D1D080106F0FF811D209E100001F0C3F1BD99989B410AE5F5C4
:20DE600062DAB20561DAFA0D63C2DA0D1DF0C3F1200E8000980B1D0E010080375C0820EEFA
:20DE80001000B505E0E9C2151D0880374C081430233E080023461800BFFFD4850AE0E05188
:20DEA000FA051630D931233E080080D75008E0A9C205DDB175B7010080FF0E141C50031EC2
:20DEC00064007E06FFFFBE07E1FF031EDCFF03F006E807C808A8034D66A56AD56CE56EC53D
:20DEE00070DD72BD749578B57A9D210602120080E0C1920DE0B9F205E0B1D205E0D1EA05C6
:20DF0000E0E1C20501E88007D8016632D20501EE06008007CC01613AD20501EE010080078F
:20DF2000C001FB91C1051306F0FFD10501EE0A008007AE0180FF64131D3819401548233667
:20DF40001800BFFF20FB03F0023D684D23361800144080FFBE070AE8E051EA077501E0D1A5
:20DF6000F22D1CC884CA805F5E07BFFFCEFB0AE8E051EA075D011938C43A1CE8A7E9822589
:20DF800003365800DA3980D774070336580020461000DD31BD4180D75C0780FFAA13234699
:20DFA000580020361300003A6352CA05BFFFD486B505BFFFBA840AE8E051EA07150103F0F7
:20DFC00042AD1BC884CA20361400200E150061AAE60F3433020A173818401948010DBFFF2D
:20DFE0005AFB0AE8E051CA75C4CA1BD0B9D103F02D052F0531053305233658001938D8398D
:20E000001A40BFFFCC54E0D19225200E1600209E170061AAE19F34EB80FF2C131D30233E31
:20E020000800234658001A486352CA05BFFFD48EB505BFFF7E8D0AE8E051AA4D1930D73123
:20E04000233E08001A40BFFF885480FFFA1263528A0D2347D100233618001438BFFF725410
:20E06000C3E203F01C08980ADC0B1C08900ADD0B1C08880ADE0B1B08C30A0198989AE49BDC
:20E080000198909AE59B0198889A2D05DFE33105E69BE70B80FFB012203618006352AA15C2
:20E0A000233E180040460001BFFF78850AE8E051FA0D16382346580020361800BFFFC485F7
:20E0C000E505163823465800BFFFA4830AE880FFF811235FED00E059B2056BDF01001D50D1
:20E0E000031E24007E06FFFF8207E3FF06E807A808C009D8189D1AA508B884BA00E206CA84
:20E10000210602120080E031C205E049A205E039E1E724E3E207BB0106F02895E091820D5C
:20E120003C95E091D20501E60B108007A40117B0C4B2F699D90501E60A00800794012A9D1A
:20E140005F9A659A9B35530006000B001500210023002500369D619AE70704CBE5053695D5
:20E16000019A6192E89F04CB269F7500619AF205B50D3695039A6192EA9F04CBC8060F003D
:20E18000B20501E60B1001D2A51504CAD5FD02CAB5FD3695200E1400209E150002D2619274
:20E1A000E19F34CBC50501E6060012D0E0E1EA07210180FFE6101D301A3880FF36060AE0BA
:20E1C000E051EA0709011808B6097D0F510019301B381540174863D70100BFFF5EF90AE0CD
:20E1E000E051CA751DF03C0DD6093D0DE0A1B20574B701003D4751001D364000A8C11538AE
:20E20000D839BFFFCC523D0F5100D5051DF0C1F1C003410A0106F0FFA9FD3D0F7500620A04
:20E220008A2D3D9F6D00619ACA25E0B9B245D6D91BF6F0FF6F084F9A00927D078100A19984
:20E240009300E009C2050106EFFFD90D1F0A85351388DE89918F0100E189C2051F927D97A4
:20E260008100419A1306F0FFC9F5E0919225A525630A8A253D0F6D00610ACA1DE0B9A21D0B
:20E28000D6D91B8EF0FF009A7D0781001190A19192971100E091FA05419A410A0106EFFF00
:20E2A000E9F5D5D5120680FFAAD5130E01007D0F810062D2DA051D30BFFF5C88E50561D272
:20E2C000DA051D30BFFF0A880AE080FFFC0F1C504206FFFF8207E1F006E007D008C0210696
:20E2E00002120080E031A205E039E1EF24EB925506F0289DE099C20501EE0B10A54D2A9D35
:20E30000669AC20501EE0600C5453E0D08C884CA19D8C4DADB093F0D80FF800F1C30023A79
:20E3200080FFD0040AE8E051AA35805F9A03BFFF0AF80AE8E051BA2D1808BB097C0F510082
:20E34000A2251C3640001B38DA390140BFFF82513C0F51001CEE400020461000003A1D3049
:20E36000C131A141BFFF80DE1D4020361300003ABFFFFC801CF03E0D289D0AE8D3093F0D3D
:20E38000E051DA051C30BFFF8E870AE880FF3A0F1D504206FFF08807E17006E007C800DA81
:20E3A00080574803DA05E0410150EA072701269F55005F9A649ACB155300050008000B0075
:20E3C0000E00100001DA00D2E50D01DA1BD0B50D01DA03D2850D04D2E50502D2C50501EE69
:20E3E0000600E57506F03A9D00EA619AC105D205639AE30D01E8C56D289561DAEA05E0910E
:20E40000F20D01EE0B10C565F241F105950D61DAAAF50806F0FFC10501EE0A00955D280D41
:20E42000629AFA0D20961000A1910198E5050688D38951974000419A1306F0FF99FDA51D11
:20E44000269771006292B2056192AA1D639A8A1D0698C1992096800053974000019E01008D
:20E46000E5050690D39152074000419A1306F0FF99FD209E1000E009E19F340BA5050198ED
:20E48000E049B205699F0100E009A22580FF0C0E1C30013A80FF5C030AE8E051FA151C4651
:20E4A00040001A3061DAEA051938BFFFC27F0AE8D50D0338BFFFB87F0AE8E051FA053C47AF
:20E4C000510019300338BFFF085080FFFC0D1D504806FF708807E13006F007D006E0805775
:20E4E0000A02CA05E0410150AA752A955F926492DB15009A5200050008000B000E001000F8
:20E50000019A07DAE50D019A08DAB50D019A0ADA850D04DAE50502DAC50501EE0600E555A0
:20E520003A9500EA6192C105D2056392B30D01E8D54D619A920D288DF141C90D01EE0A0082
:20E54000D545619ADAF5288DE089C20501EE0B10D53D6192B315E049923D5E926192AB1580
:20E56000409D7F9AC2053C95F299C30501EE0100950DB39169970100952D619AEA05E0490E
:20E58000D22569070100A525E049C205280D690F010080FF060D1C30013A80FF56020AE8C9
:20E5A000E051AA151B301C4640000338BFFFC07E0AE8E0519A0DE0D1F2053C4751001A30B7
:20E5C0000338BFFF0C4F80FF000D1D504806FF308807E3F006E007C009D816D5189D06F0EB
:20E5E000210602120080E0D1B20D2A956692C20501EE0600D565269775006192B20501E87E
:20E60000F55D2895F241C1051306F0FFC10501EE0A00E5553C9F6D0020361600200E1700F8
:20E62000619AE60F34CB80FF720C1C30023A80FFC2010AE83C4F5100E049C2151CF03C0D01
:20E64000C9093D0DE051EA0D19301C4640000338BFFF60873C4751000AE818300338BFFFA4
:20E66000704E1CF0E0E9AA2DE0D9C205280D7B0F010021053C0F7D0025051A381C464000E4
:20E68000C30A0198989AC49B0198909AC59B0198889AC70B3C0F7900C69B20361800C30A73
:20E6A0000198989ACC9B0198909ACD9B0198889ACE9BCF0BBFFFB87D0AE880FF0C0C1D5016
:20E6C0004806FFF0020A1A401948630F0100203613000A386B00D50501F0C3F19803410A48
:20E6E0000106F0FFA9FD6600210602120080E0396A00003ABFFFF0DA7A001D40BFFFD24D64
:20E700007A001A40C24219301C38D7411B4861008207E1F106E807D808C009B880FFD80B95
:20E720001BF0003D02CD04DD1F0A1DF0810A2AD5350DE039C21D0AE01D3658001940BFFF3B
:20E74000904D3D0F6D001A301D3E580019401C4E0200630F0100BFFFB084E051AA251C36AA
:20E760000200BFFF6885E051CA1D8515E1D9B20D61DA9B0D1B30BFFF5485E051AA157DDFB0
:20E780006900C50501560F24C50D61D20A08B10DA21566D2C10DE20D68D2C20D69D2BA0538
:20E7A0004206FFF12A0608120080B5FD200E1000A5050C0AF709D2052A061922008095F55B
:20E7C000E0C1FA0561D2D2052A060212008095ED80FF740B183863528A0D203612004046C1
:20E7E0000002BFFF3E7ED5DD1A30BFFF108295DD8207E11006E807D826E769001F0A810A6E
:20E80000E1E1EA1580FFF00A1DF0360D2A350AE01D3E58000A4E0200630F0100204610002F
:20E82000BFFFE683E051EA251C360200C51561E2C30501560F24E51D3D0F6D002637550041
:20E84000003A1C48630F01000740BFFFBC83E0519A151C30BFFF7684E051CA0D61DAF20545
:20E8600062DA8A0D1D30BFFF9284C5051D30BFFF1C824206FF10031E84FF03F031ED3D4D9B
:20E880003B45393D35FD33E506E8E031920DE039BA0D239F79001F0A810AE199DA053C0630
:20E8A00002120080D52D003A20467000BFFF38D9020A1DF02B0D290580E7A2092546C087A0
:20E8C000233E7000204E1000BFFF48FE0AE0E051DA151D4640000E320A38BFFF927B1D309E
:20E8E000BFFFEE810AE0E0519A0D03F0383D3C451D361000BFFFDE860AE080EF78091C5075
:20E9000003F034FD30ED32E5031E7C007F00031EE8FF03F00B4D0945073D03FD01ED0806A2
:20E92000F0FFBA1D06E8203E4006004280FF7083E051FA0D233F0D001D302046100080FFE2
:20E94000C083E051EA051D3080FFD483E051820D2A0605520080C5052A061822008003F0C3
:20E9600002FD00ED031E18007F008057DC08DA052A0602120080D54507E006E8003A204606
:20E98000B800BFFF62D87DE7B50061E2920D63E2F21D65E2A2352106081200809535239F0D
:20E9A00035001F0A810AE199EA05230F31000106F0FFFA1D23362C00233E0C000C4280FFD6
:20E9C0004E8D80575E081D30BFFFAEFE851D234F3100E049E20D23472D001D38003280FF6E
:20E9E0004A72000AE051C20D210605520080850D210618220080C50580E732080A08015012
:20EA000003F010FD0CED0EE5031E34007F0080573808DA05210602120080C54507E006E8A6
:20EA2000003A2046B800BFFFBED77DE7B50061E2920D63E2F21D65E2A235210608120080FD
:20EA40009535239F35001F0A810AE199EA05230F31000106F0FFFA1D23362C00233E0C0076
:20EA60000C4280FFAA8C8057BA071D30BFFF0AFE851D234F3100E049E20D23472D001D389F
:20EA8000003280FFA671000AE051C20D210605520080850D210618220080C50580E78E076D
:20EAA0000A080150BF075CFFB007E170E031DA053C0602120080E57506E807C808D080E7AE
:20EAC0009C07013ABFFF2CFD0AE0E0519A6D3D0F5100E009C2050106F0FFEA351AD884DA9D
:20EAE0001B98C49AF3D1CA05E0D9A2055FDA0106F0FFAA0D1D4640000F320A38BFFF70795F
:20EB00000AE0E051DA4D19401B480F320A38BFFF1C7D0AE0E051CA451D30BFFFB47F1B8812
:20EB2000C48A1A08B1090AE07D0F5100009AE199F9351190D391D991929701001DF0D3F138
:20EB4000419AC093D5F50AD8FAD9812D952D1B98D999939F01001DF0C1F1410A41DAC09BC0
:20EB60007D0F51003D0F5100209E1000F309DBEDC905FAD9D1EDC515FAD9A9151D4640001C
:20EB80000F320A38BFFFE8780AE0E051FA051D30BFFF3E7F0AE07D075100E051C2E580EFEC
:20EBA000D4061C507006FF708007210080FF8C81210605520080E051E157345340063F0083
:20EBC0008057AA06E041D21D8057C606FD472443821D5A0D610A820D630A920D650AE20DE6
:20EBE0001D460600E50DBFFFC2FEA50D80FFFA70E051E2051D460340C505BFFFAEFF0A4064
:20EC0000085040067F00BF07BAFFBE07E1105C1A06E807D8E031B205E039DA053C06021249
:20EC20000080954D80FF74060132233E2000BFFF3E7F1D30013ABFFFBAFB0AE0E051CA3535
:20EC40001DF0080D630F11000A0D630F15000C0D630F19000E0D630F1D00280D0106F0FFF8
:20EC6000B115209E8000A5050A981DF0C1F1410AC09B0106F0FF99FD233610000338BFFFF1
:20EC8000CC840338B505233E10001D364000BFFF30853D4F51001B381D464000203610007F
:20ECA000BFFF10810AE00132233E2000BFFF8E8080FF16061C50441A7E06FF1006980808F5
:20ECC00047428342C1F60700A20DC5F1C831A60FFFFF9E8FD1875109460FFFFF0730133863
:20ECE000BF07EE479007E1F307C008D009B823B7450008EE070083EA3B06021200801D06CD
:20ED0000DFFF00CAFBE722E3912503382046200080FFF06FE051C2051BE60340F5150AE0DF
:20ED20001D06E0FF8A0D20CE000118300338BFD7CCF9C50D61B28A0D18381A400330BFFF56
:20ED40007EFF1AC8B5051BE60A00E0B9B20577CF01001C505006FFF38407E1F107C808E030
:20ED600009C023BF2900080E0700830A00DA3D0602120080680ABB05E039BA051D50A52523
:20ED8000680AB90561BACA1D0338084280FFC87F0AD0E0B99A0D20DE4000193003380842D0
:20EDA000BFFF2E47F50519381C400330BFFF10FF1CD81DEE0340E0D1FDD73453B5051D56FE
:20EDC0000A00E0C1B20578DF01004406FFF18C07E13006F007D808E809D0239F2D002106E7
:20EDE0000212008063070500E0310150B2455A956192820D6392F2256592C22D01E6060067
:20EE0000853508067FFF01E0C12DE099EA0D01E60A00080680FFDA25BFFFF2FD200E800095
:20EE20000AE0630F0500D51D233E0800BFFFDEFD0AE01B381D4023360800BFFF82FE63EFF2
:20EE40000500F50D639F0100234E0400BFFF98FEF505639F0100234E0400BFFFFEFE0AE0C9
:20EE6000E0D1F205230F0500470A830A7A0F01001C504C06FF309E07E17006F007D008E0B3
:20EE800009C800DA330602120080E031C245E049A2455A0D610A820D630AE215650AC225B7
:20EEA00013EE0600D53508067FFF13E89135233E2C00BFFF58FD0AE8E051AA2D1A381C40AC
:20EEC00023362C008525010A630F0100233E0C001B48BFFF12FE0AE8E051AA1D1A381C404F
:20EEE00023360C008515010A630F0100233E04001B48BFFF66FE0AE8E051AA0D1A381C4023
:20EF000023360400BFFFA647E051E2DF000079DF01001D9813505E06FF70031E8CFF03F014
:20EF20002FB52DBD2BC529CD27D525DD23E5394D3745353D31FD21ED3AE53CCD3EC540D527
:20EF400042DD44B546BD489503056132D20D06086332E207F9006532E207F3003D060812EA
:20EF6000008080074A011F9A819AF349EA05239F6D001306F0FFFA65209E8000F3D9F105AA
:20EF8000830D3D060212008080072401E0B9F25561928A251B0680FFDA0D80BFE6021A48CC
:20EFA000BFFF88420AE863DF050080FF1C038007FE0061BAFA0D80BFCA02234E3000BFFFE1
:20EFC0006A420AE880FF02031A381B40233630009535E0E1D23D7C37B50023366800233EB5
:20EFE00014000C4280FF2887805738021C30BFFF88F80AE8E051BA5D1C3019381840BFFFF9
:20F00000AAFA0AE8E051BA551C30E0B9AA0D1A38BFFFFAFB200E80000AE8630F0500F54528
:20F02000233E2000BFFFE6FB0AE81A381B4023362000BFFF8AFC63DF0500953D3D060C12DA
:20F040000080D53509EE1922A535E0E1DA052A0602120080D53523366800233E08000C4234
:20F0600080FFAC8623F608000045024D013803F0080D1C30010DBFFFF4F80AE8E051FA15B3
:20F080001C3019381840BFFF3AFB0AE8E051FA0D1C301A381B4063BF0100234E0400BFFF0F
:20F0A00030FD03F0020D0AE8C30A030DE0B1F205230F0500470A830A760F01001D5003F0CF
:20F0C00030FD20ED22E524DD26D528CD2AC52CBD2EB5031E74007F00031EA4FF03F023BD98
:20F0E00021C51FCD1DD51BDD19E52D4D2B45293D25FD17ED2EE530D532CD34BD36DD38C5C8
:20F100003A95780701006132A20D06086332A255653282553D0608120080E5751B067FFF80
:20F12000D9053D0602120080F56D238F59001F9A819AF389EA05239F55001306F0FFFA3520
:20F140006192CA1D80FF5401233751001A381940234E1C00BFFFD4400AE880FF6C01E0E9A5
:20F16000BA5517381B4023361C00BFFF4045E051E20F0000780F0100F545E0E1D21D7C37D7
:20F18000B50023365000233E10000C4280FF8085805790001C30BFFFE0F60AE8E051CA3565
:20F1A0001C301A381940BFFF02F9C52511EE1922B52DE0E1DA052A0602120080E5252336D2
:20F1C0005000233E04000C4280FF448523F604000045024D013803F0060D1C30010DBFFFDC
:20F1E00030F80AE8E0518A151C301A381940BFFF18FA0AE8E0518A0D1C3017381B4018484E
:20F20000BFFF76FC0AE81D5003F024FD16ED18E51ADD1CD51ECD20C522BD031E5C007F00B8
:20F2200007F0003D0245044D6A0023362C0003380C4280FFDA8403F0003D0245044D1D3098
:20F24000BFFFCEF67C00031ECCFF03F0194D174511FD0FE50DEDE0316A0080FF3E000132A8
:20F260000338BFFF0A791D307C008007610006F06A0001320338BFFFC47A80FF4C007D004F
:20F2800080FF1800233769001938184077003D0602120080E0316A0080072100240FE59D45
:20F2A000E0098A15260654309E00BFFF0C32BFFFE43024F6E89D000D810E0200010DBFFFA1
:20F2C000023140063F0080072100240FE59DE0098A15BFFFC03024F6E89D000D1D9A530924
:20F2E000010DBFFFDE30260654309E00BFFFEA3440063F0082072100240FE59D610A822514
:20F300000330BFFF0232E051B20563070100239F01002106BC2F9E00019660000452F39131
:20F32000821501964000F3910352B20D01962000F391E2570453D205F3090152A2050552D8
:20F3400042063F002457E59D7F0080076100BFFF4AFFBFFF9A7D0AE8BFFF886AE0E9FD5727
:20F3600034EBBFFF64FFBF07624B239F010007F05F32020D2A060812008066329B15048DDD
:20F380001F9281920052F289FA050106F0FFC205115619227F00250ED887730F01007F006B
:20F3A0008807E3F306C807E808C009E01ADD1CD51EBD20B507300940230E0C001A381B4870
:20F3C000010DBFFFA8FFE051CA1523F70D001D3018381C40194863D7010063BF050063B7AD
:20F3E000090061DABA0504EDA50500EDFDC760F94806FFF380576E013DEF0500FDC760F991
:20F4000044067F00BF5766FE42ED3DEF0900FDC760F940067F00BF5754FE42ED3DEF0D0093
:20F42000BF07EEFF80573E013DEF1100BF07D0FF8057F2000042010D0848BFFF30FFE051AA
:20F44000EA05800FCA000A40FDC760F95006FFFF8057F200010D0042014ABFFF10FFE05147
:20F46000BA1D23472D0003F03A5D3C653E6D407501D503CD05C507BD09B50BAD0DA50F5DCB
:20F480001165136D15751D3008F006ED1B381C480A40FDC760F95806FFFFBF075AFFBF0755
:20F4A00066FF80578000010D0142004ABFFFBEFEE051EA05800F58000142FDC760F95006BE
:20F4C000FFFF805780000142010D0848BFFF9EFEE051BA1D23472D0003F03A5D3C653E6D67
:20F4E000407501D503CD05C507BD09B50BAD0DA50F5D1165136D15751D3008F006ED1B3884
:20F500001C480142FDC760F95806FFFF23471D0003F0BF770EE01D3008F002ED1B381C4842
:20F5200061009007E3FF06E807D808E009D026CD28C52ABD2CB52EAD30A50838230E1C007E
:20F540006A009807E3FF06E807D808E009D02ECD30C532BD34B536AD38A50838230E2C000D
:20F560006A008407610006F0230F1100239F150042ED03F0010D039D6A0086072300040A2D
:20F58000010D240EEC9D030D200E10000032254EF487050D06380640BFFFF2E346063F0080
:20F5A0008C076100BFFFD6FF0AE8E051AA1D0330083ABFFF96E20AE8E051BA1580579A04C8
:20F5C000BFFF0E3FBFFFB6FF0AE8E051AA0D80578804BFFF56CCE051C205BFFFA0FF0AE849
:20F5E0001D504C067F008007E100C60007E03D0602120080BFFFE43A0AF0E051B2156408A7
:20F60000C10E0300620AEA0DE0E1B20D6698839A819A7198E807020BD3094C0A7C0F00003D
:20F6200000EABF07C463BE07E1E1031E18FC06E007C008B83D0602120080C600BFFF9C3A99
:20F640000AD0E051E20751010A30BFFF5E480AC81A30BFFF64489A0F0500C10E0300610A55
:20F66000CA0DE0C9E2073101E051E2072B01F90F110000EA8007FE00620AEA071B011C305C
:20F68000C600233E2A00BFFF60FF0AE8E051EA070701E3472B0008060BFCD9052A06061250
:20F6A0000080A57D1C30C600233E6C0080FF12230AE8E0518A759A0F0700830A810AE955ED
:20F6C0000AC863072D0023364C00083ABFFF7CE10AE8E051DA451C08880A03F0D40B200EC7
:20F6E0003300D60B200E4700D5E3D70B2536F887233E40000C4280FF1680230E70000B0D50
:20F70000200EF0030D0D039E7000230E2C00079D0F0D369D210E300080574C03099D130D62
:20F720000632013A23464000234E4C00BFFF96FD0AE8E051DA15233F6D00230E70002336C4
:20F740005C000842C13980CF2C03EA0523CF2D0019060FFCD9053D0614580080C51DE0E99B
:20F76000AA1D235670001908D505230F6D0023567000E0C1821503F019E51B551D0D9A0FEA
:20F780000500233630001738C10E03001F0DF8C760F90AE81D50031EE8037E06FFE1800720
:20F7A000E10006E027F7090007E8E0F1C205260F0900010D27370100E03182153C470900F5
:20F7C000270F0500E809E1053C3F0500BFFF023DD5052A060C12008085153DF70D00E0F146
:20F7E000B20D3C0F0D00610ACA053C0F0500B5053D0F0100010D00524006FF00880723000A
:20F800000A0D013D0345054D070D09F0E049A205010527069EF79E000340BFFF0CFE48065D
:20F820003F00BE07E1F1031E2CFC06D807C008D039060212008019E0C600BFFF9E380AE814
:20F84000E051E207130123366000003A2046F003BFFF94C99DEF070083EADDEE0100E80758
:20F86000140B2108E1D18B7DE0E9E80714BBDAB97BBAAB7544BA1B30C600233E2A00BFFFBF
:20F8800068FD0AE0E051FA65E30F2B00F709C165E0E9A25563072D0025360488233E3C006B
:20F8A000BFEF0AB30730083ABFFFA0DF0AE0E051DA3D1B08880A03F0C40B200E3300C60B4C
:20F8C000200E4700C5DBC70B25361488233E30000C4280FF3A7E230E60000B0D200EF0036A
:20F8E0000D0D230E2C000F0D210E20008057780107C509D5130D0632013A23463000234E8F
:20F900003C00BFFF4EFB0AE0E0518A15230F2D00019E080013060FFCC10D23366000C13147
:20F92000233E4C000842BFFFA83BE0E1CA15A50D19E61246B5FD2336600018381A40BFFFB3
:20F94000903B63D75D001B30C600233E5C0080FFAA200AE01CC81950031ED4037E06FFF18B
:20F960008007E10006E03D0602120080C600BFFF6A370AF0E051B20D6408C10E0300620AA9
:20F98000EA051C30C60080FFAA200AE8BF075A608007E10007E0E031C21D06E8BFFF0C456F
:20F9A0000AF0E051E215E0E1C2153C0F0100E009CA056898629AE205620ABA0D6808610A98
:20F9C0008A0DFD3701003C3F09000042BFFF5AFC00524006FF008407E1F006C0A507099281
:20F9E00010FF00EAA3070F9000001DE01CF0C2F2C3F100CD00DA95251BF0ECF74202390F79
:20FA00000500C1F1000DF809FA1504D5E0D1C215E0C1A20D62C2820D63C2EA0D0032063822
:20FA2000FAC760F9850D0235270690F99E001E40BFFFB4440AE941DA390F0100E1D9D1DDBC
:20FA400041E262E2C1D52A0601F20080E0E9FD5724534406FFF023360800243EEC9D204687
:20FA600010006A00110D0145200E1000030505056A00BFFFD4C7E05179008007610001EA18
:20FA8000BFFF2844EA9F05001308870A810D400E1FFF210F1100870AE9EF0000869A910DA0
:20FAA000400E1FFF210F1100C10E1000E1EF24EBBF0718448007210007F02A060152008017
:20FAC000E031F21DE039D21D269F0500E099921D264709006842D115040D5842E009B205BB
:20FAE000614701000035E031820D020DE809F105133E0800BFFFDA390052B5050A560BC031
:20FB000040063F009007E1F706E007B808B009C823AF49003B06960000801BEE6C11060EB7
:20FB200000FB640AF955C600BFFFB0350AD0E051925563DF01000A30BFFF70430AC061AAF0
:20FB4000C205CAC70500C2451A30BFFF30FFE051F23D03F00BBD0DB50FCD1C30C600033804
:20FB6000BFFFBE3E23461400E051BA0D1C302706B4FA9E00BFFFB2FA0AE8E051C21DA52D53
:20FB800003F005050705090503E50AF0020D233604000838630F09007408630F0D00BFFF8C
:20FBA00016FF0AE8E051EA1523370100053A0A4080FF960EE0C9E20DD8C70900B20D390FC0
:20FBC0000100640AF2053D0601F20080B5051DEEFF4F1D505006FFF7800F6E022A060152BB
:20FBE0000080E031C21DE039A21D26DF0500E0D9E215260F0900680AA11507301B380842C9
:20FC0000BFFFCE383D0F09006C0A8A0D1C3608001B3E08000442BFFFB83800524006FF1068
:20FC20008407E10006E8E031F23526370100060E00FB640A99351DF002E5043D63070100E9
:20FC4000060D1C460800583AC600620AE20F0000C700630F0500004A80FF1E0C0A300A08F5
:20FC6000C10AE9158067D601B115BFFF323D3D0F0D000AF0620AFA0502351C380842BFFFB9
:20FC80005038C5053D0F0500030D0052850D2A0605320080C5052A06021200804406FF000F
:20FCA0009A07E1F306D807B008D03D06960000801DE66C11060E00FB640AE9071D01E039E5
:20FCC000E2071701E041E2071101C600BFFF0C340AC8E051E20703012AF7090023C60C0034
:20FCE00069B8D7BE0100B20564D2EA75000DE009E2050A30BFFF86FDE051CA051C56FF4FE9
:20FD0000C56D1B302706D8FB9E001840BFFF1AF90AE0E051EA25230F0D0039F70900009D60
:20FD2000F309D905410A630F0D00D5057F9AB2051DE66B6161BA9A250330183E08000442F5
:20FD4000BFFF8E372336040016380442BFFF823703F0000D029DE19989151DE66B61C53D30
:20FD60001D0E7712E1518A3D39F70900690803F0880C010A070DB505E0E1EA2D1A06DFFFF6
:20FD8000912D1836080016381A40BFFF44371B3018381A460800BFFF8CFA0AE063EF0900E2
:20FDA0001B30C600233E0800BFFF763CE0E1CA15E051A21523370900053A1C4080FF8A0CBE
:20FDC0001B30270620FC9E001C40BFFF5CF80AE0B5051DE66C111C505A06FFF3BF0F006271
:20FDE0003C0602120080060E00FB640AA91DC600BFFFE8320A30E051C2152AF70900DEC73B
:20FE000009008A0D000D7F0ADA05BFFF70FCE051CA051CE6FF4FD5051D30BFFF46FB0AE043
:20FE2000BF072E8580072100260696000080053A014280FF140CBF0752611F0A810A4A09BE
:20FE400001066AFF6C008007E11006E807E0610082072100243E049E6307010020360D0696
:20FE60000442004ABFFF98F921060D130080E151DA0D6407059E0052010A640F019E24F62C
:20FE8000049E000D410A010DD505E051E2F56407019E42063F0080072100240FFD9DE00989
:20FEA000AA15240F019E610AEA0D243E049E20360D060442BFFF6EF9E051DA0D010A640FE1
:20FEC000FD9D950D249F019E210602120080E099E00F145340063F002457059E7F0006389A
:20FEE000C7002606BC2F9E00BF074229800721002606BC2F9E00BFFF0E24E051DA05010AED
:20FF0000640F099EC5052A060352008040063F008207E100C52D2036FF01BFFF2C2B260680
:20FF2000BC2F9E00233E0200BFFF2425E3E7030000EA010AFD0FC0005C09C1063F01BA0D0D
:20FF40000198889AC90580FF5600D505870AB90580FF340041EA6BEAD3EDE3370300BFFF4C
:20FF60000224C3FF0200B20580FF1000240F099E610AA2D54206FF000032203E1027064041
:20FF8000BF0740298007210080FF0C1B400E2000405E1FFF6B0F550040063F0080072100BE
:20FFA000BFFFF6FEBFFFD2D680FF842C240F0D9EE009FA050232BFFF20FA010A640F0D9EFF
:20FFC00040063F00800721006232F2056532F2052A0608120080B50D0032A505013280FFC1
:20FFE000A66AE051C2052A060552008040063F0080072100E049F20D6232F2056532D205A4
:02000004009F5B
:200000002A0608120080D50D07300838094080FFCE6AE051E0570453C2052A060552008030
:2000200040063F008007E31008DD0A9D00E23D06081200806232C20565321D08CA1D200E4A
:200040001C00209620006232E197340BE149C9050908619AEA0D0730083801E00140880047
:2000600080FF226B000AE051E2051D0EFD3FB5051D0E0400E0D9B2057BE701000150400698
:20008000FF1082072100830F09006232F2056532920D2A0608120080F50D630F01000032DA
:2000A000C505630F0100013280FFBE6BE051C2052A060552008042063F009E07E3F006C85C
:2000C0002CDD30ED32C51D06B0FFB2251D0680FF82251D0660FFD21D1D0620FFA21D1D067C
:2000E00000FFF2151D06C0FEC2151D0680FE92151D0600FEE20D1D0600FCB20D1D0600F8F1
:20010000820D1D0600F4D2051D0600F0000ABA051D08830A630F2D00613ABA3D00D2083891
:2001200003F0230E2800039E24001A400105039D050D07050905084880FFFA020AE0E0519C
:20014000BA2DE0D9C2051BF000D502E503F0230E1400030D160D1235143D1F421A4801E5C5
:20016000050D8142BFFF14D70AE0E051DA15230E140003F0190D160D1DED2336300019408A
:200180001B0D1848203E500080FF700A0AE0C5053C060812008023361400BFDFACD81C50A5
:2001A0005E06FFF02A06081200807F00BE07E130031E6CFD06D807F008D009E0BF572CE586
:2001C000A205E049E1EF24EBD22D009D619AE205639AB20D01EE0600D525073604000838C6
:2001E0001B4080FF160AD51D7838019E16100706FFF3E09F12EBE0E9DA150245064D13EED0
:20020000ED2F2336080080FF7266E051BA0D233608001A401B4863E701000A3880FFFE08E2
:200220000AE81D50031E94027E06FF308007E11006D807E03D0602640080073080FF1A0BB4
:20024000E051FA051B301C380A4080FFFC020AE81D504006FF10900723000608073001381C
:20026000054D010A010503050705090D0B050D0D0F05004ABFFF5E3550063F0080074601B5
:20028000800736028607E100060808E83C0602120080E0411C50C22D289F0100639AEA250D
:2002A00007300138230E080003F00042010D0305084880FFDA08E051BA1D233709003D975A
:2002C0000900E69F85011308830AE191C9051C560A00E50D1DF00245889C050D1D3E1000BF
:2002E0001D4E0C0080FFDE65B5050A560A124606FF008407E130E031DA052A0602120080F4
:20030000953D06E807D026DF05001DF0E6370100043D63070100060D1B460800583AC70090
:20032000620AE20F0000630F0500004A80FF4A050AE00A08C10AB91DBF6702FB811D0A3039
:20034000BFFF5C363D0F0D000AF0620AFA0502351B380842BFFF7A31C5053D0F0500030D27
:20036000E0D1B2057AE701000052C5052A06053200804406FF308207E130C60007D808D020
:20038000210696000080630F010000EA2706F2029F000340BFFF92F20AE0E051EA0523371A
:2003A0000100BFFFFA350AE8E0D1B2057AEF0100E0D9D205230F01007B0F01001C50420689
:2003C000FF308007E11006D807E80730BFFFD035E051C21D0AE01B30C6000A38BFFF7838F4
:2003E0006152820D1C30BFFFA238E051B2057EDA9A0D1B30C6001D38004280FFCE050052A4
:2004000095152A0605620080D50D1D08C10AF9051F0A810A41E91D066AFFC9052A060112D0
:2004200000804006FF108007210080FF1603BF075A5B9207E310060809981A951CE51EDD46
:20044000208D22853D06021200801105E0E19235E0D9F22D0730013803F0230E2000070D33
:200460000848010A019D0395058D090D0B0D0D050F851D46FDEDBFFF5C330AE8E0519A1D11
:2004800023372100E60F0D00A80A920D610AF205620AD2053D060C240080B50DBFFFF4354D
:2004A000233721007C57010080FFBA027B5701001D505206FF108207610006E8800EFFFFA7
:2004C000E139FB050730C6000338BFFF5435C5150708C10AD90D1F0A810A470901066AFF75
:2004E000F105633F01000730BFFFB434D5052A060E240080B50DE051820D233F01001D3098
:20050000C600014280FFC404005242067F008007210008F07008E79F0D00E199BA1502F587
:20052000FE39821502F5270F050006380032009D210F01000142F309F30F220B010D80FF82
:200540008A04BF07465A8807E1F106C007D808B8BFFF4C340AE01B30C600BFFF7E2BE0E180
:20056000EA053D0601120080800742010AD0E051EA053D060E24008080073201FC0F0D002B
:200580001B98D300A89AA80AF309E2053D060C2400808007180100CA210696000080630FF2
:2005A00005001B30C6001938BFFF76349A0F05000A3063570100C10603008215E051AA1578
:2005C0001B30C600233E04000340BFFFACFD0AE8E051C20580676201AA5D23370100E03154
:2005E000E205803EFFFFBFFFBA340AC89A0F0500C1060300821586CAA10D3CF705003A0F4C
:200600000900009D210F0100E199D1053D0615270080D53D03F084DC07E526060E059F0085
:20062000233E08000042BFFF9633210696000080630F050018301B38C70080FF5A011C304C
:20064000803EFFFFBFFF5C340A301C3880FF40040AE8E051FA159A0F0500C1060300F2158E
:200660003CF70500E0B91708BA05000D410A010DFC4709001B301E38BFFFAAF10AE8E051FC
:20068000E20518380032014280FF4003233F05000708C10AB90D1F0A810A470901066AFF71
:2006A000D1050032014280FF22031D504806FFF18407E3100CDD0EEDE039DA052A061822DC
:2006C0000080853D860009E0E0E9B205E041DA052A0602120080E52DC90E0800680ADA05E3
:2006E0002A0602640080E525C83203F0010A8636FF00C7000105030D004A80FF7C010A30CA
:200700000A08C10AC905BF6734F7D9052A060532008085157D570100BFFF84320AE81B30F8
:20072000C6000A380142BFFFE4341C301D3880FF5E034406FF1021060D130080E1516C0059
:20074000800721002436189E003A20465802BFFF96BA053A2436109E0740BFFF8ABA400603
:200760003F0006F00052E031F2057408680AC3050156F8FF7F007F000608C10AB90D1F0A20
:20078000810A460901066AFFD105C20AC409613F199E7F008007E11006E007D8DB003D066F
:2007A0003C309E001D363C00BFFF0E1D1C30BFFFEE310AF0E051B20D86DC1B08A80AFA056E
:2007C0009B0065DAC905C4D95BE7109E1D363C00BFFF06204006FF108007E3FF06B0D60027
:2007E00007C8D90008A809E0DC0016BD18A51AC519D608001CDE1400DA00DB00FCD9A13D00
:20080000F9D1813D1808C10AD9351F0A810A580901066AFFF12D1830BFFF84310AE8E051D6
:20082000922D18301638BFFF6EFF7DE71000E0B9920DE0E1F2051D36120017381C40BFFF06
:20084000902C7DD708001D3080FFAA0361A2AA15DDD9DD070A007DDF05001B36080015389A
:200860001940BFFF6C2C3D370500003A0842BFFF76B94006FFFF8607E3FF06B0D60007C8D1
:20088000D90008A809D8DB001CA51EC51B0E1400009AC10061C2CA05199E0800D300133010
:2008A000C131C60040EE0080FB09F105FB99B90561C2B205E131C9051DE69600B53D1DE63E
:2008C000960080FF280D0AB8E051A22D3A063C309E001A363C00BFFFE01B209E9600000A1F
:2008E00001F0C2F2C4F13E97199EE091E19F249BD205410A01066AFFC9F513E01DE11DEE16
:200900009600FDE1E20517381C30BFFF6EFEC505173080FFA20D1A363C00BFFFBC1E03F061
:200920001630193815401B4801A503C505E5BFFFAAFE1C504606FFFF8007E11006D8060890
:20094000C10A99451FEA81EA46E91D066AFFB13D3C063C309E001C363C00BFFF5C1BC2EA16
:20096000C4E93DEF199EE0E9A22DFD0F0D000198A89A9A0D01F09E0065F2D905C4F1050A2C
:200980005E0F109EDDC70A00E2051DF074087898D309B505FD0F1100014614001D30003A79
:2009A000BFFF44B81B30003ABFFFD0FD1C363C00BFFF261E1D3080FFFE0CD5051C363C009F
:2009C000BFFF161E4006FF108007E13006D0DA0007E008D80730BFFFC62F0AE8E051F21DA5
:2009E0001A300A380042BFFF24321D30BFFF9C32E051B205E0D9B215FD370D00BFFFDC26D3
:200A00000A30BFFFA6340AF0E051E2056808E009B205E0D9C2051C30BFFF20FF4006FF30C4
:200A20008007E11006E0DC0007D800EA403E00801C301D391B40BFFF92FF41EA1D066AFFB2
:200A4000E9F54006FF108007E10007E061429A1D00EA1DF0C2F2C4F13EF7199EE0F1C20DCE
:200A600076081C98D300A80AF309EA05403600801D31BFFFC6FE41EA1D066AFFB9EDB505F7
:200A8000BFFFB8FE4006FF00BF071CF78007E1F0E039DA052A0602120080E53D07D000CAED
:200AA000250F558825F65C80C600850D0698819AB905009D1309813244F2E0318AFD01988C
:200AC000D300E7370D00900A21E853E9BFFF0C260AC00A30BFFFD4330AD8E051921DEAE7ED
:200AE000050018305DE1BFFFE431E051DA059CE680009DEE8000FB0F0500C10E001001E1AB
:200B000001E9FDE1D2053906026400801CE83AF70500195082EC4006FFF0BE07E170031E94
:200B200068FD06E007D808E809D023CF2D03E039FA052A0602120080E031D225B50D2336A1
:200B4000080020460C03BFFF88299DEE0040E0E1A20D23360C001C3820468801BFFF72296D
:200B60009DEE0400203E880123460C00E0D9C205203E0C035C4203F01D4801D503CD0132CE
:200B8000BFFF30FB031E98027E06FF709407E3301EDD20D51305E0D9DA053D060212008099
:200BA000E525230E2000050D440A014D070D0848010A0305090D0B0D0D0D0F050342BFFF56
:200BC000142C0AE8E051BA152337250026F7050072E0BFFFBE2E8AE2A90544527B570100C3
:200BE000E0D1D205230F21007A0F01001D505406FF3006F001057F0084072100E031DA0583
:200C00002A0602120080E51506F00708023D089809900706EFFFD9052A060F220080A50D2D
:200C2000004503F0814E0040019D03950032BFFF82FA44063F009407E3101C9D1E9520E543
:200C400022DD248D1305E0E1DA052A0602120080A525014D230E20000848050D440A01420C
:200C6000039D070D09950B450D450F8DBFFF662B0AE8E051FA0D23372500BFFF162E7C5717
:200C80000100E0D9F20523372500BFFFD8FA7B5701001D505406FF108A07E13006E007F06C
:200CA00008D01F0A630F1100BF5740DAE1EF24EB8255009D619AE2056E9AD20D01EE06006F
:200CC000854D073604001C40003A234E1000BFFF2AFFF50D0245044D0C0A03F0010D053518
:200CE000230E100000320305070D0638BFFF9CFD0AE8E051EA2D23DF11001B30BFFFA02CAE
:200D00000AE81A30C600BFFFD2230A30E0E9921DE051F2152A0F09003DF70500E10F0500C4
:200D2000820CBFFFA82FE051DA053D0F0500C13F04001B301A380042BFFF0EF80AE8C505CC
:200D40003D0602120080233F11001C30BFFF76F61D504A06FF308007610000EA800EFFFF89
:200D6000E131AB0DC600BFFF7223E051D205CAEF0600EAEF0000BF075231643751807F00BC
:200D8000400E007F4609405E0001EB099225405E0002EB09D21D405E0003EB09921D405E88
:200DA0000004EB09D215405E0005EB099215405E000EEB09D20D405E000FEB09920D405EB9
:200DC000007FEB09D2052A06FFFFFF7F7F0001507F008207E10024E654801C3863070100C7
:200DE000203604060C42004ABFFF14EA0AE8E051DA0D240F55801F9A819A4036000FF309D8
:200E0000E1373433BFFF76FFD51521060D130080E1518A154036000FBFFF62FF240F5180F6
:200E20001C38203604060C42640F5580BFFFF6E90AE81D504206FF008007E1F706D007A841
:200E4000950000DABFFF3CFF240F51801FB281B20AE8F609BA05BFFF7CFF24CF518019302C
:200E6000BFFF20FF0AE0FAC9D275400E007F1BC016B840CE0003E1E9AA15F951920D240F75
:200E80005980F609B20D24BF5D8001D0B50524D755801A30BFFFECFE0AE801C2409E000F0C
:200EA000400E0005F3E1CA0D409E0001F3E9922D409E0002F3E9D225E1E9B225F51D409E76
:200EC000000EF3E1B21DE0E1921DE1E1FB15E0E9D215E1E9BB151C08980A5F0AE10E0500B2
:200EE0001DF098F2C1F15FF2C1F2C5F1FE0F598841A9CA0D010600FE920D16DE0912A52DBB
:200F000080FF34150AD8E051DA251A30BFFF6EFEF9E9D21DFDE1F20D61C2EA05F9E1B20D2A
:200F200064B75D80E50524F65480020D00BD050D64BF598064D75580243E54802036040661
:200F40000C42BFFFE0E80AD8E051CA0580FFDA0C0AD81B504006FFF7820721001F0A810A8F
:200F6000630F010003380442BFFF66252A060812008042063F0006F0240F518033062B2C59
:200F800000801396D4D3F209010DE09F14537F008007E11006D807E0249F51801F0A810A8E
:200FA00000EAE199EA05BFFF2CFE0AE8E051CA0D1B30243E50800442BFFF1625E0E1C205B8
:200FC0001C30BFFF96FF1D504006FF1080576201204E0104BFFF62FC61EADA051F0A810A09
:200FE000630F2900E051CA0D23362000233E14000C4280FF1A6780575201BFFF70D9560685
:20100000FF00BF07BEDB82072300040D010DBFFFC0DD42063F009C07E3F306E808E009D895
:201020002ED530CD32C534BD36B53835010A030D230E2C00050DBF7FB2C4204E0104BFFF01
:20104000F8FBE051CA1D61EADA051F0A810A630F350023362C00233E20000C4280FFB06617
:20106000BF57C0E103F01D3001E503DD05D507CD09C50BBD0DB50F05BFFFA2DE5C06FFF307
:201080008057AE00204E0004BFFFAEFBE051AA1561EADA051F0A810A630F29002336200010
:2010A000233E14000C4280FF666680579E00BFFF60D95606FF00BF0750DBBF07BCDD9A076A
:2010C000E3F106E808D809D02ACD2CC52EBD30E53235010A030D230E2800050D440A7C07EF
:2010E00001000105070D09050042204E0004BFFF48FBE051BA1D61EADA051F0A810A630FBA
:20110000310023362800233E1C000C4280FF0066BF5710E103F01D3001DD03D505CD07C5D2
:2011200009BD0BE50D05BFFFB2DF5A06FFF19607E30006E808E0010A030D230E2000050D74
:201140000930BF7FA6C36A0023F614000045024D03F00E0D1C301D38010D6A008007E100F5
:2011600008E809E0239F1100E031820DE041E205619A9A0D0706E5FFE1052A0602120080DE
:201180004006FF00473A833ABFFFC61FE051FA051D301C38BFFFBA1FE051C2052A06046233
:2011A00000804006FF00BE07E1FF031E80FF06A007E01F0A630F1D00270F050000DAE101E9
:2011C000E95D00EA800FA801149D00D502AD0AC50CCD0EB510BD120DE099A24D03F0019A25
:2011E000730575057705163017381840194801D5039D050DBFFF68FF6357E500E051CA2DBF
:201200001A3814406307010023361C00234EF00080FF64016357E500E051EA1D2336F000E3
:20122000233E20000C4280FFE664BF57F6DF230E2C0003F0010D210EC00001D2153003C5FE
:2012400005CD07B509BD0B0D0DD5BFFF8EDE03F0735575D5C505010A630FE9003C3701006D
:20126000233EE4000C42DD314832BFFF64223C0F05001DEE2C0041DAE1D9D1A50052031ECA
:2012800080007E06FFFFBE07E1FF031E84FF03F0133507E01F6A116D2767050000D2EC0188
:2012A000996500EA01DA800FC60000CD800FC00002A5800FBA0008AD800FB4000AB5800FC4
:2012C000AE000CBD800FA8000EC5800FA2001295E091924503F071057305750501CD03053C
:2012E00017301838154016480505BFFF72FE6357E100E051DA2503F01245193801DD2336CF
:201300002000234EEC0080FF6E006357E100E051FA1523F6EC00003DA30709470100237EAA
:20132000280003F0017D03AD05B507BD09C50B050DDD14300FDDBFFFE4DB6357E10063DF94
:20134000E5003C370100233EE0000842DD314832BFFF7E213C7705001DEE280041D2EED107
:20136000B1A50052031E7C007E06FFFF3CF70100DDF161008607E11006D807E809E0230FDD
:201380001D000052269F0100E799BA057F3AEA1D0730E0090838230E0800E2470000630FE5
:2013A0000100234E0400BFFF3429230F0500E009A20D1CF0010D230F0900030D1F0A810AB4
:2013C000050DA5051FEA7BEF01004606FF10BF073A10BF070E107F00E007200101527F0035
:2013E00080072100640771A0640779A064077DA0640775A0BFFF1C49E051B205C41775A042
:2014000080FF72010032BFFF986303506457A1CA0132BFFF6C15E051BA0540063F00BFFFD1
:20142000BAFFE051DAFD85058007210024F678A0000D410A010D000D010618FC8A0D6407F7
:2014400079A024F67CA0000D410A010D2606C4309E00BFFFF810BFFF24646152FA0540F625
:201460001FFF080D810E4000090D40063F0080076100BFFFFC2A000AE1F62001249EA08A15
:20148000410AD3F1019A259D27050106EFFFD9F580FF760BBFFFB6DEE051B205C40F75A0CF
:2014A00080FF3602E051B205C40775A0BFFF3AC3BFFFF0E0E051B205C42F75A0BFFF30EA9C
:2014C00080FFE019E051B205C40F75A080FF8819BFFFEAB3BFFF52EFE051B205C41775A072
:2014E000BFFF9A633D0610001FFF6152EA051DF0000D810E4000010DBFFFAAC1E051FA05CE
:201500001DF0000D810E2000010DB505C40F75A0BFFF40E980FF961680FF14341DF0009DCF
:20152000249775A02106FF00FEFF00324199210600FF010052091309010DE091BA0DBFFF0A
:2015400098E4BFFFA649BFFFEEB7BFFF9E4A40067F00BFFF3C4880072100BFFF0AAD8007AE
:20156000210026061152008080FF380BBFFFF8AC7F0024F680A001050305640789A0640751
:201580008DA07F0024F789A0060EF8FF950D009DF3F1D105FE099B0DF309F10513F0FE09AC
:2015A000F3F5009DF309C9F5218F05001190C392C191F3919A0D339F0500D199619F05007E
:2015C000009D339F01000295619F01001298C39ADE99E199FA05219F0500210F0100D299AB
:2015E000039D010D64F789A07F008007E13000D2E031E25D0606FFEBB15D4732833206EE5A
:2016000001003B063C309E001B364800BFFFAA0E240F89A00198E0099A0D249E80A01308ED
:2016200001F0640F89A0019D030521F701000295F2E99B15D105000D730F0100E505BD919E
:201640000395C392D2F103ED1308640F89A01ED60800E525E1F1CA2562EAE1251DE0C3E278
:201660001C08830AFD098A25240F8DA02198F3E1B91D1C98C1991306FFEBE115C40961EF1D
:2016800095A0213698A0BFFFFEFE24F68CA0000DDC09010D240F89A001F0E009D2051E98C3
:2016A00000F5E0D1D2C51B364800BFFF2C111A504006FF308007E10006E03D0684309E0097
:2016C0001D30BFFFF40D1C30BFFFBCFE1D30BFFF08114006FF00800761003D0607580080C7
:2016E000000A01F0C3F2249E90B4D3F101051D9EFBB9410A039D660AD1F5003280FFEC3FFE
:2017000080FF1A406152AA0DBFFF726DBFFF0A6EBFFF52656152E0EF04EB1D5040067F009B
:201720008007E100C60007E000EABFFFAE190AF0E051C20D6408C10E0300620AFA05E0E1C1
:20174000C20565087C0F000001EA1D504006FF008007E1F306C007D001E23B063C309E0007
:201760006132C2256232A22D85551B362400BFFF480DBFFFA89A80FF6A3FBFFFE8640AC826
:2017800061C2CA05BFFF8E64B505BFFF94640AE06252820D62CAE2051B362400BFFF3A107A
:2017A000C5351B362400BFFF30101AF0C3F2C4F13E0F91B4630AAADD852D00EA1DC018B879
:2017C0001BB624001630BFFFF00CBFFF509A80FF123FBFFF90640AC8BFFF3A640AE016308C
:2017E000BFFFF60F61CAFA05E0C1B20541EA950D41BA950DE0C1E1C704C3E0EF14EB9AE5DD
:2018000062EAB90562BAD1DD1B362400BFFFAA0CC3D224F690B4DAF1000D620AAA15E0E154
:201820001C08C20D64E2B20565E2DA0521060D130080C505210607580080039A019D030DB0
:201840001B362400BFFF920F4006FFF38407E3FF06C8D90007A0D40008B0834C1AC5400E39
:201860001FFF210F11003A06021200801ABEFF3F01059D0AE5E712E3991DBFFFFC0BE05105
:2018800004E2CA150330BFFF7E0CE051EA072D01230F0100E009E20723013C06BC2F9E00C4
:2018A00081E1A5E266E2E90713013D063C309E001D362400BFFF020C1CD8C3DAC4D93B0FEB
:2018C00091B43BDE90B4E009CA05010A7B0F01001D362400BFFF020F63C2015AEB07A4BB01
:2018E0001D362400C55D240F61807F0A920D660AF905C30AC409210F91B4620AC245180EFD
:20190000FFFF64E76180640AEB2D410005000D001B0012001600E34F07001930143816405D
:20192000BFFFBA9AD50D19301638BFFFB09B850D1930BFFFEC6BC5051930BFFF585FE0516A
:20194000AA1524F76180020A1DAE24001530C3F2C4F17E0F91B464BF6580BFFF7C0E1730B9
:201960001C38A51D24F76180249E90B4030AC3F2D3F1010D24F76180C3F2D3F11A0E0646D2
:20198000030DF50D1DAE24001530BFFF4C0E24376580243F6180BFFFBAFD1530BFFF1A0BC8
:2019A0003B0F0100630A8AA51BF002BD010503D51D362400BFFF220E17504406FFFF8407F9
:2019C000E110C60007E008D8DB003D0602120080E0398215233E0600BFFF48FD6152AA0D53
:2019E00003F073301C401B480155003ABFFF60FE0AE81D504406FF108407E100C60007E015
:201A00003D0602120080E0399215233E0600BFFF12FD6152BA0D03F07330020A003A1C4049
:201A2000010D0748BFFF28FE0AE81D504406FF0084076100C6003D0602120080233E0600CD
:201A4000BFFFE0FC6152BA0D03F07330040A003A010D07400748BFFFF6FD0AE81D50440696
:201A60007F008207210006F0E031A2156408C10E0300620ADA0DC6E70600A20D6530050AE8
:201A8000003A630F010007400748BFFFC2FD005242063F008007610000EA1D302706621AE5
:201AA0009F000042BFFF402441EA6DEAF1F540067F00BF07865CBE07E130031ED0FF06D0B2
:201AC00007E808E009D80730040A0838430F0B000940BFFF325C21060B180080E151CA15FC
:201AE00023360B00233E0C0080FF8000E051CA0D03F06B48230E0C001A301D381C40010D22
:201B000003DDBFFF225B031E30007E06FF308007610007E880FFCE041D3080FFCE0440069A
:201B20007F0080072100003280FFBA04003280FFBA0440063F008007E11006E09C0007D842
:201B400000EAF50DFDF62800003A20462000DBF10105A4031E360400BFFF8CA641EA9D0035
:201B6000FCE991F54006FF10BE07E1F0031EE0FF06E007C0E0318255E039E24D860F01009C
:201B8000640AA14D03F00305233E08000105800F4A04234E0400BFFF66DC0AD0E0519A3D4B
:201BA000230F050001066CFFEA2D23EE08000AC80AD8009A13089D8F01000190C39241EAA5
:201BC000410AF28FC2901299640AE1F51BF0E8F74402D8F1019DE099B2051BCE01009D0F9B
:201BE000010041EA1E3604001D38A40B20462000BFFFDE181DEE200041DA64DAB1DD5CCFE6
:201C00000000D50D80CFC4033A0607120080F50580CFB803C5053A06021200801A50031EC6
:201C200020007E06FFF0BE07E130031E50FE23362400233E2800BFFF5AF30AE8E051DA7549
:201C4000040A430F23000336E4010A3880DF720303360402203EFF0080DF660323362300ED
:201C6000233E8400BFFF04FF0AE8E0510AD8822DD52DFBE62800C3E13C0F85001CE6840005
:201C8000C10E0200620ACA0D9C4725000806DFFFF1052336E4011C3E0400BFFF3418DCE7DD
:201CA0000000C20D9C4725000806DFFFF105233604021C3E0400BFFF181841DA9B00A30F58
:201CC0002300E1D9F1D56307DE0121060D130080E1E9BA2D2336D401003A20465800BFFFBC
:201CE00006A521061490745423F6D401010D200E5800820C200EA7FF830C010A840C020A8C
:201D0000850C1D0EF2EC070D0336E401003A80DFB00203360402003A80DFA6022106BEBA8D
:201D2000A5E7630F290200EA1F0A810A23F62C01030D800423E6240103363401003A80DFCD
:201D4000800203365401003A80DF7602E0E9EA07410103F017051C38010520360706204634
:201D6000B000234E2C00BFFF96DA0AE8E051DA2D230F2D00010650FFAA3523F62C0170086C
:201D80001C361000033EE40120462000D80C020D5B0DBFFF96A40AD01C363000033E04023F
:201DA00020462000BFFF84A4239F2500230F3101F309DA05E0D1BA05E051A26D23F62C019B
:201DC0007008410AD80C950DBF676EE99A65239F2500010A630FDC01639FE101210614904E
:201DE000745423F618015F0D2106BEBAA5E7630F2902200E5800E00C200EA7FFE10C253627
:201E00008A88233E3C00BFEFA48D1F0A810A0345050D013D1E30543A0C4280FFF258BF57DF
:201E200002D4230E4C0003F0010D010E8C01030D200E4C00050D230E0801070D200E80001A
:201E400023E6D401090D0B050D050F050132BFFFCCD00AE803362402233E08010442BFFF0C
:201E60007016E0E9DA151C30233E24012046580080FF9C58073E580080FF9458233E240193
:201E8000203607062046B000BFFF9AD90AE81D50031EB0017E06FF30BE07E130031EE4FFDA
:201EA00006D89B0007D000521B0EFFFF3D0628120080640AD905E039E00F140BFA151D506D
:201EC000855D01F0E8F74602C7F19E9F2500E099C2051306DFFFB9051D56010000951D9E35
:201EE0000200E091EA9F3453410AFB09B1EDE0518A45233E040063070100800FDE000A48E3
:201F0000BFFFFCD81D0EE500E151FA3523360400003A20469400BFFFCEA223EE040000E208
:201F2000E51DFC3E28001DF045EA1D30DA39270F0100204620000198889A819B800B0198E9
:201F4000909A980A829B830B870F2500443A840BBFFF7E1541E21DEE20009C00FBE1A1E5A5
:201F6000233E0400800F7400BFFFBAD8E051A20D031E1C007E06FF30E051BAFD01561F1962
:201F800085FDBFFFA4FCD5F58407E10006E89D0007E00330233E0400BFFFF8EFE051EA0D54
:201FA000239F0100400E000F2A062B2C0080E199DA051D301C38BFFFE2FE4406FF002046B3
:201FC0002000BFFF22A27B009C3701001838BFFF68FB5C0700007900203605062046940068
:201FE00061006437C5B47F006437C9B47F0024F7C5B4E0F1A20501357F0024F7C9B4E0F12C
:20200000A20501357F00000A04F0C1F11F9A410A5E9FC0B4640A91FD7F008207610006E8EC
:202020000330BFFFE204E051DA0D230F0100E009920D3E06BC2F9E0081F1A5F2C4F15EEF1E
:20204000C0B442067F00820721000330BFFFB804E051EA0D230F0100E009A20D3E06BC2FCC
:202060009E0081F1A5F2C4F11F0A5E0FC0B442063F008007610006E89D00BFFFFC03E05112
:20208000EA056EEAC205809E0080B505209E004040F61FFF080D04521309090D40067F0026
:2020A0008207610006E8BFFFFE156152CA2DBFFFC803E051D20D84F769801E0601FFCA1DC5
:2020C0001D30BFFF2CFF0332BFFF32FFC51D0330BFFF3404E051FA15230F0100E009B21578
:2020E0003E06BC2F9E0081F1A5F2C4F19EF7C1B41E0601FF820D240FC19DC4F2C1F105EDAD
:20210000030A010D42067F0080072100E039FA05E041D2052A0602120080C5050830BFFFA1
:2021200028B640063F00BF077CB580072100E039FA05E041D2052A0602120080C5050830C7
:20214000BFFFD6B440063F00E039820D613AEA055F326132BB0502527F002A06FFFFFF7F1D
:202160007F008007610007E80838BFFFDEFF1F0A810A0A30E151D2051D38BFFF4ADEB50542
:202180000156091240067F0008480142BF07D6FF8007E11007E008D809E8230F1100005215
:2021A000E04992150138BFFFA2FF1F0A810A0A30E1512A0608120080E2051C381B401D48D2
:2021C000BFFF30DE4006FF1082072100010A630F0100BFFFBEFF42063F002A0602120080F0
:2021E000E039F215860007F00105E031C20D0A5603406432C20D0636E2FF6132AB0D0A568C
:2022000007D27F00010A010D06507F0000527F007F009A07E3F12AC52CDD2EBD0505E0B92D
:20222000E26506E808C85F326132D3052A0608120080855D0930230E0C0003F0010D030572
:202240000042204E0804BFFF46E9E051BA4D23D70D00FA0F8501830AE1D9D9052A0602129E
:202260000080854502E261EABA1D230E100003F01938010D03ED1C3023461400204E200034
:20228000BFFFA4DDE051CA0D040A18301B381A40630F0100234E140080FFC8440AE062EA3B
:2022A000CA1D230E100003F0010D010A1938030D1D3023461400204E2000BFFF6ADDE051FB
:2022C000CA0D803766011A3818401B48030D2336140080FFCC420AE01C30233E0800BFFF95
:2022E000FCFE230F0900770F0100C5052A06021200805A06FFF19807E3F128CD2AD52CBDF4
:20230000309D0505E0B9E207190106E808C009D85F326132830D59326132D3052A060812BF
:202320000080957D230E0C0003F01330010D03050442204E0804BFFF56E8E051CA6D23E754
:202340000D00233610000A3820462000BFFF989EFC0F8501830AE1D1E10D68EAB20569EA31
:20236000CA051B06E0FFE5051D06E9FF8A0D1B06D0FFA21D2A0602120080D54D62EAB2056A
:2023800061EADA05200E20000232C505200E3000063218381B40630F0100234E1000BFFFD4
:2023A000E4DCE0518A3D023261EACA0D040A19301A381C40630F0100234E100080FFA443B0
:2023C0000A3069EABA0D040A19301A381C401848630F010080FF8C430A3062EACA0D80376F
:2023E0004A001C3819401A48030D2336100080FFB0410A3068EABA0D8037300018301C38C5
:2024000019401A48030D80FF98410A30233E0800BFFFCAFD230F0900770F0100C5052A06B5
:20242000021200805806FFF1200E200003F0010D040A66008007E11020360006BFFF9C0CBD
:202440000A30BFFF8C1AE051DA052A0603120080A54DEA0F01000AD8010618FCD2052A0619
:2024600015580080854500E21CE8E8EF4402240EE4B41B3E040020461400C1E91C08F40F30
:2024800040021D30C139BFFF48101DF00035023D1F0A130D1D46140080FFDA0B0AE8E051D5
:2024A0009A2541E26CE291E5200EE80324F6D4B4010D010A050D070D030D1E3820360106B9
:2024C0002046F001BFFF5ED30AE8E051BA0D2437DDB480FF780F40F61FFF080D810E1000D2
:2024E000090D1D504006FF1082072100243ED4B463070100203601062046F001004ABFFF49
:20250000FED2E051CA05010A640FD1B442063F008007E11006E007D800EA1D08E80F4602D6
:202520002436E4B41B38C131FCC760F941EA6CEAB905E051B2F54006FF108007E13006E05E
:202540009C0007D008D8240FD1B400520AE8E009DA05BFFF96FFE051BA1D0A0801F0E8F727
:202560004402249EE4B4D3F1E0E18A0D009DFA99920D410A6C0AB1F5850D9E9F1100FC99F4
:202580009AFD1EE8E0F1CA052A0603120080E0D9B2057BEF01004006FF308007E17006D833
:2025A0009B0007C808D0240FD1B400EAE009EA05BFFF38FF0AE8E051DA2D3C063C309E00F4
:2025C0001C362400BEFFF2FE000A01F0E8F74402249EE4B4D3F1E0D9BA0D009DF999C20D1C
:2025E000410A6C0AB1F53D0603120080F50D9E9F1100FB99EAF513D5E0D1DA0524F6D4B4BF
:2026000005050705010A640FD9B41C362400BFFFC8011D504006FF708207E100240FD9B450
:20262000E009823D01E26132CA2D2036F001BFFFBCEF0AE8E051D2250A38630701002036B8
:2026400001062046F001004ABFFFB4D1E051BA0D1D30243ED4B42046F001BFFFCE9BE051B1
:20266000E15714E31D30003A2046F001BFFF789B1D30BFFF42F0E0E1CA051C504206FF00FC
:20268000243ED4B4203601062046F001BFFF96D1E5F52A06012C0080A5F58007E11006D8D0
:2026A000240FD1B400E2E009EA05BFFF3EFE0AE0E051AA453D063C309E001D362400BEFF23
:2026C000F8FD248FDDB4019A1130000A01F0E8F74602C4F19E97F5B43EF6E4B4E091CA0524
:2026E0000095E091E20DBE971100D2061E00920D1295E091F2372433A20D6192E09F149B82
:20270000410A6C0AC1E5619AF3372433F13182156437DDB480FF360D1D362400BFFFBA0040
:2027200061DAAA0D0032BFFFF2FE0AE0D5051D362400BFFFA4001C504006FF108007E3F10E
:2027400006E09C0007D808C809C010BD12D53D063222008080FF440AE051D20580FF7005EB
:2027600061529A65240FD1B4E009EA05BFFF7CFD0AE8E0518A5D2437CDB4000AE031CA1DF8
:202780002036E001BFFF66EE0A306457CDB4E051F245003A2046E001BFFF4C9A000A24F7C8
:2027A000CDB40198E89F4402410AD3F113056C0AF1F5000AA51DE1F62800C6F1129DE09905
:2027C000A20DE0E1CA05009DFB99C5059E9F1100FC99B20D410A6C0AF1ED000AE1F6280075
:2027E000C6F1129DE0998A1D5A0F00002437CDB4E1F628001F0AC6F190E301DD91CB92C32D
:202800009AF70100FEF62800C6F1130D1730BFFF50A30AE8850D410A81006C0A81E53D06CC
:202820000C1200801D504006FFF18A07E13006D89B0007E008D03D06012C0080240FCDB4D9
:20284000E009B22D073063070100233E040020468000004ABFFF7AC50AE8E051EA1D249F8F
:20286000CDB4FBF628003C0FB100D3F1019A030D139DE009A20D1E361400233E04002046D8
:202880001000BFFF4C0C950DE0D1FA059003010513053D06096200801D504A06FF3080076E
:2028A0006100860007E89D00249FCDB4E60E28001D38E83F440220461400D309249EE4B4D3
:2028C000D339013080FF484EFDEE2800013E14005C42D3E91D361400BFFFF60B1F0A7D0F0B
:2028E000250040067F008007E1F3240FCDB466070100E009DA052A06012C0080C57D00DAB0
:2029000006B01BC838060312008019E8240FCDB4FDF62800C1F1120D610A1BE08A55FCD693
:2029200028009E0F110024BEE4B4D7D11A30E009DA05000D3A9F0100B5059A9F1100E19918
:20294000BA15020DE009FA05013820461400BFFF9698850D9A0F11001D301C38900BBFFFCC
:2029600040FF1A30852541E26CE2A1DD020DE009E2259E0F1100E0091BE082251CF0E8F702
:202980004402C4F19E0FF5B43EF6E4B4E0098A15000DE009DA0D1D301C38BFFF04FFFC3621
:2029A0002800D7311C3880FFA60941CA850D41E26CE2D1E518DE0900A50518D841EA9D0040
:2029C0006CEAB905E0D9B2A576CF0100E0D9DA051B30BFFF46FC0AD82437CDB4003A20464C
:2029E000E001BFFF02982437CDB4BFFFCAEC6407CDB41B504006FFF3240FCDB4E009E2251B
:202A000006F09E00FEF628000052C1F1870F0D00610AF105A20D640AF10DBA05930B7F0007
:202A20002A06021200807F00279F0100059D279F0500079DC5F5279F0500059DE79F0900C5
:202A4000869C279F0100879CA5ED2A06012C00807F002456D4B47F002457D1B47F008A07EB
:202A6000E10006E89D0007E023360400003A0442BFFF749780575603004ABFFF82CDE051A5
:202A8000C205BF67B4DCDA3D61EABB3D43EF0400E0E9DA0503F07308410A830C233E0400D4
:202AA000203613060442BFFF7CCDE051AA2D233608000A380C42BFFF2E97805F2803004A8A
:202AC000BFFF3CCDE051C205BF676EDCAA1DBFFF0AD4E0E9CA0563570D00C50D03F0060D2D
:202AE000A151080DCA09090D61E2CA057408DC09840C233E0800203612060C42BFFF26CD0D
:202B00004A06FF009807E10006E000EABFFF4CFFE051EA05BFFFD4F90AE8E051CA45BFFF72
:202B200034FF000AE19E280001F0C2F20A961000C3F1D299019D01F0C1F2DCF1410A800360
:202B400081036C0A81F5009A000AF50D80578E02008D0295917F130092871300F079B30564
:202B60000195038D410A81000C92B39192005F92F209D1ED419A6B9A81ED009A000A80577C
:202B80005C020095928F1100E089A20D13F0C1F2DCF1808BB2971100419A93008193410A43
:202BA0006C0AE1ED1D505806FF008A07E1003D06012C008080FFE4056152EA052436C8B6C3
:202BC000BFFF44FF0AE8E0E9E20F0000640FE1B6CA2D8057F8011D4880E71A02EA25830FEE
:202BE0000500E009AA25030A640FE1B6805FF6010A4880E700029A1DBFFFE0D223E70D0032
:202C0000203611068AE1BFFFD2040A30E051A20DBFFFBE128A0F0100FC09FB05010601FFFA
:202C2000C205050A640FE1B6BF0718AB8207E130240FE1B6650A8A0D01320638BFFF22FE72
:202C4000010A640FE1B6240FE1B6640ACA05010A640FE1B6240FE1B6610A00EAA22D85359B
:202C60001DE0C1E2C4E13CF6C8B661D060383CE6C8B6DADE10001B06F0FFD205DA0E080057
:202C8000680ABA15E0399215630701001F320042014A80FF1E02DA0E0800680AEA051B06D9
:202CA000F0FFB2055C07000041EA9D006CEAD905240FE1B6610AD2D5010A640FC5B64206F2
:202CC000FF30240FE1B6610ABF07C812240FE1B6630ABF07BE1280072100240FE1B6610A46
:202CE000D205240FE1B6640ABA0D00320638BFFF70FDE051EA0D030A640FE1B6A50D240F3F
:202D0000E1B62A06012C0080630ABA050A5632F640063F0080072100240FE1B62A06322210
:202D20000080630AEA0D0132003ABFFF34FDE0518A0D2436C8B6BFFFCEFD040A640FE1B612
:202D400040063F009207E100E031DA053D0602120080953D06E00706F0FFD1053D060C12C2
:202D60000080953580576600004ABFFF92CA0AE823361400003A20461000BFFF6A94E0E9D4
:202D8000AA25010A03F0940B6408233E0800010520361206950B73080C421D488C0CBFFF5A
:202DA0005ECA0AE8E051FA0D03F074081C30233E1400204610008D0C060D0F0D080D110D20
:202DC000BFFF0E071D505206FF00233E0400630701002036130604426A0001F0C2F2C3F114
:202DE0006A00233E080063070100203612060C426B00BFFF0ACA0AE8E0517C00840763004F
:202E000007E8863F1100C6CF1100B215010A030D230E04000042010D1F32084880FF94002C
:202E2000E051DA05230F0500610AB2057D070100005244067F0082072100010A630F010061
:202E40002606FC2D9F000338BFFFC8F62357010042063F0082076100400E000F630F01000B
:202E60000330003ABFFF2CE10AE8BFFFEEFB6152BA05BFFFC4FF80FFCA01BFFF1C32615285
:202E8000FA05BEFF10F580FF1400BEFF36F50132BFFF88F71D5042067F00E002A08340FE0F
:202EA00080072100BFFF44F680FF9C0140063F00A607E3F00730860009D034C5083801057C
:202EC0000340BFFF78F60AE823F70100E0F1E20755011E30233E24002046280080FF30480E
:202EE000020DE009EA052A0601520080800738011EE000EA61D2EA259E371100003D1DD8E6
:202F00001D421E4A80FF96041CF00035023D2346140080FFF0010AE8E051CA4D23361400BD
:202F20001C3E140020461000BFFF1E93E051DA05010A7C0F2500E53D41DA000A63DAD1E539
:202F400095FDBE0F11001DC819D8C19E0200629AF20DC19E0400649AB20DC19E2000130617
:202F6000E0FFE205C10E40000106C0FFBA259E371100003D1D421E4A80FF22041CF0003507
:202F8000023D2346040080FFEC000AE8E051AA15233604001C3E140020461000BFFFAA92FD
:202FA000E051E1CF04CBC20541DA63DA81ED7CCF2500233F01002336240020462800BFFF38
:202FC0008892E051EADF000061D2DA05BFFFF6FC61529A2523E70100E0D9D2159C3711001A
:202FE0001CF0003D1245E0D1EADF0000BFFFAEF5E051EA05E0D9C2050A30BFFF1EF61B305F
:20300000BFFF9AF61CF012459C371100003D084880FF8A03E0C1E20523F70100120D780F39
:2030200001001D506606FFF0800761000132BFFF6CF60AE8013280FF3C041D5040067F0076
:20304000BF072E3086072300200E1000249EC0890032010D039D050D06380640254E9C8846
:20306000BFFF18A8E051CA05010A640FE5B646063F008007FB3000EEFEFF06D807E808D0EC
:20308000200E0340010D0305BFFFBCC22436C0896352FA051B381D401A48BFFF8E01852D05
:2030A000BFFF0E42E051CA25B51D1D06FFFBC90520E60004950DDD060F00CA051DE6F0FFC6
:2030C000B50510E25DE11B301C38843ABFFFEA42E051EA0D1C08820AC20AC1D9BCE91D06B9
:2030E000EFFFC1E51B301D381A40BFFFBE43200E00403E0600EEFEFF010D060A030D400672
:20310000FF30BE07E110031E94FF06E807E008D8240EC08903F0130D200E1000150D1F0A4A
:20312000810A170D23362400233E04000C4280FFDE4507F00045024D03F0060D4C32013AC4
:20314000010DBFFF28B8E051CA25210622CB9E0003F00F0D230E1000110D210E2000090D1E
:203160001C08DD09014A0BED0D0D1D301C38014D23461C00BFFFCC98E051BA0D1B3863079D
:20318000010023363000204680000A48BFFF42BC031E6C007E06FF10840721000330233E51
:2031A0000400BFFFEEDDE051CA0D230F0100409E007F5309409E000FF309EA570000A505BA
:2031C000015244063F008007FB0000EEFEFFE031DA052A0602120080F515200E0340010D69
:2031E00006E808E00305BFFFDAB9200E00403E0600EEFEFF010D060A030DE051DA051DF0B8
:20320000580DDC09590D4006FF0008F0249FEDB6200EE803619ACA052106E803EFBE010DAB
:203220000C0A8433853B870B86037F00860F070040F61FFF089D1792610AE807040B5299D5
:203240001309069F0400090D200E1000619A089DE00F140B589252991309090D7F0080079A
:20326000610006E82437E9B6E031F20D1D380842BFFF5E022437E9B6244771801D3E08007F
:203280004832C342BFFF4A0240067F006C32643FEDB6EC37160B640F71807F00B407E170C9
:2032A000E031DA053B0602120080E54D06E800DA0C0A640F7180BFFF9CF73D0F01000AF03D
:2032C00004D5409EADDE900AD00A0AE006CD64EFE9B6F309DA05BD370700013AB5050C3280
:2032E0001B38BFFFAAFF1A3019380340BFFF1EFF1B9885251308E80F440213F0C3F2C3F13A
:203300001F8ADC09819721008E93219711000595A19721008F93219735008C93A197210082
:2033200048F2010E10008292B905218F2500858B419A240F7180E199E1DD0330BFFF22FF34
:203340000330BFFFEAFE1B507406FF708407210006F0E0319225240FE9B6E009D21D249F69
:203360007180F339991D869F1100C33A0842439F0600009D639F0100A69F110001360800E0
:20338000C7310338439F0700129D03F0849B1F9A859BBFFF3C0144063F00B407E1F306C09E
:2033A000980007B808B009D000DABFFFAEF6E051EA05BFFF36F10AD8E051DA45BFFF96F668
:2033C0003C063C309E000AE80ACE10001C362400BEFFE6F01DF00435063D0340BFFF2EFE08
:2033E000009AE51D1308E80F4602D9098197110013F0C3F2C3F18E93218F0100058DA187D4
:2034000011008F8348F2F2C1EA05F1B9CA0584B31A08C505210F2500840B850B419A240F8F
:203420007180E19981E5E0D1CA0503F0850384030330BFFF2CFE0330BFFFF4FD1C362400C6
:20344000BEFF96F31B507406FFF382072100433703002437E9B6E031B20D4432233E030084
:203460000142BFFF6C002437E9B6BFFFC2FD42063F0082072100433703002437E9B6E031AF
:20348000B20D4632233E03000142BFFF44002437E9B6BFFF9AFD42063F008007610008E89E
:2034A0000740003ABFFF408D1D360400003A0842BFFF348D7D0701001D361000003A08423A
:2034C000BFFF248D1DF007050D050F0511056407F5B6130540067F0080072100E031C20DAD
:2034E000E039A20DE041820DBFFF5E8DE051CA05015240063F000052D5FD8007610006E8D9
:2035000080FF34210A361F001D3820461100BFFFCAFF40067F004731E731BF07760A800703
:203520002100204E100080FF6219E051BA0580FF081940063F00BE07E1FF031ED4FF03F051
:2035400006B807D008B0234D6AC53B0602120080010A24E630B71BE8640FF1B61C3080A71E
:20356000DE0BE0D1825D9A0F0100E0B1440F30B7A255364701000806A2FFD1053D061FE021
:203580000080954D0806FFEFD9053D0629E00080A545620AD2053D0622E00080C53D1C30E3
:2035A0001A38BEFF2CFF80FF8E200AEE10001C360D0080FFA40F0AD01D360D0080FF9A0FA9
:2035C000FA51D3053D0620E00080D5250AE880FF6C200AC81C360F00BFFF22FF6152AA1D82
:2035E000FAE98A1DE0C9EA15645719B780FF48200A3635001C3E250020461000BFFFDCFE25
:20360000210621E00080019EDFFFE051E19F24EBA50500EA235F4500E059E207E702E0C1BE
:20362000E207E1028037480BD205010E2100E1E9AA1576070100240F19B7610ABA057807FA
:2036400001003B0600E00080FBE9E2077104000A80076C04E0E9CAFD1730233E880020465F
:20366000100080FF5C1D0AE8E051CAED230E980003F0203E1000010D033D233688002546A4
:20368000CF88254ED18880FF94130AE8E051AADD36D7010003F015052536AC881A9EBAFF1C
:2036A00050D2233E7800BFEF04750C9201951B0EFDED209636003B0D0595099D0D9D230E52
:2036C000980039451C963600239E2800113D1345370D1C4E010003E507950B950F9D0632A6
:2036E000013A23466C00BFFFDCBD0AE8E051AAAD1C30DA31233E780020461000BFCF76C37C
:20370000D2053D061EE00080B5A5BCA7350036CF01000AE820D6360080FFA81A03F0215551
:203720001D581D05E0A1E207DB0164A2EB07D5011906A2FF0BB8C12585351A5E0800190E14
:20374000F0FF635F3D00E1599B2517A8C2AAC4A9DCD175D721B71A36060080FFFC0D03F047
:203760001ED52035353F21B70242CAD1BFFFBC8AE051CA05015A635F390041BA9700F4B93D
:20378000D1DDBAC91906F0FFC2053D061FE00080235F3900E059EA053D061FE00080BF07F6
:2037A000B0FEE0E9FA079FFE36EF0100BCAF350000BA80FF0E1A03F00AD01F05A1041D0614
:2037C000A2FFF94DE0A9D24D0A30233E600080FF02180AB0E051DA45E0D10AE8C21D951D88
:2037E0001DC8C2CAC4C9393721B71A380242BFFF588AE051CA0D39CE20B73937010001B243
:20380000463280FF540D63574200D50541EA9D00F5E9F1E52536BC881C3E0F00204611007F
:20382000BFCF52C2E2A700002536CD881C3E0D000242BFCF40C2CA05015A635F3D002336F0
:20384000660080FF140D235F3D00615AAA0D61A28A0D61B2EA05E35F4300EB51E2BF000033
:2038600064BFF5B661BAFA4580FF5819380F0100620AE9053D0619E00080BF07D4FD00EA51
:203880000AC880FF5E1C0AD01DE0951D1C08EC0F40021AEE080019300242C1E91D38BFFF19
:2038A000A8891D30023AE051CA052446F8B6B505244604B780FFDE0C0AE841E29A0F01002F
:2038C000E1E1B905E0E9B2E5240FF9B6620AE2053D0601E00080BF0778FD23374500243EF3
:2038E000FCB60140BEFFEAFB240FF9B6780F01008007BE01BCBF350063074900E0B9CA05B8
:203900001BE8BF074CFD00B280FF761B0AD080FF2C1D0AE81C360F00BFFFE2FB0AC880FFF2
:20392000161D0A3633001C3E23000242BFFFACFBE0D1E20561EAC205E0C9A205E051E1B7F8
:2039400004B300D2F56D1AE0C2E2C4E13C3721B73CE620B7233E540080FF781621062AE002
:203960000080E151BA0D3C370100010A640F1DB780A7EC07E255800738010AE8E051EA07E3
:2039800031013C370100023A2346480080FF060C0AE8E051EA071B013CF701000AC86598D0
:2039A00063073100D30E0400889AE925E009CA251EAE080015302446F8B6023A234E2C0075
:2039C00080FF180C0AE8E051BA7523CF2D00E0C9BA151530023A23464800234E300080FF09
:2039E000FA0B0AE8E051CA65230F3100E009CA05010A640F11B72336560080FF5C0B3C3707
:203A000001000AE8423280FF500B61B2D20561CAB205FD51E2053C37010080A742078A4DA9
:203A200041D2F7D191952447F9B6380F0100E809F9053D0619E0008078070100953D2337CC
:203A40004500243EFCB6BEFF88FA24F6F8B6000D00EA780F0100070580FF881A0AC81DE08B
:203A600095251C08EC0F400219D60800023A23464800C1D11A30234E340080FF5E0B230FAC
:203A800035000AE8E009DA0DE051BA0D1A30244604B7023A80FFFE0A010A0AE8640F15B7C9
:203AA00041E2990F0100E1E1B905E0E9B2DDE0E9FA0793FB3D0600E00080020A640FF1B641
:203AC0001D50031E2C007E06FFFF8607E17006C807E008D809D080FF641B3D060212008089
:203AE000E0D9C205E0E1A205E0D1FD572453C22D6152DA052A0616E00080E5251C300338AA
:203B000080FFD014E0518A25A3370500043ABFFF08FA6152DA052A0626E00080D5151C3007
:203B200080FFCE18E051DA052A0615E00080C50D19301C381B401A4880FF1817E051CA0591
:203B40002A0600E000804606FF70BE07E1FF5C1A240FF1B663071D00620AE2053D0618E010
:203B6000008080075604240F1DB706B0005A3C06021200806407F1B6610AEA053D062AE03E
:203B8000008080073604240F11B7610AEA053D061FE0008080072404240F19B7610AAA0DF9
:203BA000243630B780A798052A0600E00080800714040BE80BD0233660000B38BFDF02E483
:203BC00080FF00160A3080FF90091AC819B86357200017A8800756022436FCB6D53180FF42
:203BE0007809A4C765B70AA085151DD8C2DAC4D93B3721B780FF6209F451EA053BDE20B7F3
:203C00003BD70100C50541EAF8E981F523366000003ABFDFACE31AF064080106EFFFC915DC
:203C2000821D0106EDFFD90DC2150106EBFF990D82150106E9FFD20D010EDFFF610ACB0511
:203C400020562000850D1A36060080FF0C09B50520561000635722000A301A3E060002425A
:203C600080FF0C091AF0649865D800EA130EFFFF1B30610AA315010EEEFF610AE30D640A31
:203C8000C20D6C0AA20D010EE4FF610AE305130EEFFF610AF315C50D203E8000BFFF7AF889
:203CA0006152BA1D3D0623E0008080078A01640A920D500A610AE3053D061FE0008080079F
:203CC0007601203E8400BFFF50F86152EA053D0625E00080800760011B30203E8000BFFF4C
:203CE00038F86152EA071501E35F2100EBA1EA053D0601E0008080073E011A3608006337A0
:203D00002500233E540080FFCA12E0510AE88A7523365A0080FF42080A3063570D00BFFF11
:203D2000CCD8E051CA051CEEFF3FA565233F25000AC016300A40234E0C0080FF16150AD8A3
:203D4000E051CA4D9A0F05001A360600630F150080FF060803F00A0D0955019EEFFF619A13
:203D6000EB0D063D230E600018301A401A4E0200010D035580FFA60C0AD885350106EBFF47
:203D8000DA15230F0D001CD80106F0FFFA252336440018380140BEFF38F71A3823364400E3
:203DA0002346600080FFA40D85ED010EDFFF610AAB15230E6000010D210EB0FF063D030DB0
:203DC000230E140018301A401A4E0200050D80FF1A0EB5D53B0623E0008023470D001830CC
:203DE000003ABFFF02841830BFFFCCD81BE823466000E0E9C205F51D1A460800E35F210062
:203E0000EBA1E8CF24CBFABF24BBF20DE34F230016301A3880FF74100AE823366000003A04
:203E2000BFDF9EE1E0E9FA0542AA240FF9B6E1A9F107A9FDE0C9C205E0B9FA05B505E0B94C
:203E4000C205015A635F1D00E0E9EA071B01235F1D00615AEA053D0601E00080800708010E
:203E60001DD8B50D243E08B71630DB3980FFDE110AE8E0518A7D42DA240F05B7E1D9B1F50D
:203E800080FFB60F0AE8E051EA6D240FF5B6610A8A2D80FFD0170AE8E051DA6580FF2413E6
:203EA0000A30233E380080A7AC02DA5DE0C91CE8A25D03F09A039B0323EE380003363A008D
:203EC000233E1A0080E78602163019401D38BFFF50F60AE8E051FA453D0600E00080B54581
:203EE0002536D588233E2800BFEFC26C17081909E70F340BE03F143B24DE30B703F0E70FEF
:203F0000240B163003DDE13F043BE0CF0443E0BF044B010D80FFF602210600E00080E151CB
:203F2000FA0D233628001B3E250020461000BFFF1883E051820D3D0621E00080C5150AE85C
:203F4000E0519A15E0C9B20DE0B9920D163017381940BFFFCCF50AE8E051FA051B3080FF88
:203F60006C160AE8E0C9C2051930BFDFDC9A210621E00080E1E9015AEB07B43380FFCA16FB
:203F8000240FF5B6610AAA0DE0E9C2058037E001CA153D0600E000808515E0E9C205803796
:203FA000CE01BA0D249F15B7210624E0008001E6DCFF619AE1E724EB243630B780A78001B4
:203FC0001D50441A7E06FFFF240FF1B65F0A610ABF072E079A07E1DF06E008D809B8BF57ED
:203FE000B0B2E2075501623AE1074F01E041E2074901E049E207430180FF5E050AE880FF4F
:204000008014E051EA053D0614E0008080072A01E0E9FA551DE02336180080FF1014E05129
:20402000EAB700001CC80AE8D54523C61C00D9C11830033880FFCE110AE8E0518A1D230F73
:204040000100E009EA351830233E240080A70601EA0D370F01001C5E04001CC60600635FF6
:204060000900E1C1E3053D0619E0008001B295251CAE02001CA605001B30DC31233E240014
:2040800080E7CA001B30D531033E260080E7BE0023370900033E29000142DB31BEFF32F413
:2040A0001B30D431033E28000142BEFF24F418E042CA230F1900E1C9893DE0B1F2B5D5352E
:2040C00000CA1C30233E040080FF3A110AE8E051BA2D230F0500610ADA053D0614E0008059
:2040E000B5251C30233E0C0080A76A00DA1D370F0100640AD9053D0619E00080D5151B3021
:20410000033E0E0080E746001B360200033E11000142BEFFBCF31B360300033E1000014267
:20412000BEFFAEF304CA19E077E70100E0E9CA053D0600E000801D505A06FFDF203E0010A7
:204140002446F8B6BFFF56F374000242BEFF82F37C0080FF7E0E0AE8E05174002446F8B620
:20416000023A80FF30040AE8E0517400210600E00080E1E966008807E13006D007E880FF1E
:2041800042100AD83C0602120080E0E9C2053D0F0100E009FC572453B22D1A30033880FFA2
:2041A0000213E051DA25230F0100610ACA051C560600E51D1B30233E040080FF160EE0514F
:2041C000FA1523DE0400033606000A380242BFFF16801DF00045024D430709001A301B3821
:2041E00080FFA80CE051CA052A0600E000804806FF3080072100253EE5880242BFFF4A803B
:20420000E051E257000040063F00A407E3FF06B807B008A809A03CC53A5D3A0602120080E8
:20422000E059820DE0C1E205E0398A0DE041A205E049FAEF24EBE207830223360C0080EF53
:20424000FE0223360E0080EFF60223363800BFDFF89718360D00233E0C000242BFCF16B86A
:20426000BA3D25CEE5881930233E2C00BFA7E6FEEA0749022336320080FFDE020AD80A3085
:20428000BFFF6AD3E051C2250AE017300A381B4080FF2E110AE8E051AA15230E310003F048
:2042A000030D039E3000470A1C301B381940034E2E00019D050D80FF00040AE81C301B4089
:2042C000BFD732A41C30BFFFEED38007C8011AEEFF3F8007E60100EA80FF08120A5E0800B0
:2042E000635F190080FFFC118A6701001DC863671D00F5750106EFFFC21D0106EEFF921DB8
:204300000106EBFFE2150106DFFFB2150106DEFF82150106EDFFD20D0106ECFFA20D010614
:20432000E9FFF2050106E1FFC2050106D1FFDA55DCD705008215230E38001C301C3E02008A
:204340001C4604001C4E0500630F010080FFE2030AE8E5451C36060080FFFE010A306357CB
:204360001500BFFF88D20AD8E051C2351C30BFFF84FE6152AA0DE0B18A0D234715001B301E
:204380001538BEFF4CF1B50D17301C381B40234E140080FFBE0E0AE8E051AA1503F01C0E4F
:2043A00004000A3D1C401C4E0200010D45E2230E38001B3003E5050D80FFFE020AE81B304B
:2043C00023471500003ABFFF1E7E1B30BFFFE8D2F5051AEEFF3FC5053D0630E0008041CA1F
:2043E000235F1D00EBC9E955E0E9FA6519E0ECE74202235F1900CBE11C30BFFFF8FD6152FB
:20440000DA05E0B1F4E724E3B20D1C30233E200080FFC00B0AE823E62000E0519AE51C305D
:20442000BFFFD2FDE051AA0D1C360200233E0E000242BFFF147EE051B2D59C0F0500620ADC
:20444000F205610AD2050106D0FFFA07ABFE1C36060080FF04010A3063571100BFFF8ED1A5
:204460000AD8E051F2B517301C380A40234E100080FFE00D0AE8E0519A0D233F11001B3028
:204480002346380080FF16030AE8234711001B30A59DE0E9AA151830233E380080FF2803D6
:2044A0000AE8E051AA0D23377500233E380080E784003D0600E000801D506406FFFF8407CC
:2044C000E17006E807E008D809D023CF210080FF66110A0E100003F01D301C381B401A487B
:2044E00001CD030DBFFF26FD4406FF708A07E11006E807E008D82A0602120080E039821D91
:20450000E041E215230E04000042630F0100013A0848BFFFACFF210600E00080E1518A0D55
:204520001D301C381B482346040080FF0A034A06FF1020461000BEFF98EF7C00003A02426B
:20454000BFFFA47C7D0006F0A70F0100800B870F0100810B7F0082072100063823360200E3
:20456000BFFFE6FFE357030042063F00820721002A060212008063370200E039920D62426E
:20458000FA050730233E0200BFFFBEFF005242063F0080076100069808E82A0602120080F4
:2045A000E031921DE041F215623ADA15280F0100019602006892B3054A52D50D0836040045
:2045C000C13113380242BEFF08EF1DF0000D0052420A010D40067F008007E13006D008E0C5
:2045E00009D82A0602120080E049B20569070100E031C21DE041A21D623A8A1DE04900EA9F
:204600008A15C5151C360400DD311A380242BFFF387CE051DA05010A7B0F0100E50542EAF9
:204620003C0F0100E1E9F1ED00524006FF308E07E30023E72900E039DA053D060212008045
:20464000E51D014D0848230E0C000740030D0638200E1000050D003280FF501700EAE05165
:20466000C2053D06055200801C30233E0C00BFE7C4FE23360C00003ABFE724911D504E067D
:20468000FF008A0763000EED230E0400010DBFFFA0FFE051FA0D0A080198C39901F0DDF18E
:2046A0006090939F0500410A339180930106F0FFC9F54A067F008607E3F106E007B809D847
:2046C00016D518CD1AC5E031B20DE041920DE049F205E0D1D205E0C9B205E0C1DA052A06E3
:2046E00002120080B5250838233606000242BEFFE0ED23EE0600033608001B380242BEFF33
:20470000D0ED03360A001A380142BEFFC4ED03360B0019380142BEFFB8ED1C30173863C797
:2047200001001D40064ABFFF5CFF4606FFF18607E370060807E008D809D012CD8503E03170
:20474000920DE039F205E041D205E049B205E0C9DA052A0602120080F51D233606000138DC
:204760000242BEFF6CED23EE0600033608001C38BFE7DAF903360A001B380142BEFF52EDE5
:2047800003360B001A38014280D79601013A1D40064ABFFFF0FE4606FF708407210043070D
:2047A0000700E041B20D634701000748064023360700013ABFFFCEFEC5052A06021200801F
:2047C00044063F009007E11006E807D843070700E031B205E039DA052A0602120080952D64
:2047E000233608001D3E0D00BFE762F923E6080003360A001D3E0F0020461100BEFFD2EC3F
:2048000003361B001D3E20000342BEFFC4EC03361E001D3E23000242BEFFB6EC63DF01005C
:2048200023360700013A1C40204E1800BFFF56FE5006FF10A607E17007D808D009C8233E9D
:2048400005002046100080FF780B3C0602120080E0D9C205E0D1A205E0C9FCEF24EBA225C3
:20486000E051EA1D233615001B38BFE7C8FC23EE1500033625001A38BFE7BAFC0336350035
:204880001B3E10002046170080D79600203E10001D40204E3700BFFF98FD0AE8B5051CEECC
:2048A000FF3F23360500BFDFA091800F66006606FF709207E110060807D82536E788233E1B
:2048C00017000D4280FF482E0130503A434280FFF00A3C0602120080E0D9FC5724EB92152C
:2048E0001C56FF3FE0E9CA0D63DF010023360700203E1000234617000D4ABFFF34FD0AE89F
:2049000023360700BFDF4291800F08005206FF103C0600E00080E0E9FDE734536100BEFFD4
:20492000B0EB63CF0100233605007A008A07E10001E280FF2E0C0AE8E051CA0580FF9207B9
:204940000AE8E051E237000080FF8C0DE0E9BA2580FF2E0B6152EA1D230E04001D30630FF5
:2049600001001C3806400648BFFF56FB210600E000800AE8E151FA0D80FFBC0C0A3E3500C9
:2049800000EA2336040020461000BFFFBC78E051AA0502E21C3080FFB00CBF07A68DBE075F
:2049A000E170031EE0FF06E007D808D009C82536F488233E2A00064280FF542D24EE30C785
:2049C0001D3080FFAA0E1C301B3823465400234E2A0080FFF810194023360400233E54006A
:2049E000234E2A0080FFAA0FA30F2D001D40254E148D23363000630F0100233E040080FFB4
:204A0000360F1A382336300023462A0080FF240E0052031E20007E06FF70A207E3FF069883
:204A200007E808B809B038AD3AE5070EFFFF00CA0106E0FFE10DE031C20DE041A20DE04980
:204A4000820DE0A9E2051C0EFFFF0106D8FFD905390602120080E5751C08C30A03F01CD670
:204A60001F00860B85D2880A07A60100075E050007660600076E080007760A0007C60C0035
:204A80009A00870B055D09650B6D07752336180013381D40BEFF3AEA23DE18001B30D431C3
:204AA000253EFA880442BEFF28EA23370900253EFE880142DB31BEFF18EA233711001738E8
:204AC00080A7B20123371500163880A7A80123370D00233E060080A79C01010A0198A52D67
:204AE0001D30DB31233E05000142BEFFE4E9A30F05000198C59A139EE0FF9300FA09CA0586
:204B0000DC0E1F00BA05200E200018401548D349630F010019301B3880FF4E21E051D205A9
:204B2000390605520080A50DA39F0500419A13088100439F0500FA09C3D51B301840BFD734
:204B4000B49B19506206FFFF9C07E13006E007D808D063071900E031D205E039B205E0418A
:204B6000DA052A0602120080E53D23362800253EFA880442BEFF5AE923EE280003362C0026
:204B8000253EFE880142BEFF48E903362D001B380242BEFF3CE903362F00003A0942BFFF71
:204BA0004676200E100003F0110D1F9A050D090D819A230E18000132139D0FE5010503EDD8
:204BC00007D50B0D063823461C00004ABFFF64A8E0519A0D230F19000106F0FFC2052A06FA
:204BE0002FE000805C06FF309807E31020E522ED24DDE031921D0706DFFFE115E041C21555
:204C0000E049A215E0E18215E0E9E20D3D0F01000106E0FF990D3B0F01000106DFFF820D0C
:204C20000106DEFFD2052A06021200809525230E080003F0010D200E2800030DBFFFDEFD02
:204C4000E051EA15200E20007D0F01003B0F01001C4023360800203E28000106DFFFCA0507
:204C6000254E0089B505254E4C89BFFF34FD5806FF100242DB31BEFF58E874004096E0FE65
:204C800032975DFC200E6000E197FE9AE0991250B205125601007F008007610007E82A06D3
:204CA00002120080E031823DE039E235BFFFAAF83E06A88A9D0060981E7E02001F82009224
:204CC0005F9A93001308C20AC1F17108EA09B11DEF0F0100EA09FB151308D209810A01F001
:204CE000C2F2CFF17088AA89E089860DBF056280A50D5F0A01989300C505410A01909200F4
:204D0000F299B9EDE081D6055D8700000052C5052A062AE0008040067F0086003E06708AE3
:204D20009D006008E131E905E6560C0048F2DE517F0000527F00060EFFFF610AA31D010629
:204D4000F0FF991DA21D0106EEFFB915E2150106ECFFF90DA2150106EAFFF20D0106E2FFB0
:204D6000820D010EE0FF610AA30D520A610ABB050B527F00BF07E6D301527F000E527F0008
:204D800086005F322A062FE000806132CB05E741EB05B505E741BA0500527F007F0080074A
:204DA000E17006E807C8990000E21930BFFF6EFF0AD83A0602120080E0E9A205E051FAE7BE
:204DC00024E3F2351D360600BFFF8EF79D370500FB3F09000A40BFFFAAFFE051820DDDD7C8
:204DE0000500DA053C062FE00080B5259B0F03009D9F0500E199D2053C0601E00080951D90
:204E0000C3CA240E08C8C1C9393705001D3E020002424232BEFFBAE639DF0500BD0F0500A4
:204E20001D3606005B0F0400BFFF2EF77B5700001C504006FF708007E170BFFF42FE3E06BB
:204E4000708A9D0060E80AD002CD00E2FDEE0600851D1C38E03F4E02200E40021D06BFFD43
:204E6000E1EF22DBE63F4002240EECC71930DC311B40C139BFFFAEA9E051DA05BBE941E282
:204E8000FAE181ED4006FF709007E1F706A807E008B009B8380602120080E039F21D073066
:204EA000233E0300BFFFF4FD0AE8E051EA072101A33F03001C30BFFFE8FE0AE8E051EA07C0
:204EC0000F01DCD70500EA070701A3370300BFFF4CFE0AE0E0B1A205E051F8EF24EBF2757C
:204EE000AA0F0300610A8A3D8AD703001A30BFFF48FE6152D2056E52B2056B52DA65FCDF3A
:204F000009001A3017401B38BFFF78FEE051AA451B30BFFFD8C6E051CA0518EEFF3FF5550B
:204F2000FC4709000AD80A30BFD7CA971B3016381740BEFF9CE51CF0023574401B38BFFFDC
:204F4000E4A8FC4709000AE81B30BFD7A8971B30BFFF64C7C53DE009FA358AD703001A306B
:204F6000BFFFD6FDFC3F09000AE8635705001A3007C8C3CA1740BFFF0AFE61EACA051906AF
:204F800080FF8A0D6EEACA05190600FFBA05E051D2053D062FE00080A51D61EACA05200E13
:204FA0008000D5056EEA8A15200E000103F0090D07BD05B53C4705001530233E0400BFFFFA
:204FC000DABC0AE8C5053D0601E00080BF0706AC8207E11007E83C0602120080E031B2352C
:204FE000E0399235233E0300BFFFB0FC0AE0E051AA2DA3F7030024DE08C81D300242C3F25C
:20500000DBF1003DBEFFCAE4A3F703001D3602000242C3F2DBF1023D423ABEFFB4E4A3F7BB
:2050200003001D3E06000242C3F2DBF1000D02F5810F030070305D0F040064085D0F0500C3
:20504000BFFF2CF51C504206FF108807E10006E0E039922D0730233E0400BFFF76FFE05180
:20506000DA3523360400233E0300BFFF2EFCE051DA2D23EE0400033606000A380242BFFFA8
:205080006671A33F03001D30BFFF16FDE051EA1DC3D70900BA1DA3370300BFFF80FC0AE87B
:2050A000E051DA052A06021200808515AA0F0300E0098A0D2A3F05001C30BFFFFCB3E051EE
:2050C000DA053D370500BFFF9AA84806FF008207E1F73C06708A9D009CDF010064DAD3055F
:2050E0003D0601E00080A56D24D604C87ADF0100000A3A9F01001AC6040001F0C3F2D8F1A3
:2051000024BEECC7F309D90D0198EC9F40021C960800D299019D0198E69F4002D799B50565
:205120000105009A410A039D640AC1E500EABFFF4EFB3CAF0500FBE606000AB01DD8F6D98A
:20514000D93D1B38E03F4E02200E40021C06BFFDE1E722CBE63F40021530DB3119406307F9
:205160000100D739004ABFFF96A60AE8E051CA05B9E141DAD5E521060D130080E151EA1D79
:205180003AD7010000E2D5151CD8C3DAD8D93BEF0500003A02421D360200BFFF4A703BF743
:2051A00001005D07040041E274081DF08503800CFAE1B1EDBFFF82FC0AE81D504206FFF774
:2051C0004056E0FE2A5761FC7F008007E10006E007E82A0602120080E031A215E039821585
:2051E000BFFFE0FF1C300A380242BFFF5C707D070100E051CA05010A7D0F01000052400601
:20520000FF008807E11006E007D8BF5784A0E21DE039C21D6707010000EA0338BFFFAEFF1A
:20522000230F0100E009AA151C30233E0400BFFFA2FD0AE8E051AA0D23360600BFFF1AF381
:20524000E051CA05010A7B0F01001D504806FF109E07E1F106C007C808B809D03C060212F3
:205260000080E039C23DE041A23DE049823D0730233E2400BFFF8EFF0AE8E051EA073D0155
:20528000230F2500610AEA053D0614E0008080072A011930233E2300BFFF00FA0AE8E0514C
:2052A000EA071901A3372300BFFF72FA0AD81930233E3000BFFF1CFD0AE8E051EA07FD0018
:2052C000E0D9D20DC3D73500D2053D0626E00080C575BB0F0300E009C205953D1CE8D56DF8
:2052E000833735003BEF0500BFFF4EFA03F0230E2C00050D5C0A070D010A15051D301838EC
:205300000A4001050305090D0B050D0D0F05004ABEFFC2E40AE8E0518A5523F729003A0FA6
:20532000010074405842E141D3053D0619E00080850D023D7A4701001730483ABEFF92E1DC
:20534000233F2D001830BFFF7CB0F535610AAA351BF002ED74C823363600BFFFFCF10AC0DE
:205360001930BFFF88C2E051CA051CEEFF3FD5253A0F01000AD8E1C1D3053D0619E0008038
:20538000D5151D300A38194063070100004ABFE764DA8A0D7AC7010017301B381840BEFF1A
:2053A00030E11B301940BFD74C931B30BFFF08C3C5053D0601E000801D505E06FFF1820737
:2053C000E10006E007E8634701002A0602120080E039C20D0806F0FF990DBFFFE6FD1C3030
:2053E0000A381D400348BFFF6AFE4206FF008207610000EAE031821D233E0300BFFF9CF81C
:20540000E051AA15A3F703002106788A9D00FEF60C00C1F1920D6A08610AC20562085F0A71
:20542000610AE1EF06EBBF078C4A8207E11006D82A060212008000E2E03182256607010080
:205440001CE8C5151D08C20AC1F17130233E02000242BFFF1AF11B4023360200023ABFFF0A
:2054600034F1E051EAE7000041EA3E06A88A9D006008E1E9B905E0E1E2E54206FF1086076B
:205480002100BFFF3EFD0A300338BFFF46FB23360200BFFFC4F0E051EA57000046063F00B4
:2054A0008807E10007E03D0602120080E039F215033820461000BFFF08FF0AE87C070100B2
:2054C000E0519A0D010A7C0F010003300A38BFE7CE82D505BF6762B2E05704EBBF07982931
:2054E0002A06708A9D007F008007610006E8E031E235003A20463800BFFFEC6C020A5D0F02
:2055000000001D360100003A0C42BFFFDA6C1D360D00003A0242BFFFCE6C1D360F00203E15
:205520002D0020461100BFFFBE6C1D362000203EFF000342BFFFB06C1D362300203EFF001D
:205540000242BFFFA26C1D362500003A20461000BFFF946C040A1DF0B50B9B0440067F0016
:205560008207610024EE5CC72A06021200801D0E1000A22D01386307010020360F062046C9
:205580003800004ABFFF78A221060D130080E1519A0D1DEE10001D30BFFF50FF1D3080FFD0
:2055A0002C00E0519A1524EE54C71D300A380242BFFF346C1D360200BFEF84EF200E90FF4E
:2055C000440F54C7005242067F00800721002A0602120080E031C20D063820360F062046E9
:2055E0003800BFFF40A2E051BA05BFFF76FF40063F008007E110E031DA053B0602120080EE
:20560000851D06E824E65CC73B0600E0008042321C3E30000342BEFFB8DE1D3605001C3EE4
:205620003300BFE728EB1D30243E54C7BFE71EEBBF07444424565CC77F00845755C7CA5684
:20564000200085527F00860000526132D2056232E205BE07B0EFC42F54C77F00C4AF54C798
:205660007F008007610024EE6CC71D30BFFF7CFE1D30BFFF58FF40067F0080076100E031D9
:20568000F20D06E8BFFFB0FF1D300A3E1F0020461100BEFF3CDE2A0600E00080C5052A0624
:2056A0000212008040067F0080076100E031E20D06E8BFFF82FF1D300A3E1D000242BEFFC9
:2056C00010DE2A0600E00080C5052A060212008040067F00643759C77F00245759C77F00A5
:2056E00000320638BF074A6206380032BF078E60074006380032BF07745F80573200BF0785
:20570000E86380572A00BF07886380572200BF07B85E00320638BF0724600032BF07426063
:205720000748063800320640BF07FC5D08480740063800326A0006F0270F0100C809670F60
:205740000100E809C905000D410A010D7F00BF0FF8A609D806F0000D670F01000105BFFF19
:20576000D8FF1D301C381B40BFFFCEFF4006FF108007E1F006E007D808D009C883C71D0049
:205780006607010000EAA50D803724040045214F01001C30BFFFBAFF41EAF8E9E1F540067F
:2057A000FFF08007E1F006D807E008D009C883C71D00010A670F010000EAB50D8037F003F5
:2057C000210F010000451C302148BFFF84FF41EAF8E9D1F54006FFF006F00808C100098006
:2057E000D000904A0170F0772202E90F22029042E88722020E98909AC1991378907AD300F0
:20580000E9472202D3811098909ACE00D082CE81CF4167870100D34101457F00000AE505D3
:2058200001F0C2F2C6F10105410AE709A1FD7F0008F062906388000A5F92D200D51501F031
:20584000C2F21E98C699339F010092F1C7F1410A809B138088825DF2828313809082989A43
:205860008183809BC100F109B1ED7F0006F0010A010D4432083ABF07A6FF5F420052A80064
:20588000E041C60D0808C20A01F0C6F1C709009D210F010080670803C2F57F008407E1F16D
:2058A00006C807C008B809F064D000EA850D1D08C20AC60941EA610701009D006508E1E9C2
:2058C000F1F500EAC5356307010000E2D5251CF0C2F2D8F100451DF0C2F2D7F1004D0330E0
:2058E000233E0400BFFFF4FE1B400330233E0400BFFF46FE1DD8DCD9C2DAD9D93B47010023
:205900000330233E0400BFFF30FE230F05007B0F010041E29C0023DF0100FAE191DD1DF029
:20592000DAF1C2F2D9F101DD41EA9D00FAE9C1CD4406FFF18607E11006E809E083DF1D00F9
:2059400008480740063863DF010023360400BFFF22FE85151D301D401C4E240063DF0100DF
:20596000233E0800BFFF3EFE03F0020D049DB309030D230F0500610AE2ED1D301C3E240019
:205980001B40BFFFF8FEE051EEE54606FF10BE07E170031E9CFF06D807C808E809D089E7E1
:2059A0000500000A889F490013960100F209B915C199C29AC799339FFDFFBF5720D4410ABC
:2059C0005F9D810085F5BF5714D4410A5F05170505058100FC0981FD23367400233EBC000F
:2059E000BFFFBCFE000AD50D9D9F4900BF57EED3C199C29AC399339F7900410A8100299DF8
:205A0000FC09B1F5000AB50D0198C29A13F0C3F1D999339F0100410A8100179D9D9F490019
:205A2000419AF309A1F51D4624001A4823367400233E5000BFFF68FE000AF505BF579ED3E3
:205A40003A9D410A8100059D9D9F4900419AF309E1F51C4023362C00233E0800BFFF1EFEAB
:205A6000E051DE1D233608000640234E2C0080CF20012336BC00BFFFF6FD233608000640D9
:205A8000234EBC0080CF0A01000AF505BF574ED31F9A410A179D8100FC0991FD23462C00E3
:205AA000234E0800C5051B401D4E24001B3080CFE0001B301D3E24001C40BFFFC0FDE0516D
:205AC000BEF5031E64007E06FF70070809F062380092C13AE709A90D63900198D300439A8A
:205AE000829AC192B3910138D2006388C77E0300000AC18A119EFFFFD300950D1380A18189
:205B0000C282C881410A70070100C100F209F1F5B299D3000092E079D215000A950D018076
:205B2000C68190870100C892410AC1001091EF09F1F51308C20AC8095F9A61970100D300A4
:205B4000AF3900921208E5150180CF81C68190870100C8921091C186030063829A0D138023
:205B6000C282C881709701005F9AD3000092410AC100E709A1ED1108F5050198C29AC8993F
:205B800073070100410A6598F30981FD7F0063E70100233E0400BFFF0CFC7900E199EB579E
:205BA0000000FF5702535F42E0516C001D08C20A1B38C13901F0DAF1D9096600E031E205C2
:205BC00006F01F0A010D00527F0001527F0007F00152E031F21DE039000A8A1D7F000198A9
:205BE000C699939F01000892008D11803381D0860100818AE081D20530062083B8ED3089D6
:205C0000018D819AF2061D00410AE809005281ED7F007F00E031F20506F0000D0052210846
:205C2000010D7F0001527F00A207E11006E09C0007E8E039A205E041E1570453B255E0495A
:205C4000E2070453F24D0906BFFFE915083809401D4E6C00E0E1F20520DE1C001C3063DF3A
:205C60000100E50520DE200063DF01000A3080FFF80F1B48D50D0A08950D0198C899939FF3
:205C8000010001F0C7F1410AEC9BE909F1F55D4FAC00E051DA051C301D3880FFEA0D000A27
:205CA0009D9FAD00F309A9151D98C199939F6D0001F0C3F1B39E3600849B410AA5F501F072
:205CC000C3F1209E3600849B410A0106C0FF89FDE0518A0D1D30233E04002046400080FFC7
:205CE000FE0D6206FF10800721000152E031F205E039BA05E041BA0580FFE40D40063F0072
:205D0000B007E13006E807D808E09C00E031A205E039E1570453F245E0E1D2058647690005
:205D2000E8E1B3050252F53D0806E4FFE2D70000033880FF500EE051DA051A301D3880FF6C
:205D4000460D000A9D9FAD00F309A9151D98C199939F6D0001F0C3F1B39E5C00A09B410ABD
:205D6000A5F501F0C3F1209E5C00A09B410A0106C0FF89FDE051FA151D30233E2000204684
:205D8000400080FF5A0DE051EA0D9D4769001D30033880FF4A0DE051EA051D301B381C40EE
:205DA00080FFE20D7006FF30BE07E130031ECCFF03F0860009E862E564DD83D7CD000848A5
:205DC00007400338BFFF64FEE051DA0D1D381C400330BFFF14FFE051EA051B381A40033054
:205DE000BFFF20FF031E34007E06FF3082072100890023970900644ABA0D0848074006387E
:205E0000920063970100003280FF5E0EB5052056320042063F0080671203950D8057D602A2
:205E2000BFFFCCFF41DADCE9E051BA05FAE9F1F55406FFF086006432FA0507F0200E200097
:205E40000052010D7F00205632007F008207E3FF06E807D0014509C818C51ABD1CB51EE56D
:205E600020AD22DD83A74900E031F20DE039D20DE049B20DE0E1920DE0B9BA05E0B1DA05CB
:205E8000E0A9B205E0D9BA050152B545460700001C3080FF0009E051CA3D14301D3E3409C8
:205EA000BFFF94FFE051DA35FC0F85013B9F0100830AE199E6070253C12D3D9F3509C19A39
:205EC00013960200F209E2570253B12581995E9AF3C1C30520563300C51D235F01007D0F90
:205EE00038090A0A7DD70D097D5F11097DCF15097DC719097DE725097DBF1D097DB72109CB
:205F00007DAF29097DDF2D095DA730095D0F00004206FFFFBE07E100031ED4FE06E80152C8
:205F2000E031E2077F01860F01006A0A820D6B0AE207570120565700800764013DF60C0997
:205F400026371109144500E5233E8801FCC760F9E051EA071F013DF63009024D744060086D
:205F600023368801233E0500A9415F42630F0100BFFFA6FEE051DA7D3DF61C090C0D00354B
:205F8000023D9D4F3109630F010023466801BFFF5EFEE051EA6D0A08950D03F0C1F1659067
:205FA0009E9F6901410A339185933D9F3509F309D1F5FD8F39093D971909238605001108AC
:205FC000B209B309D0095E0AC14700000A08851511F0B3F13D871509B2F15FF2C1F1C181E6
:205FE000C3F1657890870100410A3079857BF20981F5000A1138B3395F3A07F0C1F1C3F15E
:20600000410A238605008503640AD1F59D4F310907E0443A639F0100103023466801BFFF6D
:20602000CEFDE051EA253DF729090A088003D50D0198C3993DF7290993976901939F8901CD
:20604000C1F1410A339181933D9F3509F30991F5000AD50D3DF735093D9F2909C1F1D3F1ED
:206060000198C399B39F0500410A819BFC09B1F5E051BA153DF6240980E7EC00EA0D0B52BB
:206080005D570000E50D80E7F000FA053DF72D09FD0F3909010DD5056B52B2055D0700008C
:2060A000031E2C017E06FF00BE072100031E24F723F65C090898008D0285047D0675086D4A
:2060C00083677109800F92000585077D09750B6D0D6523361C00BFFF76FDE051FA05233696
:2060E0001C00BFFF32FE6B52B2FD031EDC087E063F00233604001CF0C6F11B98989A809B42
:206100001B98909A819B1A08BD091B98889AFC09829B83DBFC0F360B1C3E04001940DD4128
:206120001848630F01006A009407E1F007C808D009E083C7450000520AD80AE8950D1D08AA
:20614000C609810F01001DF0C3F141EA840BE9E9F1F500EA6C00074003F00638014D134835
:20616000038D61000245003D1D360400084880FF6C06E0517C00443280FFD606E0517C00E7
:206180008007E3F306E807D008B009C812C514E516BD18DDE031A20DE039820DE049E20544
:2061A000E0E1C205E0B9A205E0D9E1570453E215460700001C3080FFDC05E051FA0DFC0F9C
:2061C0008501830A019EF5FFF3C1E2071653EB053B9F0100E199C90506524006FFF37D0FE4
:2061E00028090A0A7DD70D097DB711097DCF15097DC719097DE71D097DBF21097DDF250958
:206200005D0F0000B5ED8207E17006E80152E031A265860F01006A0AE2056B0AF24D205622
:206220005700F55526F61809000D78D004F502E2430A0052800326F72109A1D10AD881E32D
:20624000A51D430703003DF60C09023500CD233E03000142F9C760F9E051AA0DA30F030086
:20626000E009A2F53DF72109DCF1800B41E241DAE0519A1DFAD9E1E53DF721090AD8DCF11C
:20628000800341E2C50D3D0F15093DF72109DB09810F0100DCF141E241DA800B3D0F190945
:2062A000E1D9A1F5E051BA153DF61C09BFE7B8FEEA0D0B525D570000E50DBFE7BCFEFA0581
:2062C0003DF72509FD0F2909010DD5056B52B2055D0700004206FF70BE072100031E40F769
:2062E00023F640090898008D0285047DBF0F6AFE0585077D23361000BFFF88FEE051FA05E6
:2063000023361000BFFF02FF6B52B2FD031EC0087E063F00BF07D8FABF6710FE950DBF57B9
:20632000D4FDBFFFF2FF41DADCE9E051BA05FAE9F1F55406FFF086006432BA05BF07FEFA62
:20634000BF0706FB8007E3F306E807C808D809C012B514D583BF2D0000E2800F7C02F2456E
:2063600046070000083080FF2C04E0518A4517301D3E940ABFFFC2FFE0519A3DFB9F850102
:206380001388838AF1B1CA051A06DFFFA905025213808482800E00801090C192DB91F29755
:2063A000FFFF4191E191E20541E2810A9C0066E2C1F566E2E2570453A21DE0518A1DBC99A8
:2063C0003DF68C0A130EFFFF01CD84BB888C0B0D07D51D3604001B3818401D4E0C0980FFBF
:2063E000FC03E051CA050A0A5D0F00004006FFF3BE07E130031ED0FE06E80152E031E207E6
:206400009901860F01006A0AF2056B0AE20D2056570080078001BFE760FDEA0775010B52E1
:206420005D5700008007720126F6940A74D8009D000A1BE0B3E15FE223F66401C1F1410AB6
:206440008003680AA1FD000AB50D26978D0A23F66401C1F1C19192970100410A8893F3097B
:20646000D1F5260F990AD309420AFB09EB5D0608DB09A10F0B09010644FFFA55260FA10ADB
:206480001BD0C3D208929A09920986970D09E157C2085F0A81000191E191FA459D0F910AFB
:2064A00006360C09DC311C401348630F0100233E0500BFFF66FEE0519A6D0A08B50D1D9013
:2064C000C19101F0C3F1659892970D09410A3299859BFC09D1F53D0FA10A089A03F09A0959
:2064E0009309019AE19FC00065085F9A5309850B0A08850D01F0C3F16598E099E457145372
:20650000410A3DF6940A009D028D1B90B391B1915E92F20981F5E0519A3D01F0C3F1650887
:20652000610AE00F040BE20D0452853501F0D3F1D2F11C90B191C191C391B2970500410A4E
:20654000889323966401F109A1F59D4F910AD389113E0800639F010012301240BFFFB8FD2E
:20656000E051CA150A083D9F950AF309F90D23F664011C98C199C1F1DD99939F0D09609090
:20658000F391E4571453410AF5EDE051D2056B52B2055D070000031E30017E06FF30BE07FE
:2065A0002100031ECCF523F6B40A0898008D6480BF0FA6FB058523360C00BFFF8AFDE0511C
:2065C000FA0523360C00BFFF2AFE6B52B2FD031E340A7E063F00E031E205E039C205E041EA
:2065E000A205E049E1570453610086006432EA0507F0250E688DBF074AF8BF074CF8880017
:2066000000520A08E50D01F0C6F10198C799939F01006090F391B20501527F00410A810087
:20662000E809A1F57F008007E1F023F61C0006E807D808C809E000D564C0E031E205E03937
:20664000C205E049A205E0D1E1570453E22546070000093080FF3E01E051FA1DFC0F85013F
:206660000252830A7D0F940AE1C9FA157DD78D0A18301D3E900ABFFF74FFE051EA0D1D3682
:2066800004001C381B401D4E0C0980FF5001E051CA050A0A5D0F00004006FFF08007E1706A
:2066A00006E80152E031B25D860F01006A0AE2056B0AB20D205657008555BFE7BCFABA4D4A
:2066C0000B525D570000B54D26F7910AE697950A860F0D0926CF8D0A614060D81298A899D8
:2066E000BB995D9AD300E0099A35A60F0D09610ADA2D0608D309810F0F09E009FA25020AE1
:20670000A50D0188C689918F0D09110601FFEA1D410AC100138E0200F109C1F5BB9112D00E
:20672000DA0002351A08A809C1001D3E0C09C139BFFFCEFEE051E40714E31D3E0C091930F4
:20674000DA391B40BFFFBAFEE051E4E714E31C50E0E1D2056B52B2055D0700004006FF70D1
:20676000BE072100031EDCF50898838FA50ABF0FE8F923360800BFFFB0FEE051FA052336DB
:206780000800BFFF1AFF6B52B2FD031E240A7E063F00E0319225E60F85010198849A01069B
:2067A00000FCB20D010600FA820D010600F8D205010600F407529A15260F8101630A810D03
:2067C000C19AC699F30FFFFFC10600FCBA0508527F0000527F0001527F008207E1F006E8B9
:2067E00007E008C809C0E031E205E039C205E041A205E049E1DF04DBC21D0730BFFF96FF48
:206800000AD8E051EA15FCD785017DC705091D3019381A40834284D27D47020980FF580AF8
:206820001D301C381A4080FF920C7F52D20502DA1B504206FFF03CF68001003D72401D3625
:2068400080011C4863EF010080FF9C0CA5F5BE0F8EF701E2E031F20D0636800180FF600D51
:206860000AE0E0518A0D3D370509FD4703091D3880FF420ABF07DA1ABF0FCE95DC0009D8CC
:20688000E031A205E041E1570453A21D1C0600FCB20D1C0600FA820D1C0600F8D2051C0636
:2068A00000F40752DA0D08381C40834280FFC8093DF6800101DD82E41D30BFFFD8FE4006D4
:2068C000FF10BE0F1AF707F009E0BF0F0CFDC21DE69F8501130600FCB20D130600FA820DB4
:2068E000130600F8D205130600F40752DA0D0830809C1D381340834280FFBA093D0F810192
:2069000000527C0F01004006FF00A207C11043074000000A0180C28210889100C78911F007
:2069200060906198C381410AD892D09A12996290C8921391639806F01299709F01000106BD
:20694000F0FF99ED0035027D0465064D0698088D0A5D0C750E450082FA8FC490F58FC40835
:206960003209E78FC4682169830F41000106F0FFE105C20AC30921970100A5350156FEFF82
:20698000CA560F00C252C3512A970100013EF9FF01EE0100C1E60F00C73E0F00DDEE0F0013
:2069A000EF97C4D8ED97C408C23A3B098A92C2EAC3392191C3E9273F01003D0F0100C2E2AB
:2069C000C3E1D239F90FC4E8EE0FC4503C9701003D51830A2A09C709C1917C970100830F59
:2069E0004100C8690E400F505351410A430F40000E082B0951092E09CD091068C26AC56974
:206A00002D6F858D0B7011584182C169CD91FE9FC468F39FC4082D09EA9FC46821690F08E6
:206A200033091288C9894C090C480A090F60CD0913780198D2991006C0FFF98D020DC699D5
:206A4000019DCF09030D040DCC09050D060DC909070D080DD109090D0A0DCB090B0D0C0D9E
:206A6000CE090D0D0E0DC8090F0D6206DF108007610006E8063E2000BFFF92FE5D0760007A
:206A800040067F00E039922D860007F0000AE03182150198C29A0790D391C599339F858EF7
:206AA000410A680A729F0100D1F5200E1C0085150198C29A0790D391C599339FA58E410ABF
:206AC0008100680A729F0100C1F5200E2000E80BE003330500527F0001527F008007E17024
:206AE00006E007C808D00152E031A24DE039BA05E041EA4508E800DAC50D1C301938DB3941
:206B0000BFFF0AFE1BDE40001A0EC0FFE1D9E3F5E0E91D50D2359C0F6100E009DA0D1D06C1
:206B2000C0FFA90D1CF0329D1D08860AC60AA1E9C199339DA5ED209E40001CF0A19932952F
:206B4000FD99FD9F369B9300D3913395B3E9F50D1B90D991929701001CF0C1F1410A81000C
:206B6000A0935F9A5C0F600041DA9300E0999AF50106C0FFEACD1C30BFFFF6FEA5CD400635
:206B8000FF708007E17006E807C808D89B0000E21CD0E031A205E039E1570453B265E0D978
:206BA000D205860F6900E1D9B3050252B55D860F6100209E800001F0C6F1410AA09B810045
:206BC000460F60000106C0FFBA05BFFFA4FE9D0F61000106C7FF910DD5151DF0C1F1410AAF
:206BE000A00381005D0F60000106C0FFF9F51D30BFFF7EFEF5051DF0C1F1A003410A5D0F57
:206C000060009D0F61000106C8FFE9F51DF0329D480ADA03D9031390C392859ADE9B889AC2
:206C2000DD9B889ADC9B889ADF93DB9BD803E00B1D30BFFF3CFE1A08A515C1060300FA0589
:206C400001F082F2C2F2DDF100D518E201F0D9F1FCD78298410A809B58E28100FB0900525F
:206C6000D1ED4006FF70B607E130860007E808E009D883D781000338BFFF0CFEE051DA0D9F
:206C80001D381C400330BFFF56FEE051EA051B381A400330BFFFEEFE7606FF308207E1003F
:206CA00063070100E031922D06E808E00730253EC48E0142034880FF7A03E051C21D200E0F
:206CC000E0FF5C090106E0FDE2151D400032203E480080FF900323F70000250EC88E1D305E
:206CE0001C38FEF61800C1F17DF7410000EDFDC760F9C5050252A50501524206FF00BF574B
:206D00006C8588000152E031820DE039E20520ED3DEF0500FDC760F940067F0080076100FF
:206D2000E031820D06F020ED3DEF0900FDC760F9A505015240067F00BF5732850152E0316B
:206D4000820DE039E20520ED3DEF0D00FDC760F940067F00BF57168588000152E031820D50
:206D6000E039E20520ED3DEF1100FDC760F940067F0006F008750C950A7D0E9D1055D271F9
:206D8000EF9FA2831308CD0A1288938A0189CD921308930A01912E910D951495127D169D18
:206DA0003089D2510F8DEF9FA25B1308D00A1288908A0189D0921308900A01912A910B9896
:206DC0003199D281EE9FA27B1308D50A12888B8A0189D59213088B0A0985019132810C952E
:206DE0000E9D2F890B7DD251178DEB9FA27B1308D10A12888F8AD1928F9A018913912A911C
:206E00002F8915850D950F8D117D13557F0000527F0007F088000806F0FFE4071453FA2DA7
:206E200061806578607064986688C882C87A10711379D08A6280117963906788D0820E81B8
:206E4000D892D88A12810F89A6070F8000006D886C9869806870C88A11996E88C882107188
:206E60006A80D08A11996B906F88D0820E81D892D88A12811389A6078F8000007F0006F025
:206E80000075027D3206756573703306656D6F730485068D2E912F9909950B9D32066D6F1F
:206EA000646E330661726F64309131990D950F9D32066172656E33066567796C2E912F99F9
:206EC0001195139D3206736574793306626465743091319919051B051D051595179D0052EC
:206EE0007F008007E1F306E807B026E7390008D800BADCE60700F535080ABC09FB09FB0F5B
:206F000036D3BAD9851D17F0D6F16030DC460700BD0709C30000C342003A80FF800D1DF0C4
:206F20001C0D0AC10BC919C5410A1BCD41BA41E21D0D5FD2E0D18AED68E2DA151DF01495E8
:206F4000169D18851A8D1D303091319980E7D6000A9D18851A8D1AE01905309131990995F9
:206F60000B9D1B05E0D99ACD1B504006FFF38007E17008D89B001B0EFFFF680AE94506F076
:206F80001C8D1A9D18851495D88A1389169D309106E807D031991B8D80E78A0018850A9D6D
:206FA0001A8D1D3030910995109531990B9DB296FF00119580CF62001D3080CF5C001DF0C4
:206FC00008850C950A8D0E9D00E2328110953389129D328114953389169D30911995319998
:206FE0001B9DE50DBD07093300001CC8DAC91C40C34280FF780C41E2595700009C00FBE1B1
:20700000005291F54006FF700352D5FD07F0080A800B00527F00BFFF5CFD1D30BFFF56FDE2
:2070200079001595179DBFCFF0FF1DF008957C0009F0200EE0FFC6061F000052FF0F1493DE
:207040000A08D50D0198C29AC799339F01005299F331CA05010D01527F00410AE809B1F574
:207060007F00000AD50501F0C8F18033410AE709B1FD7F00C800000AE809F90D80675E04D6
:20708000C799F39F0100410AC100809CE5F501F0C1F2C6F18004410A010640FF99FD7F0076
:2070A000BF07D4FF06F0005D026DC7060700EA070B010796FFFFF200A5055F92E091F7050F
:2070C00012F0C1F2CDF17008E00982FDC13A5F3A85751078C17ACB792FF6FEFF7108709825
:2070E00012F0C1F2CDF170600188D08A1199EC09D2051388EC8FFE02951D808EFFFF0C70A4
:20710000F1772202000AE091D705FE0FFFFFF10F220201509052CA71EE99AB0DE105EF7764
:20712000FDFFC100EE09C3055F8AD10095ED009A130801F0C1F2CDF170501060B2615F627C
:207140000CF0C1F1F1572202DE00C1F2CBF17070D3510A98909ACA00AA7180749072B20566
:20716000419AD300410AC1001270CE00EE09A3E5EF0F0100F309991D009A000A0CF0C1F183
:20718000DE00C1F20188C18ACBF1CD89F18F01007070CE89D3891198909A808C410AC10079
:2071A0001288D100F109B3ED6F070000103EFFFF0780F000F281EF8D7F00BE07E170031EEC
:2071C000FCFE06F007E0DC0000D500EA04CD1DD81A381C400330BFFF9EFEDC0E0700AA3D64
:2071E000D5351C9EFFFFF309F30F3693D2000180B281D0001C98B099D300128E0100F389C3
:20720000F38F3673CE001B98C51510F0D3F11288B389C1F2C18AC3F1D9897078F18F0100D1
:20722000F17F2202CFE9EFE9A90541DA419AD300EE99C1ED01F0C1F2DAF180EC90EA1B9876
:20724000D09A410A13E900DAC1001C98C19AF30991CD031E04017E06FF70BE0F82ED07E03D
:20726000DC001C38BFFF56FF1D301C38BFFF38FE4006FF00C800000A0898819AF309E9156A
:2072800001F0C1F20898BE99C7999397FFFFB39FFFFFC6F1C89213918094410AC100D5EDE4
:2072A00001F0C1F2C6F18004410A010640FF99FD7F00C800000AA51501F081F2C1F2C7F1EE
:2072C0007098C1960100C392F29F80000890A191C691410A529FFFFFC100E809E1ED7F008E
:2072E0009207E10006E807E0C80007303D3F0500BFFFB0FD3DF70500010A7088630F0400A2
:20730000020A01F0C1F2C3F170980182E187C000D000F19F2002F09FFC9AD505E38721004A
:207320001198F0980186FFFF017AF07FC28001F0C1F2D300D000C3F1639F0200F0997098DB
:20734000A105D09901F0C1F2C3F1819C410A8100209E1000F309E1D5A3E5E30F2300800937
:207360007C0F80015206FF00031EF8FCC900000A01F0C1F2239E8401D3F1410A800401063E
:207380003EFFF9F5C90E0700EA071501C5551298C19AD3F1C6990178C17AC779F38701002C
:2073A000EF9F01004192D200F38722027098D181D099809C1388908A23F68401E99181EDE1
:2073C0000970C172CEF170981E6E0200D199809C909A819CE3978501E89F81011278F378E1
:2073E000E89F0100CF00EF9F2202D2990192B5151298C19A1380C881F08701004192D200BE
:20740000EF872202D1811388C389F19F8501D099719F82011388908AE991B1ED7098C3717E
:20742000410AC100D1996E9F8201ED970100909AD299809CE909009AE00F120BA915139017
:20744000A5BD0190C192D2F11280C8817098F0870100C391410AC100B099B199729F0000C4
:20746000909A3388418AD10023F68401E909A1ED0908C10AC1F17098C309B199619F0000C1
:20748000000A909AFA15950D80675200C399F39F0100410AC100809CE909F1F5031E0803B3
:2074A0007F0080673800C399F39F8501410AC100809CE909F1F5B5F55F420052E800E04114
:2074C000C60D0808C10A01F0C6F1C7097098E10F0100BF67CAE6C2F57F000198C19A13F08A
:2074E000C6F16C008607E37006E807D008E0DC0012CD84E21C98C19A0696820420DE1F006D
:207500000195034D05CD000AF50501F0C1F2D2F1410A8004C100F30991FD12F0D3F1010A5D
:20752000800C1C380330BFFF7EFB233F01001D301C40BFFF42FB1C380330BFFF20FD233F36
:2075400001001D3680011C40BFFF2CFB1D3E00031C400330BFFF8CFDB5055FDABB00FBD761
:207560008208810AB9FDE0D9010A961D1D301D381D4600031C48BFFFF2FDFBD78208810AC9
:20758000D905800F3E00BFFFE2FD5FDAD5ED0198C19ADD99410A73078001C100FC0981FDB4
:2075A000010A7D0F8001800F1A00BFFFBEFD19301D381C40BFFFECFA4606FF7000527F0067
:2075C0001D301D3E80011D4600031C486100501A63FF0D0063E7090063DF050023E60800D3
:2075E00063EF010080EF04005D0E61FF5D9E61FF210E188A339E188A06D8E199B20580FFCD
:2076000004005D0E61FF5D9E61FF210E188A339E188AE199B20580FF04001B3080FFF80482
:207620001E3003F004E506FD00ED02DD06F0031E10007F000608C65E0300CA2D2759CB5ED6
:207640000300CA3D08708472D215A70709500000A70789600000073E1000A6070F500000CC
:20766000A6078F60000006361000EE062100C8460F0008708272E23D27570100443A6657AB
:2076800001004432EE060D00C8460300BA3501507F00065808488059CB5E0300AB49A32D2B
:2076A00007670000413A466700004132EB060D0009402759CB5E0300E2C50848824AA21D4C
:2076C00087570100A75F010087670300A76F0300EB57D0F8EC579070ED5790F8443A665766
:2076E00001004432E9062500C8460300BA0501507F00E041A20D0000075F0000413A465F09
:2077000000004132E8060D0001507F00E1476009E6476071FF4760F9064807300938BFFF79
:2077200016FFFF6760F9E6676071E16760097F00031EA4FF63FF590063EF450063DF490086
:2077400063D74D0063E7550063CF510023E6540080EF04005D7E61FF5D7600005D6EFFFFD9
:207760005D66FFFF5D5E00001E502F7EAC882E762C0303F00D7D09752D6E7ABD076D2C6698
:20778000904A0F652B5E4C04055D194D17455DD661FF153D3AD6AC8806F00E8D0C9DEFD17B
:2077A0000A7D089506750485020D03F021051F051D0503051B0500DAE0D704D30AF0F1991F
:2077C000D22D5D8600001308B2093086801D1BC8F381B105F089BB0500DAA1D9F361B105FA
:2077E000EC899B155D9E0000C161339E2C03C16963671D00C199636F0D00E0D1639F110039
:20780000A205C1D1F259B105EB79BB1DEF91921D0B98A199639F0900C515390600000000C2
:2078200003F05D9E61FFAEC9339EAC8821CDA1992106F4859F001D9D039DB0091F0D0AF0DE
:207840001D081D601D582C66E01D2B5E801DDB6163672100DB59635F1500210EE01DE00915
:20786000D205DB09630F2500851D63672500D5152C3701001E4803F0125D2C3F05002C472C
:2078800009000E7DEB61E0CF120B0C760C000B75C13109F0EFC760F9235F210023671500F2
:2078A000EB61FAE51D581D602B5EE01D2C66E01D1D08DB59DB61210EE01D635F0100DB092E
:2078C00063671500630F1D00D525235F15008037A20100850275068D3037010030470900D8
:2078E000303F05004C820185C13111351345CE3909F0F1C760F9E0D1D20D235F150023676E
:207900000100EB61F10523372100233F2500FAC760F9235F1D0023670100EB61FAD5235F41
:2079200019005D0E0000210E2C03EB09C23D1D581D602B5EE01D2C661C1E1D08DB59DB6199
:20794000210E7C1E635F1900DB0963672100630F2500B525235F2100803718010C850275C8
:20796000088D30370100303F0500304709004C820D85C1310F35CE3909F0F1C760F90A382D
:20798000E0D1B20D235F210023671900EB61D10523371D00FAC760F9235F25002367190034
:2079A000EB619ADD5D9600005D8600005D7600003296801D3086801D2E76801DDB91DB819A
:2079C000DB71F281A245210600000000A1C9D981A53D0E7F00001E304172CF0E3000A40AEB
:2079E000C20AC309219F3500320F01004492C19913F062086168038BD00AC86A0D096068DA
:207A000006F0D88A11090D090F88888AB905E009A21DCF8E0300C28AC389318F3500E08979
:207A2000A215CF7E0800A205C20AD109E079A205A20A13F0800B880A810B880A820B880AE4
:207A4000830B06F0F091EAC51E4803F01435163D1845045D09F0EBC760F91E3003F02AE56B
:207A60002CFD22ED24DD26D528CD06F0BF07AE771908EB61B105230F05001E4803F06600E3
:207A80001E5807F006080770C8712096EE0F008AC53D818A1198899AD105608841F2918E95
:207AA00000FF608041F21198819AE90541870000410A4192852D607841F2CF9EF000C49AA4
:207AC000CF7E0F001381437A0198D099B299F091BF05139E00F00082E699B105E1998115FF
:207AE000EF818E1541070000419A410A4182D5F5936701004182419A41670000410AEF817C
:207B000086FDCF91D296FF0FEEF1C1C50150A6510BF07F00031EE8FF63FF150063E711000B
:207B200063CF0D0023E6100063D7090063DF050063EF010080EF040006C880FF200140DE11
:207B4000E0FE3BDF7DFFF5053BD70100FAC760F93BDF0500E0D99AFD5D0E61FF5D9E61FFF5
:207B6000210EC884339EC884E199B20580FF040080FFEC001938023280FF060085055C1A44
:207B800063FF010061020052FF02481A0000D9050A3080FFCE001F5223FF0100441A7F0094
:207BA000031ED4FF1E4803F00DDD3B06D8B3DFFE3B0F010015FD13E511CD23E624000FD5A1
:207BC00008C8033D06D009F0E009B20580FF04003B0F0500E009B20580FF86003B0F09005C
:207BE000E009B20580FF04003B0F0D00E009B20580FF04003B0F1100E009B20580FF04006A
:207C00003B0F1500E009B20580FF04003B0F1900E009B20580FF0400E0D1BA15235E10004B
:207C20001E3003F0035D07050B05230E0200090D83038203410A050D01D223CE080006F014
:207C4000233F0500405EE0FE6BCF81FF1A301940BFFF90970A30BFFF78F97F007F007F0019
:207C6000405EE0FE6B3785FF7F000092067012780806C0FF81150836E0FFE63F8290E03189
:207C8000AE0D2630E83F8278E63FC290E8778238C192079112500F587F000790007A0F3897
:207CA0000806C0FF8115089EE0FFF337C238E099AE0D3398E897C238F33782908192E837D2
:207CC000C27812390F5007587F00C3C306F0803B7F00800761003D06F4B3DFFE3D376100A8
:207CE000203EB3004636BCFFBFFFE4FF3DF7590021068000BBFFC1F1000DC10E0080010698
:207D00000080DAF540067F008007E13006E03D06F4B3DFFE3D3759002106F0FF440001DA08
:207D20003A063400BBFFA131E60F7500E0E1BA2D260F7100870AB905BFFF9AFF3D37590018
:207D40002106F0FF4400A131260F7100C10E0040010600C0FA05863F0100C73E7700BFFF7C
:207D60006EFF3D376100203E50004636BCFFBFFF5EFF3DF759007DE73500DAF11C0E00AAFC
:207D8000A80CF50D0198819AA10D880A810D660721003DF75900DAF10105C5ED20DE1300FC
:207DA0001B504006FF303306F4B3DFFE33F7590021068400BBFF339F35000292C1F1700879
:207DC0007008C10E8100F309E19704537F00260F01003E06F4B3DFFE0335050D260F05000F
:207DE000070D260F0D000B0D260F0900090D020A0D0D7F008007FB1070AF000106D800F597
:207E00003D06F4B3DFFE6085109095927D974100620D838290005D874800C100850A7D0F8E
:207E200045001A9D8007098810F1D209C3829E9AF39E0700D18E07005F8AC50AD199D009DC
:207E4000809600805D9F49007D973D00010600F8810D130E1C0000927D073D005D0F490024
:207E6000640DC100CA0AB2097D0F3900E091CA0520E61200852D023280FF200602E220365F
:207E80008000BFFF86FE6152B2150A06EDFF9A1D3DF7590021068400BBFFC1F17008C10E08
:207EA0008000010680FFE10F149B7D9F35001B30BFFF1EFF1DF0030A17E515E5190DB505B6
:207EC00020E61D001C504006FF108007E1103D06F4B3DFFE3D0F29005F0A660AEB07CD0171
:207EE0003C061400BBFF4100070027003200710079008D00BA0080DF8005EA05020A7D0F35
:207F000029008007C0010A06EDFFEA073F01020A1DF0150D200E80001B0D2C0DDC09E10FA4
:207F20007100C10E8000010680FFE2079901010A1B0D8007900180DF4C05EA078901BFFF44
:207F400094FD0032BFFFC4FD030AA5DD80DF3605EA0773013D375900DC3106F06038C73EE4
:207F6000EE00BFFF6AFD023280FF36053DF75900200E03C40232DCF1A00C80FF2A053E06DF
:207F800000B000013E0FF90F1C9EEC1FC20A7D0F51003E0FFD0F7D0F55003D0F5D00D309AE
:207FA00001960010E505009D44F2619F0100440AF209A1FD023280FFF4043DF75900200E0F
:207FC00000C4DCF1A00C040AB59D80DFAC04E50F040BE2951DF01755C53D80DFA804AA75D6
:207FE000BFFFF2FC3D375900DC3106F06038873E1100BFFFDAFC0032BFFF10FD060ABF0730
:2080000000FF80DF8004EA5D3DF75900200E01C40092DCF1A00C3D0F5D003D9F51001EF6C2
:2080200040001CE6EC1FC199DC99D505E18F010002E2D191DC09F309A1FD200E00C4800C96
:208040003D0F5500E191820D200E1D001DF0170D080A150DF535070ABF07A6FE010A7D0F92
:208060002D00BD0F4900320684859F00C10A01F0D2F16098E099D205FD8F0100F199E20519
:20808000200E12007D0F2D00D50D12F0C1F161D8023280FF1E043DF75900DCF11B0E001EA2
:2080A000E80C080ABF075AFE1DF0160D029A0D0D610AE205019A0106E3FFE49F049B199D08
:2080C00015054006FF1088003E06F4B3DFFE21063000BBFF080618FFC2050806E0FFAA4508
:2080E0000E9D2675619AEA35010E34002C9D01960400128E040011860400C199107E04004E
:208100006172CA15730701002C0DD209610701002C0DD109610701002C0DD00961070100BE
:208120002C0DCF0961070100D51D1F0A730F01002C9DD299730F01002C9DD199730F0100BA
:208140002C9DD099730F01002C9DCF99730F0100950D6172CA0561073000C505019A619F75
:2081600030002C0D33063000BBFFD30961370100E039E2052C0D449AD309613F0100303505
:2081800008384636BCFFBF0746FB2106C00230FF0052E131A10D400EE0FE210F31B4410EA7
:2081A00030FFE131E20702537F008007E1F1BFFF20FC3D06F4B3DFFE3D0F09006B0ACA052E
:2081C00020E64000C5056C0AEA0504E2010A7D0F0D00E505209E10006D0AE49F14E31DF0EA
:2081E00008C50AD500CA18D81830BFFFA0FF1A30D8310AB85F32BFFF94FF62BACA056252DE
:20820000E2CF0000FCDFFE0AE009DA0DFCD1B10DFCD7FE0AE009FA05E0C9D2053D0F0D00D3
:20822000E0099A0D200E1100B505200E1D007D0F1900F51D1830BFFF54FF6252FAF50A307D
:2082400080FF76023D0F19000106E3FFA21580DF2802DA0D1DF0080D110D060D130D090A2C
:20826000150D020A170D030A190DB5057D5719003D5719006252BA057D571D004006FFF18B
:208280008007E1503D06F4B3DFFE3D0F2900690A8A0D80DFF001EA07DD010A0A8007AE0177
:2082A0006A0ADA653D0F09006C0A820D6B0ACA2520E6400020462000B5151DF00A9D080DEE
:2082C00010358096008020467100C19906088F0ACF0AD209A699A609F309F30F36E33D37BE
:2082E00021000638DC395F3ABFFFDEFD3D37610080CF9A01C5352046E8003D3721006D0AC5
:20830000209E1000E49F14E30638DC395F3ABFFFB8FD3DDF25001DCE240081E2E0E1820DB3
:208320003D3761001C384636BCFFBFFFA2F91C98E0E1E20D1BF0610860903DF7610042DA0B
:20834000C80AD2095EF6BCFF800CF30617003D37610079DF010080CF3401C1E21DF0100D46
:20836000DC09110D0B0A150D80070A0133068000BBFF6B0AEA6D3DF75900D3F100951208F2
:20838000900A897D000D019A0188818AD12D0188828AA12D0188848AF1250188868AC12574
:2083A0000188888A91250188928AE11D01888F8AC1050188878AC905209E1300B5350188B5
:2083C0008E8AC90D3D0F09006A0AB2056C0ABA05209E1D006D0ABA0DF5058D0AA90D3D0F4E
:2083E00009006C0ADA15209E1D00C51D619AAA1D3D0F09006C0ACA0DDEC75400B2152C0DF5
:20840000209E1800410E20FF7D0F1100B50D12088E0AC905209E1700D5058D92B905209EEF
:2084200016007D9F2D00619ADA0D1DF00A0D089DD309109DE199E9050A0A150D020A170DDB
:20844000951D0032BFFFC4F80C0A7D0F2900A51580DF3200FA0D1DF0160D049A15050F05A5
:208460000106E3FFE29F149B199D0D0D0A3080FF4E004006FF5020368000BFFF8EF86152AA
:208480007B00BFFF24F961527B00203ED0004636BCFFBFFF3AF87900E0027C2C40FEE002E0
:2084A000762C40FEE002702C40FEE0026A2C40FEE002642C40FEE0025E2C40FEE002582CAA
:2084C00040FE8007E13006D03D06F4B3DFFE1DE020DE64001C30003ABFFFF4F741E2FB0677
:2084E0000B001DF0010A80D41B050F05270D190D4006FF30800761003D06F4B3DFFE3DF71F
:208500000500E0F192153D0F3100630ADA0D000D610ACA05BFFFB6F9F5053D0F1D00620A8A
:20852000BA05BFFF5EFD3DF705003D0F1900090D40067F008007610006E8400EE0FE210FB8
:2085400025B4640ACA0520561D00951D269F010020561500619AEA05610A9A15BFFF98F81D
:20856000E50D630ABA055F52A50D620A8A0D569A639AB3054552B505BFFF32FC7D571100B0
:2085800040067F00781E781E78283C1E282814141414A028A0285028502828281414141430
:2085A000F028A02850285028282814141414000000000000000000000000000030183018BB
:2085C000301830181E0F180C0C0640204020402040202814201010085028502850284020DC
:2085E0002814201010087828782878283C1E28281414141400809D0000400000820000003E
:2086000000809D0000800200820000000060DFFE00A000000100000000E0FEFF002000005E
:2086200008000000000430FF007C0000040000000200000038869F00000000000000000020
:20864000F2029F000200000000000000F2029F000200010003000C000001000001020E00CE
:208660000000000000001000100000000000800003000C0000010F000C000300000020000C
:20868000000040000004000000020000000800000D00000000000000000200000100000379
:2086A0000000010000010000010000020000020000020000020000030000020000010000A9
:2086C000030000090000030000010008040000010000050000010000020000030000020070
:2086E000000100000200000200000200000200000900000200000A00000100000B0000014F
:208700000000000000000000588D9F000000000040889F00BC889F00F0889F00E8899F0064
:2087200000000000AC899F00000000000000000038899F00000000008C879F000000000053
:2087400008889F00B8879F00DC879F000000000064889F0000000000508A9F0088889F0057
:2087600014899F00848A9F0000000000000000000000000000000000000000000000000010
:208780000000000002000000000000000D010101000000008E3F9E00963F9E009A3F9E0072
:2087A0000000000000000000AA3F9E0010409E00000000000000000010080F01000000001C
:2087C0006E409E0084409E0098409E0086439E0000000000D4429E00CC439E0011080F0184
:2087E000000000006E409E0084409E0098409E0086439E0000000000D4429E0042459E0015
:2088000000000000021200800F04010100000000C0459E00D0459E00DE459E000000000098
:20882000000000000E469E0058469E00000000000212009002000000000000000302040754
:2088400003040F0100000000E8469E00F8469E0004479E0000000000000000005A479E0031
:20886000DC479E00130C0F0174489E00B4489E00C4489E00D2489E000000000000000000B2
:20888000E8489E0038499E0016020F01000000000E4C9E00144C9E000000000000000000CD
:2088A00000000000184C9E00804C9E000302040710200000020000000000000004060F01F0
:2088C00000000000BE4C9E00D04C9E00DA4C9E000000000000000000684D9E00F64D9E003E
:2088E0000302040710200000020000000000000005060F01000000003A4F9E003E4F9E00C9
:20890000424F9E000000000000000000DE4F9E0062509E0017060F00000000000C519E00E6
:208920000000000010519E00000000000000000028519E00F0519E000B030F010000000024
:2089400082529E00000000000000000000000000000000009A529E00CE529E000B01000051
:208960000F0000000100000001000000B0000000B000000050000000900000000D00000099
:20898000020000000000000001000000020000000400000008000000100000002000000096
:2089A00040000000800000000001000008090F01000000000E539E0022539E0026539E00AC
:2089C000A6549E00AA549E007E539E0024549E0003020407000000000000000000000000CE
:2089E00002000000000000000608010100000000CA549E00CE549E00D2549E000000000025
:208A0000000000001C559E0040569E0000000000000000000200000003000000040000000A
:208A200005000000070000000A000000000000000B0000000C000000000000000F000000FA
:208A40001000000011000000120000001300000015110F005A579E002E579E0040579E00F4
:208A600074579E00000000000000000072589E00D6589E00000000000212009000000000B5
:208A800002120090180B0F0198599E00C6599E0000000000CA599E000000000000000000F2
:208AA000005A9E006C5B9E0000000000000000000000000000000000000000000000000059
:208AC0000000000000000000FFFFFFFFFFFFFFFFFFFFFFFFFFFFFFFFFFFFFFFFFFFFFFFFAE
:208AE000FFFFFFFFFFFFFFFF0000000000000000000000000000000000000000000000007E
:208B0000000000000000000014B6DFFEDCBADFFE0200000000000000050000000400000030
:208B200002000000020000000100000002000000020000007800780078003C00280014004C
:208B40001400A000A0005000500028001400140000002110422063308440A550C660E77075
:208B6000088129914AA16BB18CC1ADD1CEE1EFF13112100273325222B5529442F772D66265
:208B8000399318837BB35AA3BDD39CC3FFF3DEE36224433420040114E664C774A444855425
:208BA0006AA54BB528850995EEE5CFF5ACC58DD55336722611163006D776F6669556B446E5
:208BC0005BB77AA719973887DFF7FEE79DD7BCC7C448E5588668A7784008611802282338A5
:208BE000CCC9EDD98EE9AFF9488969990AA92BB9F55AD44AB77A966A711A500A333A122A65
:208C0000FDDBDCCBBFFB9EEB799B588B3BBB1AABA66C877CE44CC55C222C033C600C411C24
:208C2000AEED8FFDECCDCDDD2AAD0BBD688D499D977EB66ED55EF44E133E322E511E700EE4
:208C40009FFFBEEFDDDFFCCF1BBF3AAF599F788F8891A981CAB1EBA10CD12DC14EF16FE1DC
:208C60008010A100C230E3200450254046706760B9839893FBA3DAB33DC31CD37FE35EF364
:208C8000B1029012F322D2323542145277625672EAB5CBA5A89589856EF54FE52CD50DC524
:208CA000E234C324A01481046674476424540544DBA7FAB79987B8975FE77EF71DC73CD7E4
:208CC000D326F2369106B01657667676154634564CD96DC90EF92FE9C899E9898AB9ABA9A4
:208CE0004458654806782768C018E1088238A3287DCB5CDB3FEB1EFBF98BD89BBBAB9ABB64
:208D0000754A545A376A167AF10AD01AB32A923A2EFD0FED6CDD4DCDAABD8BADE89DC98D23
:208D2000267C076C645C454CA23C832CE01CC10C1FEF3EFF5DCF7CDF9BAFBABFD98FF89FE3
:208D4000176E367E554E745E932EB23ED10EF01E0000000000000000010F0F0100000000A7
:208D6000B4C49E00B8C49E00000000000000000000000000CCC49E0082C59E0000000000B0
:208D800000000000000000000000000000000000E8E09E00D4E49E00D4E29E00D0E59E0070
:208DA00000000000E8E09E0096E39E00D4E29E00D0E59E000000000000000000000000008F
:208DC000000000000080C0E0F0F8FCFE9EDA9E00BCDB9E009EDA9E00C6DE9E0047434D45D2
:208DE0004E430044415453544F52451044D2DFFE10000000FFFFFF7F0000000000000000ED
:208E0000000000000000000044D2DFFE10000000FFFFFF7F30869F001C8E9F000300000032
:208E2000248E9F00000000000500000020FC9E00020000000500000020FC9E00030000005E
:208E40000500000024FE9E00F0000000020002000200040000010002020002000400000147
:208E60000002000202000400000100020002020002000001000100010001000102008CFE4E
:208E8000CBF8EFECD1A47ED5D191BA92EC9800004145534D4143005453545F424F4F5410F2
:208EA00000000000000000000000000000000000FFFFFFFFFFFFFFFFFFFFFFFFFFFFFFFFC2
:208EC000FFFFFF001B00010000000000000000000000000000000000000015564B4D535FC4
:208EE0005053535F48617368000120080912564B4D5300000400000000000000FFFFFFFF14
:208F0000FEFFFFFFFEFFFFFFFEFFFFFFFFFFFFFF0000000001000000FEFFFFFFFFFFFFFF6C
:208F2000FFFFFFFF00000000000000000000000001000000FFFFFFFF000000000800000030
:208F4000FF9BDFEE85FD2F01216C1ADF52051943FFFFFFFFFEFFFFFFFFFFFFFF00000000CC
:208F600001000000502563FCC2CAB9F3849E17A7ADFAE6BCFFFFFFFFFFFFFFFF00000000C3
:208F8000FFFFFFFF000000000800000000000000000430FFFF4130FF600430FFFF4130FF29
:208FA000004230FFFF7F30FF604230FFFF7F30FF00010005240000000000000000000000EB
:208FC00001010005240000000000000000000000020100052400000000000000000000003A
:208FE000030100052400000000000000000000000401000524000000000000000000000016
:2090000000020005A0010000000000000000000001020005A00100000000000000000000FF
:209020000006000534000000000000000000000001060005340000000000000000000000B1
:2090400002060005340000000000000000000000030600053400000000000000000000008D
:2090600001070005FC010000000000000000000003070005E40300000000000000000000F0
:209080000407000520000000000000000000000005070005A80000000000000000000000E7
:2090A0000607000528000000000000000000000007070005BC0000000000000000000000A7
:2090C000090700051C00000000000000000000000D0700051800000000000000000000002E
:2090E0000E0700051800000000000000000000000F0700055C0000000000000000000000C7
:2091000010070005140300000000000000000000120700051E0000000000000000000000E0
:2091200013070005170000000000000000000000FCFBDFFE0000000010FCDFFE000000003C
:209140000000000098919F00A4919F00B0919F00B28600000000000000000000000000005B
:2091600001000000000000000000000001000000007C000015000000B4919F00D4919F0074
:20918000F4919F00000000000000000014FCDFFE30919F0000000000FF0330FFFF7F30FF80
:2091A000FFFFFFFF01000000000000000100000000000000F001040040000000000430FF49
:2091C000FF7F30FF000000000000000000000000000000006CC19E00B8BE9E000CBE9E009B
:2091E0000CBE9E006EBF9E0078BD9E00000000000000000000020000000200000002000063
:2092000000020000FCFFFFFFFFFFFFFFFFFFFFFF000000000000000000000000010000005A
:20922000FFFFFFFF000000004B60D2273E3CCE3BF6B053CCB0061D65BC86987655BDEBB30E
:20924000E7933AAAD835C65A000000000000000096C298D84539A1F4A033EB2D817D037745
:20926000F240A463E5E6BCF847422CE1F2D1176B00000000F551BF376840B6CBCE5E316B2E
:209280005733CE2B169E0F7C4AEBE78E9B7F1AFEE242E34F000000000100000000000000D9
:2092A00000000000000000000000000000000000000000000000000000000000FE9BDFEE48
:2092C00085FD2F01216C1ADF52051943FFFFFFFFFEFFFFFFFFFFFFFF0000000001000000AF
:2092E000512563FCC2CAB9F3849E17A7ADFAE6BCFFFFFFFFFFFFFFFF00000000FFFFFFFF44
:2093000000000000080000000300000000000000FFFFFFFFFEFFFFFFFEFFFFFFFEFFFFFF55
:20932000FFFFFFFF0000000001000000FFFFFFFFFFFFFFFFFFFFFFFF00000000000000003C
:209340000000000001000000FFFFFFFF00000000080000000001200809120300201300008E
:2093600064939F003031300D06096086480165030402010500042000982F8A4291443771D3
:20938000CFFBC0B5A5DBB5E95BC25639F111F159A4823F92D55E1CAB98AA07D8015B831275
:2093A000BE853124C37D0C55745DBE72FEB1DE80A706DC9B74F19BC1C1699BE48647BEEF5E
:2093C000C69DC10FCCA10C246F2CE92DAA84744ADCA9B05CDA88F97652513E986DC631A839
:2093E000C82703B0C77F59BFF30BE0C64791A7D55163CA0667292914850AB72738211B2E15
:20940000FC6D2C4D130D385354730A65BB0A6A762EC9C281852C7292A1E8BFA24B661AA898
:20942000708B4BC2A3516CC719E892D1240699D685350EF470A06A1016C1A419086C371E5D
:209440004C774827B5BCB034B30C1C394AAAD84E4FCA9C5BF36F2E68EE828F746F63A578ED
:209460001478C8840802C78CFAFFBE90EB6C50A4F7A3F9BEF27871C6D89E05C107D57C3669
:2094800017DD703039590EF7310BC0FF11155868A78FF964A44FFABE67E6096A85AE67BB6D
:2094A00072F36E3C3AF54FA57F520E518C68059BABD9831F19CDE05B410600000E6E9F000D
:2094C000126E9F007E6E9F00E26E9F006E6F9F000C709F00EC3FF7FE00000000000000003C
:2094E000D8B3DFFE000000001C000000F4B3DFFE000000000000000058B4DFFE000000007B
:2095000074000000D0B4DFFE000000007447000044FCDFFE000000004403000088FFDFFEF3
:20952000000000000000000088FFDFFE0000000000000000D8B3DFFED6959F000A0000004B
:20954000F4B3DFFEE0959F000000000088FFDFFEE0959F000000000058B4DFFEE0959F00FE
:209560002700000014B1DFFE179D9F000000000010AADFFE07969F003F00000000ACDFFE34
:2095800046969F001B00000040ACDFFE61969F0081010000DCADDFFEE2979F003A0200009A
:2095A00036B1DFFE1C9A9F007C0200008CB0DFFE989C9F006F00000004B1DFFE079D9F00E4
:2095C0001000000014B1DFFE179D9F0025000000000000007F000EEDF15E7C9FDCFF06009C
:2095E000A901DCFFE9FEFF1204020F0403F40F04EEF103210001F20080520A087F3E0C29FF
:2096000002FF0F040CF4F0FF20EE1200800724036AE6FB14F5FC04F5FCF402E6FB55E425FF
:209620000CD4250CC4250CB42506AF8007D204E2FF94250C84AA250C74250C64250C546541
:20964000080C0105DCF93F02ADDFFECCACF0FFF6F1A5DEF7F0F0F7FF110214EFF02600EF97
:20966000F0FF660F0100661F0500FF66270900662F0D00FF66A7110066AF1500FF66B71948
:209680000066BF1D00FF66C7210066CF2500FF66D7290066DF2D00FF66E7310066EF350003
:2096A000FF66F7390066FF3D005F00527F0026EFF026F7F05526FBF026FFF0260300260760
:2096C0000055260B00260F0026130026170055261B00261F00262300262700D5262B00269C
:2096E000F3F0012F00C619FF7F00A707E3003D06FF72B0DFFE20E6FF005780078479047ACA
:209700008102E08700D572790480930660790424635F9E0020E6F087004E7904AB8A75B877
:2097200001FC87003C790466FAC902FE87002A001C0080FF56FF00EA5F2010E5FF5740002E
:20974000205E1FFF4BEF51EA2F20E5001D3080FFFF0400E0022C7ABEFF01090D0B35E00F6A
:2097600040EF00050DE11110030DEBEF374010FCED00E08760FF0107350D3D0F4511FF4D4E
:209780001355155D176519FF6D1B751D7D1F8521FF8D2395259D3F069EFFADDFFE7D00030D
:2097A000F024FF9D2295208D1E851CFF7D1A75186D166514FF5D1255104D0E450CFF3D0AF2
:2097C00035E007600106FB0DE1ED00040DE10720FB000215102000080D677F06E000E0070D
:2097E0004801FF8007E1F73A0668FFFFDFFE1AF000B506A8FF07D8010503503C06FD50F517
:20980000F03CF701003D06FD3CF5F00AC83DC70100FF008D1EB8F151BB0DFF0495AA89F2C3
:2098200089B305FF1190058D069DF391FFA305079504950885FF1230B031F091830DBF0033
:209840003A80FF9C000A011FFF920995C4DA3106747F2F9E00D1D97DDF0C00FE0B017F0129
:209860000002F501CD7F05052F7F0D007C0B00FB097D5E010475EE5F20FB101C5D0200DD2F
:20988000FBC760FFF9E0076001206EE07B00ED7D00E08760010A015F04950665EC31027D41
:2098A0001700FFE0A9AA154056E0FEFF2A5745FF404EE0FEFF294F39FFEA49830DF728060F
:2098C00054F5F07C470100FF80FF16007CBF0100FF7AB701004006FFF7FFE0029066BF01B7
:2098E000E002EFB47EBE018C0276E000FE7C01206EC4003E0600FFEAFEFF806C2066C2FF98
:20990000008E64205EC1008FFF5C2056C700875420FF4EC500884CE59740FF0092960080AB
:20992000F22F20FF00310600ACDFFE20FF7E00FE4F89F12720FF08300600AADFFE4FFF81E9
:20994000F01F20080142E8F56F96037FEDF06100EBEF7D407F002096FF00F29504DF80FF37
:20996000B001FD7D024006FF7F00AB072300290D7FE30F4000270DE27B10FF250D2315210F
:20998000251F2DFF1D351B3D1945174DFF1555135D11650F6DFF0D750B7D0985078DFF05F1
:2099A00095039DBFFFA8FFEF03F0029DA0008D0885FF0A7D0C750E6D1065FF125D145516EE
:2099C0004D1845FF1A3D1C351E2D2025FB22158C01240DE11720FF00260DE11F200028FF25
:2099E0000D6B062000E0074A1901501F62139E006A1F7C1F8E1FF0A01FB21FC41FD61F4A89
:209A0000012036FD12EDF01000003ABF07F760FD018D205AFDE0020FFE76BE01FF8207E10D
:209A2000F006E000D2FF2036080680FF8001FB0A30FAF12AC7010003FEFFF08201230F0163
:209A4000001CFFF03D0614001FFF40FFCE4000050D03057DFFCF410080FF94013DFF0F2D07
:209A6000005909D2357DEFCF35003C0F00620AA2FF0D630AB22D210608FF1200807C0F050C
:209A80000019FF08B545240F6D8089FF0A810AB91D239F01FF003C970D003308E1FF918AC1
:209AA00015800E8FBCF3FF0F22021F9A819A00FFD2F30FFE9A1A0863FE5B007C9F0900A5AD
:209AC000E521DB06034500E5DD420062007F80A5DD0052B52D2A01FF409E1000950AA91DBF
:209AE000FF1DF0000D1B9D01D8FF9B001B06F0FFE10DFF240FC19DC4DA1F32FF8B32C1D94F
:209B000080FFAE01FF1BF003050555030AFF010D400E10007D0FFF4100003280FFB200FF05
:209B20006152BAA5CAD1F8D1FF81A52A06014C0080FF4206FFF08007E1107F80FFC4003DE0
:209B400006101700FF3DE731001C08810AFFE905010A7D0F3900FF4006FF1040DE0040FF67
:209B60001C089F0AA9151DF0FF0235000D3306FFFFFFFFBF5309010D1DDDFF80FF3C01E017
:209B800051DA05FCA6022B101C08C10AD905EF400E00800C120E0010FF9DE299D51DF01DDA
:209BA0000DFF023580FF2A00B5CDDF40F61FFF082312BFEFFF5309409E40001309FF090D6F
:209BC0008505E002167EBFBE01E002068C7E11B6FFC5BE0106F00052E0FF31D205800749CC
:209BE00008C0FFFD010DA007E708D4FFFD8D0AA90D3E060EFFEAFEFF70080152C1FF0EFF10
:209C0000EF800C7F007F7F008007090DC4FD0610EF15800789BD12B12520FB0EA5B9100F79
:209C200009C1FD02FF0A3E0604E2FEFF80FF0C209EFD00809C80DF0C019AD50DBA13820A88
:209C4000F9E9ED10C611049AC10606BF00FA053E0658DD1000230D132B109410BD16C9C717
:209C60001FD91F50EB121421F4131E2102FF165C0926DF7F0000527F4D102000FFE131990D
:209C80000D24F66C80BF000D269800522A117F6F002A060245007F00BF80074908C6FDEE6E
:209CA000F098FDC8F3F00991DCFD3E06FF10001FFFC10E0300FFD2960700D39E0300FFE2FB
:209CC00005008D40860100BF1089018DE009120302CA1903911203101902EEF08860FF8B3E
:209CE000D1060300F20D3EFF0608B0C5FF008D91F78E01001C01DA05E0997FBA05E091B252
:209D000005855F00037F00FF40F61FFF080D810E3F0040090D8505FF400E01006232E00FF1
:209D2000FF149B210600800000BF3E06F4B3DFFEF4F00BFF2F0D2D0D319D7F00C3C3C3C38A
:209D4000C3C3C3C3C3C3C3C3C3C3C3C3C3C3C3C3C3C3C3C3C3C3C3C3C3C3C3C3C3C3C3C3A3
:209D6000C3C3C3C3C3C3C3C3C3C3C3C3C3C3C3C3C3C3C3C3C3C3C3C3C3C3C3C3C3C3C3C383
:209D8000C3C3C3C3C3C3C3C3C3C3C3C3C3C3C3C3C3C3C3C3C3C3C3C3C3C3C3C3C3C3C3C363
:209DA000C3C3C3C3C3C3C3C3C3C3C3C3C3C3C3C3C3C3C3C3C3C3C3C3C3C3C3C3C3C3C3C343
:209DC000C3C3C3C3C3C3C3C3C3C3C3C3C3C3C3C3C3C3C3C3C3C3C3C3C3C3C3C3C3C3C3C323
:209DE000C3C3C3C3C3C3C3C3C3C3C3C3C3C3C3C3C3C3C3C3C3C3C3C3C3C3C3C3C3C3C3C303
:209E0000C3C3C3C3C3C3C3C3C3C3C3C3C3C3C3C3C3C3C3C3C3C3C3C3C3C3C3C3C3C3C3C3E2
:209E2000C3C3C3C3C3C3C3C3C3C3C3C3C3C3C3C3C3C3C3C3C3C3C3C3C3C3C3C3C3C3C3C3C2
:209E4000C3C3C3C3C3C3C3C3C3C3C3C3C3C3C3C3C3C3C3C3C3C3C3C3C3C3C3C3C3C3C3C3A2
:209E6000C3C3C3C3C3C3C3C3C3C3C3C3C3C3C3C3C3C3C3C3C3C3C3C3C3C3C3C3C3C3C3C382
:209E8000C3C3C3C3C3C3C3C3C3C3C3C3C3C3C3C3C3C3C3C3C3C3C3C3C3C3C3C3C3C3C3C362
:209EA000C3C3C3C3C3C3C3C3C3C3C3C3C3C3C3C3C3C3C3C3C3C3C3C3C3C3C3C3C3C3C3C342
:209EC000C3C3C3C3C3C3C3C3C3C3C3C3C3C3C3C3C3C3C3C3C3C3C3C3C3C3C3C3C3C3C3C322
:209EE000C3C3C3C3C3C3C3C3C3C3C3C3C3C3C3C3C3C3C3C3C3C3C3C3C3C3C3C3C3C3C3C302
:209F0000C3C3C3C3C3C3C3C3C3C3C3C3C3C3C3C3C3C3C3C3C3C3C3C3C3C3C3C3C3C3C3C3E1
:209F2000C3C3C3C3C3C3C3C3C3C3C3C3C3C3C3C3C3C3C3C3C3C3C3C3C3C3C3C3C3C3C3C3C1
:209F4000C3C3C3C3C3C3C3C3C3C3C3C3C3C3C3C3C3C3C3C3C3C3C3C3C3C3C3C3C3C3C3C3A1
:209F6000C3C3C3C3C3C3C3C3C3C3C3C3C3C3C3C3C3C3C3C3C3C3C3C3C3C3C3C3C3C3C3C381
:209F8000C3C3C3C3C3C3C3C3C3C3C3C3C3C3C3C3C3C3C3C3C3C3C3C3C3C3C3C3C3C3C3C361
:209FA000C3C3C3C3C3C3C3C3C3C3C3C3C3C3C3C3C3C3C3C3C3C3C3C3C3C3C3C3C3C3C3C341
:209FC000C3C3C3C3C3C3C3C3C3C3C3C3C3C3C3C3C3C3C3C3C3C3C3C3C3C3C3C3C3C3C3C321
:209FE000C3C3C3C3C3C3C3C3C3C3C3C3C3C3C3C3C3C3C3C3C3C3C3C3C3C3C3C3C3C3C3C301
:20A00000C3C3C3C3C3C3C3C3C3C3C3C3C3C3C3C3C3C3C3C3C3C3C3C3C3C3C3C3C3C3C3C3E0
:20A02000C3C3C3C3C3C3C3C3C3C3C3C3C3C3C3C3C3C3C3C3C3C3C3C3C3C3C3C3C3C3C3C3C0
:20A04000C3C3C3C3C3C3C3C3C3C3C3C3C3C3C3C3C3C3C3C3C3C3C3C3C3C3C3C3C3C3C3C3A0
:20A06000C3C3C3C3C3C3C3C3C3C3C3C3C3C3C3C3C3C3C3C3C3C3C3C3C3C3C3C3C3C3C3C380
:20A08000C3C3C3C3C3C3C3C3C3C3C3C3C3C3C3C3C3C3C3C3C3C3C3C3C3C3C3C3C3C3C3C360
:20A0A000C3C3C3C3C3C3C3C3C3C3C3C3C3C3C3C3C3C3C3C3C3C3C3C3C3C3C3C3C3C3C3C340
:20A0C000C3C3C3C3C3C3C3C3C3C3C3C3C3C3C3C3C3C3C3C3C3C3C3C3C3C3C3C3C3C3C3C320
:20A0E000C3C3C3C3C3C3C3C3C3C3C3C3C3C3C3C3C3C3C3C3C3C3C3C3C3C3C3C3C3C3C3C300
:20A10000C3C3C3C3C3C3C3C3C3C3C3C3C3C3C3C3C3C3C3C3C3C3C3C3C3C3C3C3C3C3C3C3DF
:20A12000C3C3C3C3C3C3C3C3C3C3C3C3C3C3C3C3C3C3C3C3C3C3C3C3C3C3C3C3C3C3C3C3BF
:20A14000C3C3C3C3C3C3C3C3C3C3C3C3C3C3C3C3C3C3C3C3C3C3C3C3C3C3C3C3C3C3C3C39F
:20A16000C3C3C3C3C3C3C3C3C3C3C3C3C3C3C3C3C3C3C3C3C3C3C3C3C3C3C3C3C3C3C3C37F
:20A18000C3C3C3C3C3C3C3C3C3C3C3C3C3C3C3C3C3C3C3C3C3C3C3C3C3C3C3C3C3C3C3C35F
:20A1A000C3C3C3C3C3C3C3C3C3C3C3C3C3C3C3C3C3C3C3C3C3C3C3C3C3C3C3C3C3C3C3C33F
:20A1C000C3C3C3C3C3C3C3C3C3C3C3C3C3C3C3C3C3C3C3C3C3C3C3C3C3C3C3C3C3C3C3C31F
:20A1E000C3C3C3C3C3C3C3C3C3C3C3C3C3C3C3C3C3C3C3C3C3C3C3C3C3C3C3C3C3C3C3C3FF
:20A20000C3C3C3C3C3C3C3C3C3C3C3C3C3C3C3C3C3C3C3C3C3C3C3C3C3C3C3C3C3C3C3C3DE
:20A22000C3C3C3C3C3C3C3C3C3C3C3C3C3C3C3C3C3C3C3C3C3C3C3C3C3C3C3C3C3C3C3C3BE
:20A24000C3C3C3C3C3C3C3C3C3C3C3C3C3C3C3C3C3C3C3C3C3C3C3C3C3C3C3C3C3C3C3C39E
:20A26000C3C3C3C3C3C3C3C3C3C3C3C3C3C3C3C3C3C3C3C3C3C3C3C3C3C3C3C3C3C3C3C37E
:20A28000C3C3C3C3C3C3C3C3C3C3C3C3C3C3C3C3C3C3C3C3C3C3C3C3C3C3C3C3C3C3C3C35E
:20A2A000C3C3C3C3C3C3C3C3C3C3C3C3C3C3C3C3C3C3C3C3C3C3C3C3C3C3C3C3C3C3C3C33E
:20A2C000C3C3C3C3C3C3C3C3C3C3C3C3C3C3C3C3C3C3C3C3C3C3C3C3C3C3C3C3C3C3C3C31E
:20A2E000C3C3C3C3C3C3C3C3C3C3C3C3C3C3C3C3C3C3C3C3C3C3C3C3C3C3C3C3C3C3C3C3FE
:20A30000C3C3C3C3C3C3C3C3C3C3C3C3C3C3C3C3C3C3C3C3C3C3C3C3C3C3C3C3C3C3C3C3DD
:20A32000C3C3C3C3C3C3C3C3C3C3C3C3C3C3C3C3C3C3C3C3C3C3C3C3C3C3C3C3C3C3C3C3BD
:20A34000C3C3C3C3C3C3C3C3C3C3C3C3C3C3C3C3C3C3C3C3C3C3C3C3C3C3C3C3C3C3C3C39D
:20A36000C3C3C3C3C3C3C3C3C3C3C3C3C3C3C3C3C3C3C3C3C3C3C3C3C3C3C3C3C3C3C3C37D
:20A38000C3C3C3C3C3C3C3C3C3C3C3C3C3C3C3C3C3C3C3C3C3C3C3C3C3C3C3C3C3C3C3C35D
:20A3A000C3C3C3C3C3C3C3C3C3C3C3C3C3C3C3C3C3C3C3C3C3C3C3C3C3C3C3C3C3C3C3C33D
:20A3C000C3C3C3C3C3C3C3C3C3C3C3C3C3C3C3C3C3C3C3C3C3C3C3C3C3C3C3C3C3C3C3C31D
:20A3E000C3C3C3C3C3C3C3C3C3C3C3C3C3C3C3C3C3C3C3C3C3C3C3C3C3C3C3C3C3C3C3C3FD
:20A40000C3C3C3C3C3C3C3C3C3C3C3C3C3C3C3C3C3C3C3C3C3C3C3C3C3C3C3C3C3C3C3C3DC
:20A42000C3C3C3C3C3C3C3C3C3C3C3C3C3C3C3C3C3C3C3C3C3C3C3C3C3C3C3C3C3C3C3C3BC
:20A44000C3C3C3C3C3C3C3C3C3C3C3C3C3C3C3C3C3C3C3C3C3C3C3C3C3C3C3C3C3C3C3C39C
:20A46000C3C3C3C3C3C3C3C3C3C3C3C3C3C3C3C3C3C3C3C3C3C3C3C3C3C3C3C3C3C3C3C37C
:20A48000C3C3C3C3C3C3C3C3C3C3C3C3C3C3C3C3C3C3C3C3C3C3C3C3C3C3C3C3C3C3C3C35C
:20A4A000C3C3C3C3C3C3C3C3C3C3C3C3C3C3C3C3C3C3C3C3C3C3C3C3C3C3C3C3C3C3C3C33C
:20A4C000C3C3C3C3C3C3C3C3C3C3C3C3C3C3C3C3C3C3C3C3C3C3C3C3C3C3C3C3C3C3C3C31C
:20A4E000C3C3C3C3C3C3C3C3C3C3C3C3C3C3C3C3C3C3C3C3C3C3C3C3C3C3C3C3C3C3C3C3FC
:20A50000C3C3C3C3C3C3C3C3C3C3C3C3C3C3C3C3C3C3C3C3C3C3C3C3C3C3C3C3C3C3C3C3DB
:20A52000C3C3C3C3C3C3C3C3C3C3C3C3C3C3C3C3C3C3C3C3C3C3C3C3C3C3C3C3C3C3C3C3BB
:20A54000C3C3C3C3C3C3C3C3C3C3C3C3C3C3C3C3C3C3C3C3C3C3C3C3C3C3C3C3C3C3C3C39B
:20A56000C3C3C3C3C3C3C3C3C3C3C3C3C3C3C3C3C3C3C3C3C3C3C3C3C3C3C3C3C3C3C3C37B
:20A58000C3C3C3C3C3C3C3C3C3C3C3C3C3C3C3C3C3C3C3C3C3C3C3C3C3C3C3C3C3C3C3C35B
:20A5A000C3C3C3C3C3C3C3C3C3C3C3C3C3C3C3C3C3C3C3C3C3C3C3C3C3C3C3C3C3C3C3C33B
:20A5C000C3C3C3C3C3C3C3C3C3C3C3C3C3C3C3C3C3C3C3C3C3C3C3C3C3C3C3C3C3C3C3C31B
:20A5E000C3C3C3C3C3C3C3C3C3C3C3C3C3C3C3C3C3C3C3C3C3C3C3C3C3C3C3C3C3C3C3C3FB
:20A60000C3C3C3C3C3C3C3C3C3C3C3C3C3C3C3C3C3C3C3C3C3C3C3C3C3C3C3C3C3C3C3C3DA
:20A62000C3C3C3C3C3C3C3C3C3C3C3C3C3C3C3C3C3C3C3C3C3C3C3C3C3C3C3C3C3C3C3C3BA
:20A64000C3C3C3C3C3C3C3C3C3C3C3C3C3C3C3C3C3C3C3C3C3C3C3C3C3C3C3C3C3C3C3C39A
:20A66000C3C3C3C3C3C3C3C3C3C3C3C3C3C3C3C3C3C3C3C3C3C3C3C3C3C3C3C3C3C3C3C37A
:20A68000C3C3C3C3C3C3C3C3C3C3C3C3C3C3C3C3C3C3C3C3C3C3C3C3C3C3C3C3C3C3C3C35A
:20A6A000C3C3C3C3C3C3C3C3C3C3C3C3C3C3C3C3C3C3C3C3C3C3C3C3C3C3C3C3C3C3C3C33A
:20A6C000C3C3C3C3C3C3C3C3C3C3C3C3C3C3C3C3C3C3C3C3C3C3C3C3C3C3C3C3C3C3C3C31A
:20A6E000C3C3C3C3C3C3C3C3C3C3C3C3C3C3C3C3C3C3C3C3C3C3C3C3C3C3C3C3C3C3C3C3FA
:20A70000C3C3C3C3C3C3C3C3C3C3C3C3C3C3C3C3C3C3C3C3C3C3C3C3C3C3C3C3C3C3C3C3D9
:20A72000C3C3C3C3C3C3C3C3C3C3C3C3C3C3C3C3C3C3C3C3C3C3C3C3C3C3C3C3C3C3C3C3B9
:20A74000C3C3C3C3C3C3C3C3C3C3C3C3C3C3C3C3C3C3C3C3C3C3C3C3C3C3C3C3C3C3C3C399
:20A76000C3C3C3C3C3C3C3C3C3C3C3C3C3C3C3C3C3C3C3C3C3C3C3C3C3C3C3C3C3C3C3C379
:20A78000C3C3C3C3C3C3C3C3C3C3C3C3C3C3C3C3C3C3C3C3C3C3C3C3C3C3C3C3C3C3C3C359
:20A7A000C3C3C3C3C3C3C3C3C3C3C3C3C3C3C3C3C3C3C3C3C3C3C3C3C3C3C3C3C3C3C3C339
:20A7C000C3C3C3C3C3C3C3C3C3C3C3C3C3C3C3C3C3C3C3C3C3C3C3C3C3C3C3C3C3C3C3C319
:20A7E000C3C3C3C3C3C3C3C3C3C3C3C3C3C3C3C3C3C3C3C3C3C3C3C3C3C3C3C3C3C3C3C3F9
:20A80000C3C3C3C3C3C3C3C3C3C3C3C3C3C3C3C3C3C3C3C3C3C3C3C3C3C3C3C3C3C3C3C3D8
:20A82000C3C3C3C3C3C3C3C3C3C3C3C3C3C3C3C3C3C3C3C3C3C3C3C3C3C3C3C3C3C3C3C3B8
:20A84000C3C3C3C3C3C3C3C3C3C3C3C3C3C3C3C3C3C3C3C3C3C3C3C3C3C3C3C3C3C3C3C398
:20A86000C3C3C3C3C3C3C3C3C3C3C3C3C3C3C3C3C3C3C3C3C3C3C3C3C3C3C3C3C3C3C3C378
:20A88000C3C3C3C3C3C3C3C3C3C3C3C3C3C3C3C3C3C3C3C3C3C3C3C3C3C3C3C3C3C3C3C358
:20A8A000C3C3C3C3C3C3C3C3C3C3C3C3C3C3C3C3C3C3C3C3C3C3C3C3C3C3C3C3C3C3C3C338
:20A8C000C3C3C3C3C3C3C3C3C3C3C3C3C3C3C3C3C3C3C3C3C3C3C3C3C3C3C3C3C3C3C3C318
:20A8E000C3C3C3C3C3C3C3C3C3C3C3C3C3C3C3C3C3C3C3C3C3C3C3C3C3C3C3C3C3C3C3C3F8
:20A90000C3C3C3C3C3C3C3C3C3C3C3C3C3C3C3C3C3C3C3C3C3C3C3C3C3C3C3C3C3C3C3C3D7
:20A92000C3C3C3C3C3C3C3C3C3C3C3C3C3C3C3C3C3C3C3C3C3C3C3C3C3C3C3C3C3C3C3C3B7
:20A94000C3C3C3C3C3C3C3C3C3C3C3C3C3C3C3C3C3C3C3C3C3C3C3C3C3C3C3C3C3C3C3C397
:20A96000C3C3C3C3C3C3C3C3C3C3C3C3C3C3C3C3C3C3C3C3C3C3C3C3C3C3C3C3C3C3C3C377
:20A98000C3C3C3C3C3C3C3C3C3C3C3C3C3C3C3C3C3C3C3C3C3C3C3C3C3C3C3C3C3C3C3C357
:20A9A000C3C3C3C3C3C3C3C3C3C3C3C3C3C3C3C3C3C3C3C3C3C3C3C3C3C3C3C3C3C3C3C337
:20A9C000C3C3C3C3C3C3C3C3C3C3C3C3C3C3C3C3C3C3C3C3C3C3C3C3C3C3C3C3C3C3C3C317
:20A9E000C3C3C3C3C3C3C3C3C3C3C3C3C3C3C3C3C3C3C3C3C3C3C3C3C3C3C3C3C3C3C3C3F7
:20AA0000C3C3C3C3C3C3C3C3C3C3C3C3C3C3C3C3C3C3C3C3C3C3C3C3C3C3C3C3C3C3C3C3D6
:20AA2000C3C3C3C3C3C3C3C3C3C3C3C3C3C3C3C3C3C3C3C3C3C3C3C3C3C3C3C3C3C3C3C3B6
:20AA4000C3C3C3C3C3C3C3C3C3C3C3C3C3C3C3C3C3C3C3C3C3C3C3C3C3C3C3C3C3C3C3C396
:20AA6000C3C3C3C3C3C3C3C3C3C3C3C3C3C3C3C3C3C3C3C3C3C3C3C3C3C3C3C3C3C3C3C376
:20AA8000C3C3C3C3C3C3C3C3C3C3C3C3C3C3C3C3C3C3C3C3C3C3C3C3C3C3C3C3C3C3C3C356
:20AAA000C3C3C3C3C3C3C3C3C3C3C3C3C3C3C3C3C3C3C3C3C3C3C3C3C3C3C3C3C3C3C3C336
:20AAC000C3C3C3C3C3C3C3C3C3C3C3C3C3C3C3C3C3C3C3C3C3C3C3C3C3C3C3C3C3C3C3C316
:20AAE000C3C3C3C3C3C3C3C3C3C3C3C3C3C3C3C3C3C3C3C3C3C3C3C3C3C3C3C3C3C3C3C3F6
:20AB0000C3C3C3C3C3C3C3C3C3C3C3C3C3C3C3C3C3C3C3C3C3C3C3C3C3C3C3C3C3C3C3C3D5
:20AB2000C3C3C3C3C3C3C3C3C3C3C3C3C3C3C3C3C3C3C3C3C3C3C3C3C3C3C3C3C3C3C3C3B5
:20AB4000C3C3C3C3C3C3C3C3C3C3C3C3C3C3C3C3C3C3C3C3C3C3C3C3C3C3C3C3C3C3C3C395
:20AB6000C3C3C3C3C3C3C3C3C3C3C3C3C3C3C3C3C3C3C3C3C3C3C3C3C3C3C3C3C3C3C3C375
:20AB8000C3C3C3C3C3C3C3C3C3C3C3C3C3C3C3C3C3C3C3C3C3C3C3C3C3C3C3C3C3C3C3C355
:20ABA000C3C3C3C3C3C3C3C3C3C3C3C3C3C3C3C3C3C3C3C3C3C3C3C3C3C3C3C3C3C3C3C335
:20ABC000C3C3C3C3C3C3C3C3C3C3C3C3C3C3C3C3C3C3C3C3C3C3C3C3C3C3C3C3C3C3C3C315
:20ABE000C3C3C3C3C3C3C3C3C3C3C3C3C3C3C3C3C3C3C3C3C3C3C3C3C3C3C3C3C3C3C3C3F5
:20AC0000C3C3C3C3C3C3C3C3C3C3C3C3C3C3C3C3C3C3C3C3C3C3C3C3C3C3C3C3C3C3C3C3D4
:20AC2000C3C3C3C3C3C3C3C3C3C3C3C3C3C3C3C3C3C3C3C3C3C3C3C3C3C3C3C3C3C3C3C3B4
:20AC4000C3C3C3C3C3C3C3C3C3C3C3C3C3C3C3C3C3C3C3C3C3C3C3C3C3C3C3C3C3C3C3C394
:20AC6000C3C3C3C3C3C3C3C3C3C3C3C3C3C3C3C3C3C3C3C3C3C3C3C3C3C3C3C3C3C3C3C374
:20AC8000C3C3C3C3C3C3C3C3C3C3C3C3C3C3C3C3C3C3C3C3C3C3C3C3C3C3C3C3C3C3C3C354
:20ACA000C3C3C3C3C3C3C3C3C3C3C3C3C3C3C3C3C3C3C3C3C3C3C3C3C3C3C3C3C3C3C3C334
:20ACC000C3C3C3C3C3C3C3C3C3C3C3C3C3C3C3C3C3C3C3C3C3C3C3C3C3C3C3C3C3C3C3C314
:20ACE000C3C3C3C3C3C3C3C3C3C3C3C3C3C3C3C3C3C3C3C3C3C3C3C3C3C3C3C3C3C3C3C3F4
:20AD0000C3C3C3C3C3C3C3C3C3C3C3C3C3C3C3C3C3C3C3C3C3C3C3C3C3C3C3C3C3C3C3C3D3
:20AD2000C3C3C3C3C3C3C3C3C3C3C3C3C3C3C3C3C3C3C3C3C3C3C3C3C3C3C3C3C3C3C3C3B3
:20AD4000C3C3C3C3C3C3C3C3C3C3C3C3C3C3C3C3C3C3C3C3C3C3C3C3C3C3C3C3C3C3C3C393
:20AD6000C3C3C3C3C3C3C3C3C3C3C3C3C3C3C3C3C3C3C3C3C3C3C3C3C3C3C3C3C3C3C3C373
:20AD8000C3C3C3C3C3C3C3C3C3C3C3C3C3C3C3C3C3C3C3C3C3C3C3C3C3C3C3C3C3C3C3C353
:20ADA000C3C3C3C3C3C3C3C3C3C3C3C3C3C3C3C3C3C3C3C3C3C3C3C3C3C3C3C3C3C3C3C333
:20ADC000C3C3C3C3C3C3C3C3C3C3C3C3C3C3C3C3C3C3C3C3C3C3C3C3C3C3C3C3C3C3C3C313
:20ADE000C3C3C3C3C3C3C3C3C3C3C3C3C3C3C3C3C3C3C3C3C3C3C3C3C3C3C3C3C3C3C3C3F3
:20AE0000C3C3C3C3C3C3C3C3C3C3C3C3C3C3C3C3C3C3C3C3C3C3C3C3C3C3C3C3C3C3C3C3D2
:20AE2000C3C3C3C3C3C3C3C3C3C3C3C3C3C3C3C3C3C3C3C3C3C3C3C3C3C3C3C3C3C3C3C3B2
:20AE4000C3C3C3C3C3C3C3C3C3C3C3C3C3C3C3C3C3C3C3C3C3C3C3C3C3C3C3C3C3C3C3C392
:20AE6000C3C3C3C3C3C3C3C3C3C3C3C3C3C3C3C3C3C3C3C3C3C3C3C3C3C3C3C3C3C3C3C372
:20AE8000C3C3C3C3C3C3C3C3C3C3C3C3C3C3C3C3C3C3C3C3C3C3C3C3C3C3C3C3C3C3C3C352
:20AEA000C3C3C3C3C3C3C3C3C3C3C3C3C3C3C3C3C3C3C3C3C3C3C3C3C3C3C3C3C3C3C3C332
:20AEC000C3C3C3C3C3C3C3C3C3C3C3C3C3C3C3C3C3C3C3C3C3C3C3C3C3C3C3C3C3C3C3C312
:20AEE000C3C3C3C3C3C3C3C3C3C3C3C3C3C3C3C3C3C3C3C3C3C3C3C3C3C3C3C3C3C3C3C3F2
:20AF0000C3C3C3C3C3C3C3C3C3C3C3C3C3C3C3C3C3C3C3C3C3C3C3C3C3C3C3C3C3C3C3C3D1
:20AF2000C3C3C3C3C3C3C3C3C3C3C3C3C3C3C3C3C3C3C3C3C3C3C3C3C3C3C3C3C3C3C3C3B1
:20AF4000C3C3C3C3C3C3C3C3C3C3C3C3C3C3C3C3C3C3C3C3C3C3C3C3C3C3C3C3C3C3C3C391
:20AF6000C3C3C3C3C3C3C3C3C3C3C3C3C3C3C3C3C3C3C3C3C3C3C3C3C3C3C3C3C3C3C3C371
:20AF8000C3C3C3C3C3C3C3C3C3C3C3C3C3C3C3C3C3C3C3C3C3C3C3C3C3C3C3C3C3C3C3C351
:20AFA000C3C3C3C3C3C3C3C3C3C3C3C3C3C3C3C3C3C3C3C3C3C3C3C3C3C3C3C3C3C3C3C331
:20AFC000C3C3C3C3C3C3C3C3C3C3C3C3C3C3C3C3C3C3C3C3C3C3C3C3C3C3C3C3C3C3C3C311
:20AFE000C3C3C3C3C3C3C3C3C3C3C3C3C3C3C3C3C3C3C3C3C3C3C3C3C3C3C3C3C3C3C3C3F1
:20B00000C3C3C3C3C3C3C3C3C3C3C3C3C3C3C3C3C3C3C3C3C3C3C3C3C3C3C3C3C3C3C3C3D0
:20B02000C3C3C3C3C3C3C3C3C3C3C3C3C3C3C3C3C3C3C3C3C3C3C3C3C3C3C3C3C3C3C3C3B0
:20B04000C3C3C3C3C3C3C3C3C3C3C3C3C3C3C3C3C3C3C3C3C3C3C3C3C3C3C3C3C3C3C3C390
:20B06000C3C3C3C3C3C3C3C3C3C3C3C3C3C3C3C3C3C3C3C3C3C3C3C3C3C3C3C3C3C3C3C370
:20B08000C3C3C3C3C3C3C3C3C3C3C3C3C3C3C3C3C3C3C3C3C3C3C3C3C3C3C3C3C3C3C3C350
:20B0A000C3C3C3C3C3C3C3C3C3C3C3C3C3C3C3C3C3C3C3C3C3C3C3C3C3C3C3C3C3C3C3C330
:20B0C000C3C3C3C3C3C3C3C3C3C3C3C3C3C3C3C3C3C3C3C3C3C3C3C3C3C3C3C3C3C3C3C310
:20B0E000C3C3C3C3C3C3C3C3C3C3C3C3C3C3C3C3C3C3C3C3C3C3C3C3C3C3C3C3C3C3C3C3F0
:20B10000C3C3C3C3C3C3C3C3C3C3C3C3C3C3C3C3C3C3C3C3C3C3C3C3C3C3C3C3C3C3C3C3CF
:20B12000C3C3C3C3C3C3C3C3C3C3C3C3C3C3C3C3C3C3C3C3C3C3C3C3C3C3C3C3C3C3C3C3AF
:20B14000C3C3C3C3C3C3C3C3C3C3C3C3C3C3C3C3C3C3C3C3C3C3C3C3C3C3C3C3C3C3C3C38F
:20B16000C3C3C3C3C3C3C3C3C3C3C3C3C3C3C3C3C3C3C3C3C3C3C3C3C3C3C3C3C3C3C3C36F
:20B18000C3C3C3C3C3C3C3C3C3C3C3C3C3C3C3C3C3C3C3C3C3C3C3C3C3C3C3C3C3C3C3C34F
:20B1A000C3C3C3C3C3C3C3C3C3C3C3C3C3C3C3C3C3C3C3C3C3C3C3C3C3C3C3C3C3C3C3C32F
:20B1C000C3C3C3C3C3C3C3C3C3C3C3C3C3C3C3C3C3C3C3C3C3C3C3C3C3C3C3C3C3C3C3C30F
:20B1E000C3C3C3C3C3C3C3C3C3C3C3C3C3C3C3C3C3C3C3C3C3C3C3C3C3C3C3C3C3C3C3C3EF
:20B20000C3C3C3C3C3C3C3C3C3C3C3C3C3C3C3C3C3C3C3C3C3C3C3C3C3C3C3C3C3C3C3C3CE
:20B22000C3C3C3C3C3C3C3C3C3C3C3C3C3C3C3C3C3C3C3C3C3C3C3C3C3C3C3C3C3C3C3C3AE
:20B24000C3C3C3C3C3C3C3C3C3C3C3C3C3C3C3C3C3C3C3C3C3C3C3C3C3C3C3C3C3C3C3C38E
:20B26000C3C3C3C3C3C3C3C3C3C3C3C3C3C3C3C3C3C3C3C3C3C3C3C3C3C3C3C3C3C3C3C36E
:20B28000C3C3C3C3C3C3C3C3C3C3C3C3C3C3C3C3C3C3C3C3C3C3C3C3C3C3C3C3C3C3C3C34E
:20B2A000C3C3C3C3C3C3C3C3C3C3C3C3C3C3C3C3C3C3C3C3C3C3C3C3C3C3C3C3C3C3C3C32E
:20B2C000C3C3C3C3C3C3C3C3C3C3C3C3C3C3C3C3C3C3C3C3C3C3C3C3C3C3C3C3C3C3C3C30E
:20B2E000C3C3C3C3C3C3C3C3C3C3C3C3C3C3C3C3C3C3C3C3C3C3C3C3C3C3C3C3C3C3C3C3EE
:20B30000C3C3C3C3C3C3C3C3C3C3C3C3C3C3C3C3C3C3C3C3C3C3C3C3C3C3C3C3C3C3C3C3CD
:20B32000C3C3C3C3C3C3C3C3C3C3C3C3C3C3C3C3C3C3C3C3C3C3C3C3C3C3C3C3C3C3C3C3AD
:20B34000C3C3C3C3C3C3C3C3C3C3C3C3C3C3C3C3C3C3C3C3C3C3C3C3C3C3C3C3C3C3C3C38D
:20B36000C3C3C3C3C3C3C3C3C3C3C3C3C3C3C3C3C3C3C3C3C3C3C3C3C3C3C3C3C3C3C3C36D
:20B38000C3C3C3C3C3C3C3C3C3C3C3C3C3C3C3C3C3C3C3C3C3C3C3C3C3C3C3C3C3C3C3C34D
:20B3A000C3C3C3C3C3C3C3C3C3C3C3C3C3C3C3C3C3C3C3C3C3C3C3C3C3C3C3C3C3C3C3C32D
:20B3C000C3C3C3C3C3C3C3C3C3C3C3C3C3C3C3C3C3C3C3C3C3C3C3C3C3C3C3C3C3C3C3C30D
:20B3E000C3C3C3C3C3C3C3C3C3C3C3C3C3C3C3C3C3C3C3C3C3C3C3C3C3C3C3C3C3C3C3C3ED
:20B40000C3C3C3C3C3C3C3C3C3C3C3C3C3C3C3C3C3C3C3C3C3C3C3C3C3C3C3C3C3C3C3C3CC
:20B42000C3C3C3C3C3C3C3C3C3C3C3C3C3C3C3C3C3C3C3C3C3C3C3C3C3C3C3C3C3C3C3C3AC
:20B44000C3C3C3C3C3C3C3C3C3C3C3C3C3C3C3C3C3C3C3C3C3C3C3C3C3C3C3C3C3C3C3C38C
:20B46000C3C3C3C3C3C3C3C3C3C3C3C3C3C3C3C3C3C3C3C3C3C3C3C3C3C3C3C3C3C3C3C36C
:20B48000C3C3C3C3C3C3C3C3C3C3C3C3C3C3C3C3C3C3C3C3C3C3C3C3C3C3C3C3C3C3C3C34C
:20B4A000C3C3C3C3C3C3C3C3C3C3C3C3C3C3C3C3C3C3C3C3C3C3C3C3C3C3C3C3C3C3C3C32C
:20B4C000C3C3C3C3C3C3C3C3C3C3C3C3C3C3C3C3C3C3C3C3C3C3C3C3C3C3C3C3C3C3C3C30C
:20B4E000C3C3C3C3C3C3C3C3C3C3C3C3C3C3C3C3C3C3C3C3C3C3C3C3C3C3C3C3C3C3C3C3EC
:20B50000C3C3C3C3C3C3C3C3C3C3C3C3C3C3C3C3C3C3C3C3C3C3C3C3C3C3C3C3C3C3C3C3CB
:20B52000C3C3C3C3C3C3C3C3C3C3C3C3C3C3C3C3C3C3C3C3C3C3C3C3C3C3C3C3C3C3C3C3AB
:20B54000C3C3C3C3C3C3C3C3C3C3C3C3C3C3C3C3C3C3C3C3C3C3C3C3C3C3C3C3C3C3C3C38B
:20B56000C3C3C3C3C3C3C3C3C3C3C3C3C3C3C3C3C3C3C3C3C3C3C3C3C3C3C3C3C3C3C3C36B
:20B58000C3C3C3C3C3C3C3C3C3C3C3C3C3C3C3C3C3C3C3C3C3C3C3C3C3C3C3C3C3C3C3C34B
:20B5A000C3C3C3C3C3C3C3C3C3C3C3C3C3C3C3C3C3C3C3C3C3C3C3C3C3C3C3C3C3C3C3C32B
:20B5C000C3C3C3C3C3C3C3C3C3C3C3C3C3C3C3C3C3C3C3C3C3C3C3C3C3C3C3C3C3C3C3C30B
:20B5E000C3C3C3C3C3C3C3C3C3C3C3C3C3C3C3C3C3C3C3C3C3C3C3C3C3C3C3C3C3C3C3C3EB
:20B60000C3C3C3C3C3C3C3C3C3C3C3C3C3C3C3C3C3C3C3C3C3C3C3C3C3C3C3C3C3C3C3C3CA
:20B62000C3C3C3C3C3C3C3C3C3C3C3C3C3C3C3C3C3C3C3C3C3C3C3C3C3C3C3C3C3C3C3C3AA
:20B64000C3C3C3C3C3C3C3C3C3C3C3C3C3C3C3C3C3C3C3C3C3C3C3C3C3C3C3C3C3C3C3C38A
:20B66000C3C3C3C3C3C3C3C3C3C3C3C3C3C3C3C3C3C3C3C3C3C3C3C3C3C3C3C3C3C3C3C36A
:20B68000C3C3C3C3C3C3C3C3C3C3C3C3C3C3C3C3C3C3C3C3C3C3C3C3C3C3C3C3C3C3C3C34A
:20B6A000C3C3C3C3C3C3C3C3C3C3C3C3C3C3C3C3C3C3C3C3C3C3C3C3C3C3C3C3C3C3C3C32A
:20B6C000C3C3C3C3C3C3C3C3C3C3C3C3C3C3C3C3C3C3C3C3C3C3C3C3C3C3C3C3C3C3C3C30A
:20B6E000C3C3C3C3C3C3C3C3C3C3C3C3C3C3C3C3C3C3C3C3C3C3C3C3C3C3C3C3C3C3C3C3EA
:20B70000C3C3C3C3C3C3C3C3C3C3C3C3C3C3C3C3C3C3C3C3C3C3C3C3C3C3C3C3C3C3C3C3C9
:20B72000C3C3C3C3C3C3C3C3C3C3C3C3C3C3C3C3C3C3C3C3C3C3C3C3C3C3C3C3C3C3C3C3A9
:20B74000C3C3C3C3C3C3C3C3C3C3C3C3C3C3C3C3C3C3C3C3C3C3C3C3C3C3C3C3C3C3C3C389
:20B76000C3C3C3C3C3C3C3C3C3C3C3C3C3C3C3C3C3C3C3C3C3C3C3C3C3C3C3C3C3C3C3C369
:20B78000C3C3C3C3C3C3C3C3C3C3C3C3C3C3C3C3C3C3C3C3C3C3C3C3C3C3C3C3C3C3C3C349
:20B7A000C3C3C3C3C3C3C3C3C3C3C3C3C3C3C3C3C3C3C3C3C3C3C3C3C3C3C3C3C3C3C3C329
:20B7C000C3C3C3C3C3C3C3C3C3C3C3C3C3C3C3C3C3C3C3C3C3C3C3C3C3C3C3C3C3C3C3C309
:20B7E000C3C3C3C3C3C3C3C3C3C3C3C3C3C3C3C3C3C3C3C3C3C3C3C3C3C3C3C3C3C3C3C3E9
:20B80000C3C3C3C3C3C3C3C3C3C3C3C3C3C3C3C3C3C3C3C3C3C3C3C3C3C3C3C3C3C3C3C3C8
:20B82000C3C3C3C3C3C3C3C3C3C3C3C3C3C3C3C3C3C3C3C3C3C3C3C3C3C3C3C3C3C3C3C3A8
:20B84000C3C3C3C3C3C3C3C3C3C3C3C3C3C3C3C3C3C3C3C3C3C3C3C3C3C3C3C3C3C3C3C388
:20B86000C3C3C3C3C3C3C3C3C3C3C3C3C3C3C3C3C3C3C3C3C3C3C3C3C3C3C3C3C3C3C3C368
:20B88000C3C3C3C3C3C3C3C3C3C3C3C3C3C3C3C3C3C3C3C3C3C3C3C3C3C3C3C3C3C3C3C348
:20B8A000C3C3C3C3C3C3C3C3C3C3C3C3C3C3C3C3C3C3C3C3C3C3C3C3C3C3C3C3C3C3C3C328
:20B8C000C3C3C3C3C3C3C3C3C3C3C3C3C3C3C3C3C3C3C3C3C3C3C3C3C3C3C3C3C3C3C3C308
:20B8E000C3C3C3C3C3C3C3C3C3C3C3C3C3C3C3C3C3C3C3C3C3C3C3C3C3C3C3C3C3C3C3C3E8
:20B90000C3C3C3C3C3C3C3C3C3C3C3C3C3C3C3C3C3C3C3C3C3C3C3C3C3C3C3C3C3C3C3C3C7
:20B92000C3C3C3C3C3C3C3C3C3C3C3C3C3C3C3C3C3C3C3C3C3C3C3C3C3C3C3C3C3C3C3C3A7
:20B94000C3C3C3C3C3C3C3C3C3C3C3C3C3C3C3C3C3C3C3C3C3C3C3C3C3C3C3C3C3C3C3C387
:20B96000C3C3C3C3C3C3C3C3C3C3C3C3C3C3C3C3C3C3C3C3C3C3C3C3C3C3C3C3C3C3C3C367
:20B98000C3C3C3C3C3C3C3C3C3C3C3C3C3C3C3C3C3C3C3C3C3C3C3C3C3C3C3C3C3C3C3C347
:20B9A000C3C3C3C3C3C3C3C3C3C3C3C3C3C3C3C3C3C3C3C3C3C3C3C3C3C3C3C3C3C3C3C327
:20B9C000C3C3C3C3C3C3C3C3C3C3C3C3C3C3C3C3C3C3C3C3C3C3C3C3C3C3C3C3C3C3C3C307
:20B9E000C3C3C3C3C3C3C3C3C3C3C3C3C3C3C3C3C3C3C3C3C3C3C3C3C3C3C3C3C3C3C3C3E7
:20BA0000C3C3C3C3C3C3C3C3C3C3C3C3C3C3C3C3C3C3C3C3C3C3C3C3C3C3C3C3C3C3C3C3C6
:20BA2000C3C3C3C3C3C3C3C3C3C3C3C3C3C3C3C3C3C3C3C3C3C3C3C3C3C3C3C3C3C3C3C3A6
:20BA4000C3C3C3C3C3C3C3C3C3C3C3C3C3C3C3C3C3C3C3C3C3C3C3C3C3C3C3C3C3C3C3C386
:20BA6000C3C3C3C3C3C3C3C3C3C3C3C3C3C3C3C3C3C3C3C3C3C3C3C3C3C3C3C3C3C3C3C366
:20BA8000C3C3C3C3C3C3C3C3C3C3C3C3C3C3C3C3C3C3C3C3C3C3C3C3C3C3C3C3C3C3C3C346
:20BAA000C3C3C3C3C3C3C3C3C3C3C3C3C3C3C3C3C3C3C3C3C3C3C3C3C3C3C3C3C3C3C3C326
:20BAC000C3C3C3C3C3C3C3C3C3C3C3C3C3C3C3C3C3C3C3C3C3C3C3C3C3C3C3C3C3C3C3C306
:20BAE000C3C3C3C3C3C3C3C3C3C3C3C3C3C3C3C3C3C3C3C3C3C3C3C3C3C3C3C3C3C3C3C3E6
:20BB0000C3C3C3C3C3C3C3C3C3C3C3C3C3C3C3C3C3C3C3C3C3C3C3C3C3C3C3C3C3C3C3C3C5
:20BB2000C3C3C3C3C3C3C3C3C3C3C3C3C3C3C3C3C3C3C3C3C3C3C3C3C3C3C3C3C3C3C3C3A5
:20BB4000C3C3C3C3C3C3C3C3C3C3C3C3C3C3C3C3C3C3C3C3C3C3C3C3C3C3C3C3C3C3C3C385
:20BB6000C3C3C3C3C3C3C3C3C3C3C3C3C3C3C3C3C3C3C3C3C3C3C3C3C3C3C3C3C3C3C3C365
:20BB8000C3C3C3C3C3C3C3C3C3C3C3C3C3C3C3C3C3C3C3C3C3C3C3C3C3C3C3C3C3C3C3C345
:20BBA000C3C3C3C3C3C3C3C3C3C3C3C3C3C3C3C3C3C3C3C3C3C3C3C3C3C3C3C3C3C3C3C325
:20BBC000C3C3C3C3C3C3C3C3C3C3C3C3C3C3C3C3C3C3C3C3C3C3C3C3C3C3C3C3C3C3C3C305
:20BBE000C3C3C3C3C3C3C3C3C3C3C3C3C3C3C3C3C3C3C3C3C3C3C3C3C3C3C3C3C3C3C3C3E5
:20BC0000C3C3C3C3C3C3C3C3C3C3C3C3C3C3C3C3C3C3C3C3C3C3C3C3C3C3C3C3C3C3C3C3C4
:20BC2000C3C3C3C3C3C3C3C3C3C3C3C3C3C3C3C3C3C3C3C3C3C3C3C3C3C3C3C3C3C3C3C3A4
:20BC4000C3C3C3C3C3C3C3C3C3C3C3C3C3C3C3C3C3C3C3C3C3C3C3C3C3C3C3C3C3C3C3C384
:20BC6000C3C3C3C3C3C3C3C3C3C3C3C3C3C3C3C3C3C3C3C3C3C3C3C3C3C3C3C3C3C3C3C364
:20BC8000C3C3C3C3C3C3C3C3C3C3C3C3C3C3C3C3C3C3C3C3C3C3C3C3C3C3C3C3C3C3C3C344
:20BCA000C3C3C3C3C3C3C3C3C3C3C3C3C3C3C3C3C3C3C3C3C3C3C3C3C3C3C3C3C3C3C3C324
:20BCC000C3C3C3C3C3C3C3C3C3C3C3C3C3C3C3C3C3C3C3C3C3C3C3C3C3C3C3C3C3C3C3C304
:20BCE000C3C3C3C3C3C3C3C3C3C3C3C3C3C3C3C3C3C3C3C3C3C3C3C3C3C3C3C3C3C3C3C3E4
:20BD0000C3C3C3C3C3C3C3C3C3C3C3C3C3C3C3C3C3C3C3C3C3C3C3C3C3C3C3C3C3C3C3C3C3
:20BD2000C3C3C3C3C3C3C3C3C3C3C3C3C3C3C3C3C3C3C3C3C3C3C3C3C3C3C3C3C3C3C3C3A3
:20BD4000C3C3C3C3C3C3C3C3C3C3C3C3C3C3C3C3C3C3C3C3C3C3C3C3C3C3C3C3C3C3C3C383
:20BD6000C3C3C3C3C3C3C3C3C3C3C3C3C3C3C3C3C3C3C3C3C3C3C3C3C3C3C3C3C3C3C3C363
:20BD8000C3C3C3C3C3C3C3C3C3C3C3C3C3C3C3C3C3C3C3C3C3C3C3C3C3C3C3C3C3C3C3C343
:20BDA000C3C3C3C3C3C3C3C3C3C3C3C3C3C3C3C3C3C3C3C3C3C3C3C3C3C3C3C3C3C3C3C323
:20BDC000C3C3C3C3C3C3C3C3C3C3C3C3C3C3C3C3C3C3C3C3C3C3C3C3C3C3C3C3C3C3C3C303
:20BDE000C3C3C3C3C3C3C3C3C3C3C3C3C3C3C3C3C3C3C3C3C3C3C3C3C3C3C3C3C3C3C3C3E3
:20BE0000C3C3C3C3C3C3C3C3C3C3C3C3C3C3C3C3C3C3C3C3C3C3C3C3C3C3C3C3C3C3C3C3C2
:20BE2000C3C3C3C3C3C3C3C3C3C3C3C3C3C3C3C3C3C3C3C3C3C3C3C3C3C3C3C3C3C3C3C3A2
:20BE4000C3C3C3C3C3C3C3C3C3C3C3C3C3C3C3C3C3C3C3C3C3C3C3C3C3C3C3C3C3C3C3C382
:20BE6000C3C3C3C3C3C3C3C3C3C3C3C3C3C3C3C3C3C3C3C3C3C3C3C3C3C3C3C3C3C3C3C362
:20BE8000C3C3C3C3C3C3C3C3C3C3C3C3C3C3C3C3C3C3C3C3C3C3C3C3C3C3C3C3C3C3C3C342
:20BEA000C3C3C3C3C3C3C3C3C3C3C3C3C3C3C3C3C3C3C3C3C3C3C3C3C3C3C3C3C3C3C3C322
:20BEC000C3C3C3C3C3C3C3C3C3C3C3C3C3C3C3C3C3C3C3C3C3C3C3C3C3C3C3C3C3C3C3C302
:20BEE000C3C3C3C3C3C3C3C3C3C3C3C3C3C3C3C3C3C3C3C3C3C3C3C3C3C3C3C3C3C3C3C3E2
:20BF0000C3C3C3C3C3C3C3C3C3C3C3C3C3C3C3C3C3C3C3C3C3C3C3C3C3C3C3C3C3C3C3C3C1
:20BF2000C3C3C3C3C3C3C3C3C3C3C3C3C3C3C3C3C3C3C3C3C3C3C3C3C3C3C3C3C3C3C3C3A1
:20BF4000C3C3C3C3C3C3C3C3C3C3C3C3C3C3C3C3C3C3C3C3C3C3C3C3C3C3C3C3C3C3C3C381
:20BF6000C3C3C3C3C3C3C3C3C3C3C3C3C3C3C3C3C3C3C3C3C3C3C3C3C3C3C3C3C3C3C3C361
:20BF8000C3C3C3C3C3C3C3C3C3C3C3C3C3C3C3C3C3C3C3C3C3C3C3C3C3C3C3C3C3C3C3C341
:20BFA000C3C3C3C3C3C3C3C3C3C3C3C3C3C3C3C3C3C3C3C3C3C3C3C3C3C3C3C3C3C3C3C321
:20BFC000C3C3C3C3C3C3C3C3C3C3C3C3C3C3C3C3C3C3C3C3C3C3C3C3C3C3C3C3C3C3C3C301
:20BFE000C3C3C3C3C3C3C3C3C3C3C3C3C3C3C3C3C3C3C3C3C3C3C3C3C3C3C3C3C3C3C3C3E1
:20C00000C3C3C3C3C3C3C3C3C3C3C3C3C3C3C3C3C3C3C3C3C3C3C3C3C3C3C3C3C3C3C3C3C0
:20C02000C3C3C3C3C3C3C3C3C3C3C3C3C3C3C3C3C3C3C3C3C3C3C3C3C3C3C3C3C3C3C3C3A0
:20C04000C3C3C3C3C3C3C3C3C3C3C3C3C3C3C3C3C3C3C3C3C3C3C3C3C3C3C3C3C3C3C3C380
:20C06000C3C3C3C3C3C3C3C3C3C3C3C3C3C3C3C3C3C3C3C3C3C3C3C3C3C3C3C3C3C3C3C360
:20C08000C3C3C3C3C3C3C3C3C3C3C3C3C3C3C3C3C3C3C3C3C3C3C3C3C3C3C3C3C3C3C3C340
:20C0A000C3C3C3C3C3C3C3C3C3C3C3C3C3C3C3C3C3C3C3C3C3C3C3C3C3C3C3C3C3C3C3C320
:20C0C000C3C3C3C3C3C3C3C3C3C3C3C3C3C3C3C3C3C3C3C3C3C3C3C3C3C3C3C3C3C3C3C300
:20C0E000C3C3C3C3C3C3C3C3C3C3C3C3C3C3C3C3C3C3C3C3C3C3C3C3C3C3C3C3C3C3C3C3E0
:20C10000C3C3C3C3C3C3C3C3C3C3C3C3C3C3C3C3C3C3C3C3C3C3C3C3C3C3C3C3C3C3C3C3BF
:20C12000C3C3C3C3C3C3C3C3C3C3C3C3C3C3C3C3C3C3C3C3C3C3C3C3C3C3C3C3C3C3C3C39F
:20C14000C3C3C3C3C3C3C3C3C3C3C3C3C3C3C3C3C3C3C3C3C3C3C3C3C3C3C3C3C3C3C3C37F
:20C16000C3C3C3C3C3C3C3C3C3C3C3C3C3C3C3C3C3C3C3C3C3C3C3C3C3C3C3C3C3C3C3C35F
:20C18000C3C3C3C3C3C3C3C3C3C3C3C3C3C3C3C3C3C3C3C3C3C3C3C3C3C3C3C3C3C3C3C33F
:20C1A000C3C3C3C3C3C3C3C3C3C3C3C3C3C3C3C3C3C3C3C3C3C3C3C3C3C3C3C3C3C3C3C31F
:20C1C000C3C3C3C3C3C3C3C3C3C3C3C3C3C3C3C3C3C3C3C3C3C3C3C3C3C3C3C3C3C3C3C3FF
:20C1E000C3C3C3C3C3C3C3C3C3C3C3C3C3C3C3C3C3C3C3C3C3C3C3C3C3C3C3C3C3C3C3C3DF
:20C20000C3C3C3C3C3C3C3C3C3C3C3C3C3C3C3C3C3C3C3C3C3C3C3C3C3C3C3C3C3C3C3C3BE
:20C22000C3C3C3C3C3C3C3C3C3C3C3C3C3C3C3C3C3C3C3C3C3C3C3C3C3C3C3C3C3C3C3C39E
:20C24000C3C3C3C3C3C3C3C3C3C3C3C3C3C3C3C3C3C3C3C3C3C3C3C3C3C3C3C3C3C3C3C37E
:20C26000C3C3C3C3C3C3C3C3C3C3C3C3C3C3C3C3C3C3C3C3C3C3C3C3C3C3C3C3C3C3C3C35E
:20C28000C3C3C3C3C3C3C3C3C3C3C3C3C3C3C3C3C3C3C3C3C3C3C3C3C3C3C3C3C3C3C3C33E
:20C2A000C3C3C3C3C3C3C3C3C3C3C3C3C3C3C3C3C3C3C3C3C3C3C3C3C3C3C3C3C3C3C3C31E
:20C2C000C3C3C3C3C3C3C3C3C3C3C3C3C3C3C3C3C3C3C3C3C3C3C3C3C3C3C3C3C3C3C3C3FE
:20C2E000C3C3C3C3C3C3C3C3C3C3C3C3C3C3C3C3C3C3C3C3C3C3C3C3C3C3C3C3C3C3C3C3DE
:20C30000C3C3C3C3C3C3C3C3C3C3C3C3C3C3C3C3C3C3C3C3C3C3C3C3C3C3C3C3C3C3C3C3BD
:20C32000C3C3C3C3C3C3C3C3C3C3C3C3C3C3C3C3C3C3C3C3C3C3C3C3C3C3C3C3C3C3C3C39D
:20C34000C3C3C3C3C3C3C3C3C3C3C3C3C3C3C3C3C3C3C3C3C3C3C3C3C3C3C3C3C3C3C3C37D
:20C36000C3C3C3C3C3C3C3C3C3C3C3C3C3C3C3C3C3C3C3C3C3C3C3C3C3C3C3C3C3C3C3C35D
:20C38000C3C3C3C3C3C3C3C3C3C3C3C3C3C3C3C3C3C3C3C3C3C3C3C3C3C3C3C3C3C3C3C33D
:20C3A000C3C3C3C3C3C3C3C3C3C3C3C3C3C3C3C3C3C3C3C3C3C3C3C3C3C3C3C3C3C3C3C31D
:20C3C000C3C3C3C3C3C3C3C3C3C3C3C3C3C3C3C3C3C3C3C3C3C3C3C3C3C3C3C3C3C3C3C3FD
:20C3E000C3C3C3C3C3C3C3C3C3C3C3C3C3C3C3C3C3C3C3C3C3C3C3C3C3C3C3C3C3C3C3C3DD
:20C40000C3C3C3C3C3C3C3C3C3C3C3C3C3C3C3C3C3C3C3C3C3C3C3C3C3C3C3C3C3C3C3C3BC
:20C42000C3C3C3C3C3C3C3C3C3C3C3C3C3C3C3C3C3C3C3C3C3C3C3C3C3C3C3C3C3C3C3C39C
:20C44000C3C3C3C3C3C3C3C3C3C3C3C3C3C3C3C3C3C3C3C3C3C3C3C3C3C3C3C3C3C3C3C37C
:20C46000C3C3C3C3C3C3C3C3C3C3C3C3C3C3C3C3C3C3C3C3C3C3C3C3C3C3C3C3C3C3C3C35C
:20C48000C3C3C3C3C3C3C3C3C3C3C3C3C3C3C3C3C3C3C3C3C3C3C3C3C3C3C3C3C3C3C3C33C
:20C4A000C3C3C3C3C3C3C3C3C3C3C3C3C3C3C3C3C3C3C3C3C3C3C3C3C3C3C3C3C3C3C3C31C
:20C4C000C3C3C3C3C3C3C3C3C3C3C3C3C3C3C3C3C3C3C3C3C3C3C3C3C3C3C3C3C3C3C3C3FC
:20C4E000C3C3C3C3C3C3C3C3C3C3C3C3C3C3C3C3C3C3C3C3C3C3C3C3C3C3C3C3C3C3C3C3DC
:20C50000C3C3C3C3C3C3C3C3C3C3C3C3C3C3C3C3C3C3C3C3C3C3C3C3C3C3C3C3C3C3C3C3BB
:20C52000C3C3C3C3C3C3C3C3C3C3C3C3C3C3C3C3C3C3C3C3C3C3C3C3C3C3C3C3C3C3C3C39B
:20C54000C3C3C3C3C3C3C3C3C3C3C3C3C3C3C3C3C3C3C3C3C3C3C3C3C3C3C3C3C3C3C3C37B
:20C56000C3C3C3C3C3C3C3C3C3C3C3C3C3C3C3C3C3C3C3C3C3C3C3C3C3C3C3C3C3C3C3C35B
:20C58000C3C3C3C3C3C3C3C3C3C3C3C3C3C3C3C3C3C3C3C3C3C3C3C3C3C3C3C3C3C3C3C33B
:20C5A000C3C3C3C3C3C3C3C3C3C3C3C3C3C3C3C3C3C3C3C3C3C3C3C3C3C3C3C3C3C3C3C31B
:20C5C000C3C3C3C3C3C3C3C3C3C3C3C3C3C3C3C3C3C3C3C3C3C3C3C3C3C3C3C3C3C3C3C3FB
:20C5E000C3C3C3C3C3C3C3C3C3C3C3C3C3C3C3C3C3C3C3C3C3C3C3C3C3C3C3C3C3C3C3C3DB
:20C60000C3C3C3C3C3C3C3C3C3C3C3C3C3C3C3C3C3C3C3C3C3C3C3C3C3C3C3C3C3C3C3C3BA
:20C62000C3C3C3C3C3C3C3C3C3C3C3C3C3C3C3C3C3C3C3C3C3C3C3C3C3C3C3C3C3C3C3C39A
:20C64000C3C3C3C3C3C3C3C3C3C3C3C3C3C3C3C3C3C3C3C3C3C3C3C3C3C3C3C3C3C3C3C37A
:20C66000C3C3C3C3C3C3C3C3C3C3C3C3C3C3C3C3C3C3C3C3C3C3C3C3C3C3C3C3C3C3C3C35A
:20C68000C3C3C3C3C3C3C3C3C3C3C3C3C3C3C3C3C3C3C3C3C3C3C3C3C3C3C3C3C3C3C3C33A
:20C6A000C3C3C3C3C3C3C3C3C3C3C3C3C3C3C3C3C3C3C3C3C3C3C3C3C3C3C3C3C3C3C3C31A
:20C6C000C3C3C3C3C3C3C3C3C3C3C3C3C3C3C3C3C3C3C3C3C3C3C3C3C3C3C3C3C3C3C3C3FA
:20C6E000C3C3C3C3C3C3C3C3C3C3C3C3C3C3C3C3C3C3C3C3C3C3C3C3C3C3C3C3C3C3C3C3DA
:20C70000C3C3C3C3C3C3C3C3C3C3C3C3C3C3C3C3C3C3C3C3C3C3C3C3C3C3C3C3C3C3C3C3B9
:20C72000C3C3C3C3C3C3C3C3C3C3C3C3C3C3C3C3C3C3C3C3C3C3C3C3C3C3C3C3C3C3C3C399
:20C74000C3C3C3C3C3C3C3C3C3C3C3C3C3C3C3C3C3C3C3C3C3C3C3C3C3C3C3C3C3C3C3C379
:20C76000C3C3C3C3C3C3C3C3C3C3C3C3C3C3C3C3C3C3C3C3C3C3C3C3C3C3C3C3C3C3C3C359
:20C78000C3C3C3C3C3C3C3C3C3C3C3C3C3C3C3C3C3C3C3C3C3C3C3C3C3C3C3C3C3C3C3C339
:20C7A000C3C3C3C3C3C3C3C3C3C3C3C3C3C3C3C3C3C3C3C3C3C3C3C3C3C3C3C3C3C3C3C319
:20C7C000C3C3C3C3C3C3C3C3C3C3C3C3C3C3C3C3C3C3C3C3C3C3C3C3C3C3C3C3C3C3C3C3F9
:20C7E000C3C3C3C3C3C3C3C3C3C3C3C3C3C3C3C3C3C3C3C3C3C3C3C3C3C3C3C3C3C3C3C3D9
:20C80000C3C3C3C3C3C3C3C3C3C3C3C3C3C3C3C3C3C3C3C3C3C3C3C3C3C3C3C3C3C3C3C3B8
:20C82000C3C3C3C3C3C3C3C3C3C3C3C3C3C3C3C3C3C3C3C3C3C3C3C3C3C3C3C3C3C3C3C398
:20C84000C3C3C3C3C3C3C3C3C3C3C3C3C3C3C3C3C3C3C3C3C3C3C3C3C3C3C3C3C3C3C3C378
:20C86000C3C3C3C3C3C3C3C3C3C3C3C3C3C3C3C3C3C3C3C3C3C3C3C3C3C3C3C3C3C3C3C358
:20C88000C3C3C3C3C3C3C3C3C3C3C3C3C3C3C3C3C3C3C3C3C3C3C3C3C3C3C3C3C3C3C3C338
:20C8A000C3C3C3C3C3C3C3C3C3C3C3C3C3C3C3C3C3C3C3C3C3C3C3C3C3C3C3C3C3C3C3C318
:20C8C000C3C3C3C3C3C3C3C3C3C3C3C3C3C3C3C3C3C3C3C3C3C3C3C3C3C3C3C3C3C3C3C3F8
:20C8E000C3C3C3C3C3C3C3C3C3C3C3C3C3C3C3C3C3C3C3C3C3C3C3C3C3C3C3C3C3C3C3C3D8
:20C90000C3C3C3C3C3C3C3C3C3C3C3C3C3C3C3C3C3C3C3C3C3C3C3C3C3C3C3C3C3C3C3C3B7
:20C92000C3C3C3C3C3C3C3C3C3C3C3C3C3C3C3C3C3C3C3C3C3C3C3C3C3C3C3C3C3C3C3C397
:20C94000C3C3C3C3C3C3C3C3C3C3C3C3C3C3C3C3C3C3C3C3C3C3C3C3C3C3C3C3C3C3C3C377
:20C96000C3C3C3C3C3C3C3C3C3C3C3C3C3C3C3C3C3C3C3C3C3C3C3C3C3C3C3C3C3C3C3C357
:20C98000C3C3C3C3C3C3C3C3C3C3C3C3C3C3C3C3C3C3C3C3C3C3C3C3C3C3C3C3C3C3C3C337
:20C9A000C3C3C3C3C3C3C3C3C3C3C3C3C3C3C3C3C3C3C3C3C3C3C3C3C3C3C3C3C3C3C3C317
:20C9C000C3C3C3C3C3C3C3C3C3C3C3C3C3C3C3C3C3C3C3C3C3C3C3C3C3C3C3C3C3C3C3C3F7
:20C9E000C3C3C3C3C3C3C3C3C3C3C3C3C3C3C3C3C3C3C3C3C3C3C3C3C3C3C3C3C3C3C3C3D7
:20CA0000C3C3C3C3C3C3C3C3C3C3C3C3C3C3C3C3C3C3C3C3C3C3C3C3C3C3C3C3C3C3C3C3B6
:20CA2000C3C3C3C3C3C3C3C3C3C3C3C3C3C3C3C3C3C3C3C3C3C3C3C3C3C3C3C3C3C3C3C396
:20CA4000C3C3C3C3C3C3C3C3C3C3C3C3C3C3C3C3C3C3C3C3C3C3C3C3C3C3C3C3C3C3C3C376
:20CA6000C3C3C3C3C3C3C3C3C3C3C3C3C3C3C3C3C3C3C3C3C3C3C3C3C3C3C3C3C3C3C3C356
:20CA8000C3C3C3C3C3C3C3C3C3C3C3C3C3C3C3C3C3C3C3C3C3C3C3C3C3C3C3C3C3C3C3C336
:20CAA000C3C3C3C3C3C3C3C3C3C3C3C3C3C3C3C3C3C3C3C3C3C3C3C3C3C3C3C3C3C3C3C316
:20CAC000C3C3C3C3C3C3C3C3C3C3C3C3C3C3C3C3C3C3C3C3C3C3C3C3C3C3C3C3C3C3C3C3F6
:20CAE000C3C3C3C3C3C3C3C3C3C3C3C3C3C3C3C3C3C3C3C3C3C3C3C3C3C3C3C3C3C3C3C3D6
:20CB0000C3C3C3C3C3C3C3C3C3C3C3C3C3C3C3C3C3C3C3C3C3C3C3C3C3C3C3C3C3C3C3C3B5
:20CB2000C3C3C3C3C3C3C3C3C3C3C3C3C3C3C3C3C3C3C3C3C3C3C3C3C3C3C3C3C3C3C3C395
:20CB4000C3C3C3C3C3C3C3C3C3C3C3C3C3C3C3C3C3C3C3C3C3C3C3C3C3C3C3C3C3C3C3C375
:20CB6000C3C3C3C3C3C3C3C3C3C3C3C3C3C3C3C3C3C3C3C3C3C3C3C3C3C3C3C3C3C3C3C355
:20CB8000C3C3C3C3C3C3C3C3C3C3C3C3C3C3C3C3C3C3C3C3C3C3C3C3C3C3C3C3C3C3C3C335
:20CBA000C3C3C3C3C3C3C3C3C3C3C3C3C3C3C3C3C3C3C3C3C3C3C3C3C3C3C3C3C3C3C3C315
:20CBC000C3C3C3C3C3C3C3C3C3C3C3C3C3C3C3C3C3C3C3C3C3C3C3C3C3C3C3C3C3C3C3C3F5
:20CBE000C3C3C3C3C3C3C3C3C3C3C3C3C3C3C3C3C3C3C3C3C3C3C3C3C3C3C3C3C3C3C3C3D5
:20CC0000C3C3C3C3C3C3C3C3C3C3C3C3C3C3C3C3C3C3C3C3C3C3C3C3C3C3C3C3C3C3C3C3B4
:20CC2000C3C3C3C3C3C3C3C3C3C3C3C3C3C3C3C3C3C3C3C3C3C3C3C3C3C3C3C3C3C3C3C394
:20CC4000C3C3C3C3C3C3C3C3C3C3C3C3C3C3C3C3C3C3C3C3C3C3C3C3C3C3C3C3C3C3C3C374
:20CC6000C3C3C3C3C3C3C3C3C3C3C3C3C3C3C3C3C3C3C3C3C3C3C3C3C3C3C3C3C3C3C3C354
:20CC8000C3C3C3C3C3C3C3C3C3C3C3C3C3C3C3C3C3C3C3C3C3C3C3C3C3C3C3C3C3C3C3C334
:20CCA000C3C3C3C3C3C3C3C3C3C3C3C3C3C3C3C3C3C3C3C3C3C3C3C3C3C3C3C3C3C3C3C314
:20CCC000C3C3C3C3C3C3C3C3C3C3C3C3C3C3C3C3C3C3C3C3C3C3C3C3C3C3C3C3C3C3C3C3F4
:20CCE000C3C3C3C3C3C3C3C3C3C3C3C3C3C3C3C3C3C3C3C3C3C3C3C3C3C3C3C3C3C3C3C3D4
:20CD0000C3C3C3C3C3C3C3C3C3C3C3C3C3C3C3C3C3C3C3C3C3C3C3C3C3C3C3C3C3C3C3C3B3
:20CD2000C3C3C3C3C3C3C3C3C3C3C3C3C3C3C3C3C3C3C3C3C3C3C3C3C3C3C3C3C3C3C3C393
:20CD4000C3C3C3C3C3C3C3C3C3C3C3C3C3C3C3C3C3C3C3C3C3C3C3C3C3C3C3C3C3C3C3C373
:20CD6000C3C3C3C3C3C3C3C3C3C3C3C3C3C3C3C3C3C3C3C3C3C3C3C3C3C3C3C3C3C3C3C353
:20CD8000C3C3C3C3C3C3C3C3C3C3C3C3C3C3C3C3C3C3C3C3C3C3C3C3C3C3C3C3C3C3C3C333
:20CDA000C3C3C3C3C3C3C3C3C3C3C3C3C3C3C3C3C3C3C3C3C3C3C3C3C3C3C3C3C3C3C3C313
:20CDC000C3C3C3C3C3C3C3C3C3C3C3C3C3C3C3C3C3C3C3C3C3C3C3C3C3C3C3C3C3C3C3C3F3
:20CDE000C3C3C3C3C3C3C3C3C3C3C3C3C3C3C3C3C3C3C3C3C3C3C3C3C3C3C3C3C3C3C3C3D3
:20CE0000C3C3C3C3C3C3C3C3C3C3C3C3C3C3C3C3C3C3C3C3C3C3C3C3C3C3C3C3C3C3C3C3B2
:20CE2000C3C3C3C3C3C3C3C3C3C3C3C3C3C3C3C3C3C3C3C3C3C3C3C3C3C3C3C3C3C3C3C392
:20CE4000C3C3C3C3C3C3C3C3C3C3C3C3C3C3C3C3C3C3C3C3C3C3C3C3C3C3C3C3C3C3C3C372
:20CE6000C3C3C3C3C3C3C3C3C3C3C3C3C3C3C3C3C3C3C3C3C3C3C3C3C3C3C3C3C3C3C3C352
:20CE8000C3C3C3C3C3C3C3C3C3C3C3C3C3C3C3C3C3C3C3C3C3C3C3C3C3C3C3C3C3C3C3C332
:20CEA000C3C3C3C3C3C3C3C3C3C3C3C3C3C3C3C3C3C3C3C3C3C3C3C3C3C3C3C3C3C3C3C312
:20CEC000C3C3C3C3C3C3C3C3C3C3C3C3C3C3C3C3C3C3C3C3C3C3C3C3C3C3C3C3C3C3C3C3F2
:20CEE000C3C3C3C3C3C3C3C3C3C3C3C3C3C3C3C3C3C3C3C3C3C3C3C3C3C3C3C3C3C3C3C3D2
:20CF0000C3C3C3C3C3C3C3C3C3C3C3C3C3C3C3C3C3C3C3C3C3C3C3C3C3C3C3C3C3C3C3C3B1
:20CF2000C3C3C3C3C3C3C3C3C3C3C3C3C3C3C3C3C3C3C3C3C3C3C3C3C3C3C3C3C3C3C3C391
:20CF4000C3C3C3C3C3C3C3C3C3C3C3C3C3C3C3C3C3C3C3C3C3C3C3C3C3C3C3C3C3C3C3C371
:20CF6000C3C3C3C3C3C3C3C3C3C3C3C3C3C3C3C3C3C3C3C3C3C3C3C3C3C3C3C3C3C3C3C351
:20CF8000C3C3C3C3C3C3C3C3C3C3C3C3C3C3C3C3C3C3C3C3C3C3C3C3C3C3C3C3C3C3C3C331
:20CFA000C3C3C3C3C3C3C3C3C3C3C3C3C3C3C3C3C3C3C3C3C3C3C3C3C3C3C3C3C3C3C3C311
:20CFC000C3C3C3C3C3C3C3C3C3C3C3C3C3C3C3C3C3C3C3C3C3C3C3C3C3C3C3C3C3C3C3C3F1
:20CFE000C3C3C3C3C3C3C3C3C3C3C3C3C3C3C3C3C3C3C3C3C3C3C3C3C3C3C3C3C3C3C3C3D1
:20D00000C3C3C3C3C3C3C3C3C3C3C3C3C3C3C3C3C3C3C3C3C3C3C3C3C3C3C3C3C3C3C3C3B0
:20D02000C3C3C3C3C3C3C3C3C3C3C3C3C3C3C3C3C3C3C3C3C3C3C3C3C3C3C3C3C3C3C3C390
:20D04000C3C3C3C3C3C3C3C3C3C3C3C3C3C3C3C3C3C3C3C3C3C3C3C3C3C3C3C3C3C3C3C370
:20D06000C3C3C3C3C3C3C3C3C3C3C3C3C3C3C3C3C3C3C3C3C3C3C3C3C3C3C3C3C3C3C3C350
:20D08000C3C3C3C3C3C3C3C3C3C3C3C3C3C3C3C3C3C3C3C3C3C3C3C3C3C3C3C3C3C3C3C330
:20D0A000C3C3C3C3C3C3C3C3C3C3C3C3C3C3C3C3C3C3C3C3C3C3C3C3C3C3C3C3C3C3C3C310
:20D0C000C3C3C3C3C3C3C3C3C3C3C3C3C3C3C3C3C3C3C3C3C3C3C3C3C3C3C3C3C3C3C3C3F0
:20D0E000C3C3C3C3C3C3C3C3C3C3C3C3C3C3C3C3C3C3C3C3C3C3C3C3C3C3C3C3C3C3C3C3D0
:20D10000C3C3C3C3C3C3C3C3C3C3C3C3C3C3C3C3C3C3C3C3C3C3C3C3C3C3C3C3C3C3C3C3AF
:20D12000C3C3C3C3C3C3C3C3C3C3C3C3C3C3C3C3C3C3C3C3C3C3C3C3C3C3C3C3C3C3C3C38F
:20D14000C3C3C3C3C3C3C3C3C3C3C3C3C3C3C3C3C3C3C3C3C3C3C3C3C3C3C3C3C3C3C3C36F
:20D16000C3C3C3C3C3C3C3C3C3C3C3C3C3C3C3C3C3C3C3C3C3C3C3C3C3C3C3C3C3C3C3C34F
:20D18000C3C3C3C3C3C3C3C3C3C3C3C3C3C3C3C3C3C3C3C3C3C3C3C3C3C3C3C3C3C3C3C32F
:20D1A000C3C3C3C3C3C3C3C3C3C3C3C3C3C3C3C3C3C3C3C3C3C3C3C3C3C3C3C3C3C3C3C30F
:20D1C000C3C3C3C3C3C3C3C3C3C3C3C3C3C3C3C3C3C3C3C3C3C3C3C3C3C3C3C3C3C3C3C3EF
:20D1E000C3C3C3C3C3C3C3C3C3C3C3C3C3C3C3C3C3C3C3C3C3C3C3C3C3C3C3C3C3C3C3C3CF
:20D20000C3C3C3C3C3C3C3C3C3C3C3C3C3C3C3C3C3C3C3C3C3C3C3C3C3C3C3C3C3C3C3C3AE
:20D22000C3C3C3C3C3C3C3C3C3C3C3C3C3C3C3C3C3C3C3C3C3C3C3C3C3C3C3C3C3C3C3C38E
:20D24000C3C3C3C3C3C3C3C3C3C3C3C3C3C3C3C3C3C3C3C3C3C3C3C3C3C3C3C3C3C3C3C36E
:20D26000C3C3C3C3C3C3C3C3C3C3C3C3C3C3C3C3C3C3C3C3C3C3C3C3C3C3C3C3C3C3C3C34E
:20D28000C3C3C3C3C3C3C3C3C3C3C3C3C3C3C3C3C3C3C3C3C3C3C3C3C3C3C3C3C3C3C3C32E
:20D2A000C3C3C3C3C3C3C3C3C3C3C3C3C3C3C3C3C3C3C3C3C3C3C3C3C3C3C3C3C3C3C3C30E
:20D2C000C3C3C3C3C3C3C3C3C3C3C3C3C3C3C3C3C3C3C3C3C3C3C3C3C3C3C3C3C3C3C3C3EE
:20D2E000C3C3C3C3C3C3C3C3C3C3C3C3C3C3C3C3C3C3C3C3C3C3C3C3C3C3C3C3C3C3C3C3CE
:20D30000C3C3C3C3C3C3C3C3C3C3C3C3C3C3C3C3C3C3C3C3C3C3C3C3C3C3C3C3C3C3C3C3AD
:20D32000C3C3C3C3C3C3C3C3C3C3C3C3C3C3C3C3C3C3C3C3C3C3C3C3C3C3C3C3C3C3C3C38D
:20D34000C3C3C3C3C3C3C3C3C3C3C3C3C3C3C3C3C3C3C3C3C3C3C3C3C3C3C3C3C3C3C3C36D
:20D36000C3C3C3C3C3C3C3C3C3C3C3C3C3C3C3C3C3C3C3C3C3C3C3C3C3C3C3C3C3C3C3C34D
:20D38000C3C3C3C3C3C3C3C3C3C3C3C3C3C3C3C3C3C3C3C3C3C3C3C3C3C3C3C3C3C3C3C32D
:20D3A000C3C3C3C3C3C3C3C3C3C3C3C3C3C3C3C3C3C3C3C3C3C3C3C3C3C3C3C3C3C3C3C30D
:20D3C000C3C3C3C3C3C3C3C3C3C3C3C3C3C3C3C3C3C3C3C3C3C3C3C3C3C3C3C3C3C3C3C3ED
:20D3E000C3C3C3C3C3C3C3C3C3C3C3C3C3C3C3C3C3C3C3C3C3C3C3C3C3C3C3C3C3C3C3C3CD
:20D40000C3C3C3C3C3C3C3C3C3C3C3C3C3C3C3C3C3C3C3C3C3C3C3C3C3C3C3C3C3C3C3C3AC
:20D42000C3C3C3C3C3C3C3C3C3C3C3C3C3C3C3C3C3C3C3C3C3C3C3C3C3C3C3C3C3C3C3C38C
:20D44000C3C3C3C3C3C3C3C3C3C3C3C3C3C3C3C3C3C3C3C3C3C3C3C3C3C3C3C3C3C3C3C36C
:20D46000C3C3C3C3C3C3C3C3C3C3C3C3C3C3C3C3C3C3C3C3C3C3C3C3C3C3C3C3C3C3C3C34C
:20D48000C3C3C3C3C3C3C3C3C3C3C3C3C3C3C3C3C3C3C3C3C3C3C3C3C3C3C3C3C3C3C3C32C
:20D4A000C3C3C3C3C3C3C3C3C3C3C3C3C3C3C3C3C3C3C3C3C3C3C3C3C3C3C3C3C3C3C3C30C
:20D4C000C3C3C3C3C3C3C3C3C3C3C3C3C3C3C3C3C3C3C3C3C3C3C3C3C3C3C3C3C3C3C3C3EC
:20D4E000C3C3C3C3C3C3C3C3C3C3C3C3C3C3C3C3C3C3C3C3C3C3C3C3C3C3C3C3C3C3C3C3CC
:20D50000C3C3C3C3C3C3C3C3C3C3C3C3C3C3C3C3C3C3C3C3C3C3C3C3C3C3C3C3C3C3C3C3AB
:20D52000C3C3C3C3C3C3C3C3C3C3C3C3C3C3C3C3C3C3C3C3C3C3C3C3C3C3C3C3C3C3C3C38B
:20D54000C3C3C3C3C3C3C3C3C3C3C3C3C3C3C3C3C3C3C3C3C3C3C3C3C3C3C3C3C3C3C3C36B
:20D56000C3C3C3C3C3C3C3C3C3C3C3C3C3C3C3C3C3C3C3C3C3C3C3C3C3C3C3C3C3C3C3C34B
:20D58000C3C3C3C3C3C3C3C3C3C3C3C3C3C3C3C3C3C3C3C3C3C3C3C3C3C3C3C3C3C3C3C32B
:20D5A000C3C3C3C3C3C3C3C3C3C3C3C3C3C3C3C3C3C3C3C3C3C3C3C3C3C3C3C3C3C3C3C30B
:20D5C000C3C3C3C3C3C3C3C3C3C3C3C3C3C3C3C3C3C3C3C3C3C3C3C3C3C3C3C3C3C3C3C3EB
:20D5E000C3C3C3C3C3C3C3C3C3C3C3C3C3C3C3C3C3C3C3C3C3C3C3C3C3C3C3C3C3C3C3C3CB
:20D60000C3C3C3C3C3C3C3C3C3C3C3C3C3C3C3C3C3C3C3C3C3C3C3C3C3C3C3C3C3C3C3C3AA
:20D62000C3C3C3C3C3C3C3C3C3C3C3C3C3C3C3C3C3C3C3C3C3C3C3C3C3C3C3C3C3C3C3C38A
:20D64000C3C3C3C3C3C3C3C3C3C3C3C3C3C3C3C3C3C3C3C3C3C3C3C3C3C3C3C3C3C3C3C36A
:20D66000C3C3C3C3C3C3C3C3C3C3C3C3C3C3C3C3C3C3C3C3C3C3C3C3C3C3C3C3C3C3C3C34A
:20D68000C3C3C3C3C3C3C3C3C3C3C3C3C3C3C3C3C3C3C3C3C3C3C3C3C3C3C3C3C3C3C3C32A
:20D6A000C3C3C3C3C3C3C3C3C3C3C3C3C3C3C3C3C3C3C3C3C3C3C3C3C3C3C3C3C3C3C3C30A
:20D6C000C3C3C3C3C3C3C3C3C3C3C3C3C3C3C3C3C3C3C3C3C3C3C3C3C3C3C3C3C3C3C3C3EA
:20D6E000C3C3C3C3C3C3C3C3C3C3C3C3C3C3C3C3C3C3C3C3C3C3C3C3C3C3C3C3C3C3C3C3CA
:20D70000C3C3C3C3C3C3C3C3C3C3C3C3C3C3C3C3C3C3C3C3C3C3C3C3C3C3C3C3C3C3C3C3A9
:20D72000C3C3C3C3C3C3C3C3C3C3C3C3C3C3C3C3C3C3C3C3C3C3C3C3C3C3C3C3C3C3C3C389
:20D74000C3C3C3C3C3C3C3C3C3C3C3C3C3C3C3C3C3C3C3C3C3C3C3C3C3C3C3C3C3C3C3C369
:20D76000C3C3C3C3C3C3C3C3C3C3C3C3C3C3C3C3C3C3C3C3C3C3C3C3C3C3C3C3C3C3C3C349
:20D78000C3C3C3C3C3C3C3C3C3C3C3C3C3C3C3C3C3C3C3C3C3C3C3C3C3C3C3C3C3C3C3C329
:20D7A000C3C3C3C3C3C3C3C3C3C3C3C3C3C3C3C3C3C3C3C3C3C3C3C3C3C3C3C3C3C3C3C309
:20D7C000C3C3C3C3C3C3C3C3C3C3C3C3C3C3C3C3C3C3C3C3C3C3C3C3C3C3C3C3C3C3C3C3E9
:20D7E000C3C3C3C3C3C3C3C3C3C3C3C3C3C3C3C3C3C3C3C3C3C3C3C3C3C3C3C3C3C3C3C3C9
:20D80000C3C3C3C3C3C3C3C3C3C3C3C3C3C3C3C3C3C3C3C3C3C3C3C3C3C3C3C3C3C3C3C3A8
:20D82000C3C3C3C3C3C3C3C3C3C3C3C3C3C3C3C3C3C3C3C3C3C3C3C3C3C3C3C3C3C3C3C388
:20D84000C3C3C3C3C3C3C3C3C3C3C3C3C3C3C3C3C3C3C3C3C3C3C3C3C3C3C3C3C3C3C3C368
:20D86000C3C3C3C3C3C3C3C3C3C3C3C3C3C3C3C3C3C3C3C3C3C3C3C3C3C3C3C3C3C3C3C348
:20D88000C3C3C3C3C3C3C3C3C3C3C3C3C3C3C3C3C3C3C3C3C3C3C3C3C3C3C3C3C3C3C3C328
:20D8A000C3C3C3C3C3C3C3C3C3C3C3C3C3C3C3C3C3C3C3C3C3C3C3C3C3C3C3C3C3C3C3C308
:20D8C000C3C3C3C3C3C3C3C3C3C3C3C3C3C3C3C3C3C3C3C3C3C3C3C3C3C3C3C3C3C3C3C3E8
:20D8E000C3C3C3C3C3C3C3C3C3C3C3C3C3C3C3C3C3C3C3C3C3C3C3C3C3C3C3C3C3C3C3C3C8
:20D90000C3C3C3C3C3C3C3C3C3C3C3C3C3C3C3C3C3C3C3C3C3C3C3C3C3C3C3C3C3C3C3C3A7
:20D92000C3C3C3C3C3C3C3C3C3C3C3C3C3C3C3C3C3C3C3C3C3C3C3C3C3C3C3C3C3C3C3C387
:20D94000C3C3C3C3C3C3C3C3C3C3C3C3C3C3C3C3C3C3C3C3C3C3C3C3C3C3C3C3C3C3C3C367
:20D96000C3C3C3C3C3C3C3C3C3C3C3C3C3C3C3C3C3C3C3C3C3C3C3C3C3C3C3C3C3C3C3C347
:20D98000C3C3C3C3C3C3C3C3C3C3C3C3C3C3C3C3C3C3C3C3C3C3C3C3C3C3C3C3C3C3C3C327
:20D9A000C3C3C3C3C3C3C3C3C3C3C3C3C3C3C3C3C3C3C3C3C3C3C3C3C3C3C3C3C3C3C3C307
:20D9C000C3C3C3C3C3C3C3C3C3C3C3C3C3C3C3C3C3C3C3C3C3C3C3C3C3C3C3C3C3C3C3C3E7
:20D9E000C3C3C3C3C3C3C3C3C3C3C3C3C3C3C3C3C3C3C3C3C3C3C3C3C3C3C3C3C3C3C3C3C7
:20DA0000C3C3C3C3C3C3C3C3C3C3C3C3C3C3C3C3C3C3C3C3C3C3C3C3C3C3C3C3C3C3C3C3A6
:20DA2000C3C3C3C3C3C3C3C3C3C3C3C3C3C3C3C3C3C3C3C3C3C3C3C3C3C3C3C3C3C3C3C386
:20DA4000C3C3C3C3C3C3C3C3C3C3C3C3C3C3C3C3C3C3C3C3C3C3C3C3C3C3C3C3C3C3C3C366
:20DA6000C3C3C3C3C3C3C3C3C3C3C3C3C3C3C3C3C3C3C3C3C3C3C3C3C3C3C3C3C3C3C3C346
:20DA8000C3C3C3C3C3C3C3C3C3C3C3C3C3C3C3C3C3C3C3C3C3C3C3C3C3C3C3C3C3C3C3C326
:20DAA000C3C3C3C3C3C3C3C3C3C3C3C3C3C3C3C3C3C3C3C3C3C3C3C3C3C3C3C3C3C3C3C306
:20DAC000C3C3C3C3C3C3C3C3C3C3C3C3C3C3C3C3C3C3C3C3C3C3C3C3C3C3C3C3C3C3C3C3E6
:20DAE000C3C3C3C3C3C3C3C3C3C3C3C3C3C3C3C3C3C3C3C3C3C3C3C3C3C3C3C3C3C3C3C3C6
:20DB0000C3C3C3C3C3C3C3C3C3C3C3C3C3C3C3C3C3C3C3C3C3C3C3C3C3C3C3C3C3C3C3C3A5
:20DB2000C3C3C3C3C3C3C3C3C3C3C3C3C3C3C3C3C3C3C3C3C3C3C3C3C3C3C3C3C3C3C3C385
:20DB4000C3C3C3C3C3C3C3C3C3C3C3C3C3C3C3C3C3C3C3C3C3C3C3C3C3C3C3C3C3C3C3C365
:20DB6000C3C3C3C3C3C3C3C3C3C3C3C3C3C3C3C3C3C3C3C3C3C3C3C3C3C3C3C3C3C3C3C345
:20DB8000C3C3C3C3C3C3C3C3C3C3C3C3C3C3C3C3C3C3C3C3C3C3C3C3C3C3C3C3C3C3C3C325
:20DBA000C3C3C3C3C3C3C3C3C3C3C3C3C3C3C3C3C3C3C3C3C3C3C3C3C3C3C3C3C3C3C3C305
:20DBC000C3C3C3C3C3C3C3C3C3C3C3C3C3C3C3C3C3C3C3C3C3C3C3C3C3C3C3C3C3C3C3C3E5
:20DBE000C3C3C3C3C3C3C3C3C3C3C3C3C3C3C3C3C3C3C3C3C3C3C3C3C3C3C3C3C3C3C3C3C5
:20DC0000C3C3C3C3C3C3C3C3C3C3C3C3C3C3C3C3C3C3C3C3C3C3C3C3C3C3C3C3C3C3C3C3A4
:20DC2000C3C3C3C3C3C3C3C3C3C3C3C3C3C3C3C3C3C3C3C3C3C3C3C3C3C3C3C3C3C3C3C384
:20DC4000C3C3C3C3C3C3C3C3C3C3C3C3C3C3C3C3C3C3C3C3C3C3C3C3C3C3C3C3C3C3C3C364
:20DC6000C3C3C3C3C3C3C3C3C3C3C3C3C3C3C3C3C3C3C3C3C3C3C3C3C3C3C3C3C3C3C3C344
:20DC8000C3C3C3C3C3C3C3C3C3C3C3C3C3C3C3C3C3C3C3C3C3C3C3C3C3C3C3C3C3C3C3C324
:20DCA000C3C3C3C3C3C3C3C3C3C3C3C3C3C3C3C3C3C3C3C3C3C3C3C3C3C3C3C3C3C3C3C304
:20DCC000C3C3C3C3C3C3C3C3C3C3C3C3C3C3C3C3C3C3C3C3C3C3C3C3C3C3C3C3C3C3C3C3E4
:20DCE000C3C3C3C3C3C3C3C3C3C3C3C3C3C3C3C3C3C3C3C3C3C3C3C3C3C3C3C3C3C3C3C3C4
:20DD0000C3C3C3C3C3C3C3C3C3C3C3C3C3C3C3C3C3C3C3C3C3C3C3C3C3C3C3C3C3C3C3C3A3
:20DD2000C3C3C3C3C3C3C3C3C3C3C3C3C3C3C3C3C3C3C3C3C3C3C3C3C3C3C3C3C3C3C3C383
:20DD4000C3C3C3C3C3C3C3C3C3C3C3C3C3C3C3C3C3C3C3C3C3C3C3C3C3C3C3C3C3C3C3C363
:20DD6000C3C3C3C3C3C3C3C3C3C3C3C3C3C3C3C3C3C3C3C3C3C3C3C3C3C3C3C3C3C3C3C343
:20DD8000C3C3C3C3C3C3C3C3C3C3C3C3C3C3C3C3C3C3C3C3C3C3C3C3C3C3C3C3C3C3C3C323
:20DDA000C3C3C3C3C3C3C3C3C3C3C3C3C3C3C3C3C3C3C3C3C3C3C3C3C3C3C3C3C3C3C3C303
:20DDC000C3C3C3C3C3C3C3C3C3C3C3C3C3C3C3C3C3C3C3C3C3C3C3C3C3C3C3C3C3C3C3C3E3
:20DDE000C3C3C3C3C3C3C3C3C3C3C3C3C3C3C3C3C3C3C3C3C3C3C3C3C3C3C3C3C3C3C3C3C3
:20DE0000C3C3C3C3C3C3C3C3C3C3C3C3C3C3C3C3C3C3C3C3C3C3C3C3C3C3C3C3C3C3C3C3A2
:20DE2000C3C3C3C3C3C3C3C3C3C3C3C3C3C3C3C3C3C3C3C3C3C3C3C3C3C3C3C3C3C3C3C382
:20DE4000C3C3C3C3C3C3C3C3C3C3C3C3C3C3C3C3C3C3C3C3C3C3C3C3C3C3C3C3C3C3C3C362
:20DE6000C3C3C3C3C3C3C3C3C3C3C3C3C3C3C3C3C3C3C3C3C3C3C3C3C3C3C3C3C3C3C3C342
:20DE8000C3C3C3C3C3C3C3C3C3C3C3C3C3C3C3C3C3C3C3C3C3C3C3C3C3C3C3C3C3C3C3C322
:20DEA000C3C3C3C3C3C3C3C3C3C3C3C3C3C3C3C3C3C3C3C3C3C3C3C3C3C3C3C3C3C3C3C302
:20DEC000C3C3C3C3C3C3C3C3C3C3C3C3C3C3C3C3C3C3C3C3C3C3C3C3C3C3C3C3C3C3C3C3E2
:20DEE000C3C3C3C3C3C3C3C3C3C3C3C3C3C3C3C3C3C3C3C3C3C3C3C3C3C3C3C3C3C3C3C3C2
:20DF0000C3C3C3C3C3C3C3C3C3C3C3C3C3C3C3C3C3C3C3C3C3C3C3C3C3C3C3C3C3C3C3C3A1
:20DF2000C3C3C3C3C3C3C3C3C3C3C3C3C3C3C3C3C3C3C3C3C3C3C3C3C3C3C3C3C3C3C3C381
:20DF4000C3C3C3C3C3C3C3C3C3C3C3C3C3C3C3C3C3C3C3C3C3C3C3C3C3C3C3C3C3C3C3C361
:20DF6000C3C3C3C3C3C3C3C3C3C3C3C3C3C3C3C3C3C3C3C3C3C3C3C3C3C3C3C3C3C3C3C341
:20DF8000C3C3C3C3C3C3C3C3C3C3C3C3C3C3C3C3C3C3C3C3C3C3C3C3C3C3C3C3C3C3C3C321
:20DFA000C3C3C3C3C3C3C3C3C3C3C3C3C3C3C3C3C3C3C3C3C3C3C3C3C3C3C3C3C3C3C3C301
:20DFC000C3C3C3C3C3C3C3C3C3C3C3C3C3C3C3C3C3C3C3C3C3C3C3C3C3C3C3C3C3C3C3C3E1
:20DFE000C3C3C3C3C3C3C3C3C3C3C3C3C3C3C3C3C3C3C3C3C3C3C3C3C3C3C3C3C3C3C3C3C1
:20E00000C3C3C3C3C3C3C3C3C3C3C3C3C3C3C3C3C3C3C3C3C3C3C3C3C3C3C3C3C3C3C3C3A0
:20E02000C3C3C3C3C3C3C3C3C3C3C3C3C3C3C3C3C3C3C3C3C3C3C3C3C3C3C3C3C3C3C3C380
:20E04000C3C3C3C3C3C3C3C3C3C3C3C3C3C3C3C3C3C3C3C3C3C3C3C3C3C3C3C3C3C3C3C360
:20E06000C3C3C3C3C3C3C3C3C3C3C3C3C3C3C3C3C3C3C3C3C3C3C3C3C3C3C3C3C3C3C3C340
:20E08000C3C3C3C3C3C3C3C3C3C3C3C3C3C3C3C3C3C3C3C3C3C3C3C3C3C3C3C3C3C3C3C320
:20E0A000C3C3C3C3C3C3C3C3C3C3C3C3C3C3C3C3C3C3C3C3C3C3C3C3C3C3C3C3C3C3C3C300
:20E0C000C3C3C3C3C3C3C3C3C3C3C3C3C3C3C3C3C3C3C3C3C3C3C3C3C3C3C3C3C3C3C3C3E0
:20E0E000C3C3C3C3C3C3C3C3C3C3C3C3C3C3C3C3C3C3C3C3C3C3C3C3C3C3C3C3C3C3C3C3C0
:20E10000C3C3C3C3C3C3C3C3C3C3C3C3C3C3C3C3C3C3C3C3C3C3C3C3C3C3C3C3C3C3C3C39F
:20E12000C3C3C3C3C3C3C3C3C3C3C3C3C3C3C3C3C3C3C3C3C3C3C3C3C3C3C3C3C3C3C3C37F
:20E14000C3C3C3C3C3C3C3C3C3C3C3C3C3C3C3C3C3C3C3C3C3C3C3C3C3C3C3C3C3C3C3C35F
:20E16000C3C3C3C3C3C3C3C3C3C3C3C3C3C3C3C3C3C3C3C3C3C3C3C3C3C3C3C3C3C3C3C33F
:20E18000C3C3C3C3C3C3C3C3C3C3C3C3C3C3C3C3C3C3C3C3C3C3C3C3C3C3C3C3C3C3C3C31F
:20E1A000C3C3C3C3C3C3C3C3C3C3C3C3C3C3C3C3C3C3C3C3C3C3C3C3C3C3C3C3C3C3C3C3FF
:20E1C000C3C3C3C3C3C3C3C3C3C3C3C3C3C3C3C3C3C3C3C3C3C3C3C3C3C3C3C3C3C3C3C3DF
:20E1E000C3C3C3C3C3C3C3C3C3C3C3C3C3C3C3C3C3C3C3C3C3C3C3C3C3C3C3C3C3C3C3C3BF
:20E20000C3C3C3C3C3C3C3C3C3C3C3C3C3C3C3C3C3C3C3C3C3C3C3C3C3C3C3C3C3C3C3C39E
:20E22000C3C3C3C3C3C3C3C3C3C3C3C3C3C3C3C3C3C3C3C3C3C3C3C3C3C3C3C3C3C3C3C37E
:20E24000C3C3C3C3C3C3C3C3C3C3C3C3C3C3C3C3C3C3C3C3C3C3C3C3C3C3C3C3C3C3C3C35E
:20E26000C3C3C3C3C3C3C3C3C3C3C3C3C3C3C3C3C3C3C3C3C3C3C3C3C3C3C3C3C3C3C3C33E
:20E28000C3C3C3C3C3C3C3C3C3C3C3C3C3C3C3C3C3C3C3C3C3C3C3C3C3C3C3C3C3C3C3C31E
:20E2A000C3C3C3C3C3C3C3C3C3C3C3C3C3C3C3C3C3C3C3C3C3C3C3C3C3C3C3C3C3C3C3C3FE
:20E2C000C3C3C3C3C3C3C3C3C3C3C3C3C3C3C3C3C3C3C3C3C3C3C3C3C3C3C3C3C3C3C3C3DE
:20E2E000C3C3C3C3C3C3C3C3C3C3C3C3C3C3C3C3C3C3C3C3C3C3C3C3C3C3C3C3C3C3C3C3BE
:20E30000C3C3C3C3C3C3C3C3C3C3C3C3C3C3C3C3C3C3C3C3C3C3C3C3C3C3C3C3C3C3C3C39D
:20E32000C3C3C3C3C3C3C3C3C3C3C3C3C3C3C3C3C3C3C3C3C3C3C3C3C3C3C3C3C3C3C3C37D
:20E34000C3C3C3C3C3C3C3C3C3C3C3C3C3C3C3C3C3C3C3C3C3C3C3C3C3C3C3C3C3C3C3C35D
:20E36000C3C3C3C3C3C3C3C3C3C3C3C3C3C3C3C3C3C3C3C3C3C3C3C3C3C3C3C3C3C3C3C33D
:20E38000C3C3C3C3C3C3C3C3C3C3C3C3C3C3C3C3C3C3C3C3C3C3C3C3C3C3C3C3C3C3C3C31D
:20E3A000C3C3C3C3C3C3C3C3C3C3C3C3C3C3C3C3C3C3C3C3C3C3C3C3C3C3C3C3C3C3C3C3FD
:20E3C000C3C3C3C3C3C3C3C3C3C3C3C3C3C3C3C3C3C3C3C3C3C3C3C3C3C3C3C3C3C3C3C3DD
:20E3E000C3C3C3C3C3C3C3C3C3C3C3C3C3C3C3C3C3C3C3C3C3C3C3C3C3C3C3C3C3C3C3C3BD
:20E40000C3C3C3C3C3C3C3C3C3C3C3C3C3C3C3C3C3C3C3C3C3C3C3C3C3C3C3C3C3C3C3C39C
:20E42000C3C3C3C3C3C3C3C3C3C3C3C3C3C3C3C3C3C3C3C3C3C3C3C3C3C3C3C3C3C3C3C37C
:20E44000C3C3C3C3C3C3C3C3C3C3C3C3C3C3C3C3C3C3C3C3C3C3C3C3C3C3C3C3C3C3C3C35C
:20E46000C3C3C3C3C3C3C3C3C3C3C3C3C3C3C3C3C3C3C3C3C3C3C3C3C3C3C3C3C3C3C3C33C
:20E48000C3C3C3C3C3C3C3C3C3C3C3C3C3C3C3C3C3C3C3C3C3C3C3C3C3C3C3C3C3C3C3C31C
:20E4A000C3C3C3C3C3C3C3C3C3C3C3C3C3C3C3C3C3C3C3C3C3C3C3C3C3C3C3C3C3C3C3C3FC
:20E4C000C3C3C3C3C3C3C3C3C3C3C3C3C3C3C3C3C3C3C3C3C3C3C3C3C3C3C3C3C3C3C3C3DC
:20E4E000C3C3C3C3C3C3C3C3C3C3C3C3C3C3C3C3C3C3C3C3C3C3C3C3C3C3C3C3C3C3C3C3BC
:20E50000C3C3C3C3C3C3C3C3C3C3C3C3C3C3C3C3C3C3C3C3C3C3C3C3C3C3C3C3C3C3C3C39B
:20E52000C3C3C3C3C3C3C3C3C3C3C3C3C3C3C3C3C3C3C3C3C3C3C3C3C3C3C3C3C3C3C3C37B
:20E54000C3C3C3C3C3C3C3C3C3C3C3C3C3C3C3C3C3C3C3C3C3C3C3C3C3C3C3C3C3C3C3C35B
:20E56000C3C3C3C3C3C3C3C3C3C3C3C3C3C3C3C3C3C3C3C3C3C3C3C3C3C3C3C3C3C3C3C33B
:20E58000C3C3C3C3C3C3C3C3C3C3C3C3C3C3C3C3C3C3C3C3C3C3C3C3C3C3C3C3C3C3C3C31B
:20E5A000C3C3C3C3C3C3C3C3C3C3C3C3C3C3C3C3C3C3C3C3C3C3C3C3C3C3C3C3C3C3C3C3FB
:20E5C000C3C3C3C3C3C3C3C3C3C3C3C3C3C3C3C3C3C3C3C3C3C3C3C3C3C3C3C3C3C3C3C3DB
:20E5E000C3C3C3C3C3C3C3C3C3C3C3C3C3C3C3C3C3C3C3C3C3C3C3C3C3C3C3C3C3C3C3C3BB
:20E60000C3C3C3C3C3C3C3C3C3C3C3C3C3C3C3C3C3C3C3C3C3C3C3C3C3C3C3C3C3C3C3C39A
:20E62000C3C3C3C3C3C3C3C3C3C3C3C3C3C3C3C3C3C3C3C3C3C3C3C3C3C3C3C3C3C3C3C37A
:20E64000C3C3C3C3C3C3C3C3C3C3C3C3C3C3C3C3C3C3C3C3C3C3C3C3C3C3C3C3C3C3C3C35A
:20E66000C3C3C3C3C3C3C3C3C3C3C3C3C3C3C3C3C3C3C3C3C3C3C3C3C3C3C3C3C3C3C3C33A
:20E68000C3C3C3C3C3C3C3C3C3C3C3C3C3C3C3C3C3C3C3C3C3C3C3C3C3C3C3C3C3C3C3C31A
:20E6A000C3C3C3C3C3C3C3C3C3C3C3C3C3C3C3C3C3C3C3C3C3C3C3C3C3C3C3C3C3C3C3C3FA
:20E6C000C3C3C3C3C3C3C3C3C3C3C3C3C3C3C3C3C3C3C3C3C3C3C3C3C3C3C3C3C3C3C3C3DA
:20E6E000C3C3C3C3C3C3C3C3C3C3C3C3C3C3C3C3C3C3C3C3C3C3C3C3C3C3C3C3C3C3C3C3BA
:20E70000C3C3C3C3C3C3C3C3C3C3C3C3C3C3C3C3C3C3C3C3C3C3C3C3C3C3C3C3C3C3C3C399
:20E72000C3C3C3C3C3C3C3C3C3C3C3C3C3C3C3C3C3C3C3C3C3C3C3C3C3C3C3C3C3C3C3C379
:20E74000C3C3C3C3C3C3C3C3C3C3C3C3C3C3C3C3C3C3C3C3C3C3C3C3C3C3C3C3C3C3C3C359
:20E76000C3C3C3C3C3C3C3C3C3C3C3C3C3C3C3C3C3C3C3C3C3C3C3C3C3C3C3C3C3C3C3C339
:20E78000C3C3C3C3C3C3C3C3C3C3C3C3C3C3C3C3C3C3C3C3C3C3C3C3C3C3C3C3C3C3C3C319
:20E7A000C3C3C3C3C3C3C3C3C3C3C3C3C3C3C3C3C3C3C3C3C3C3C3C3C3C3C3C3C3C3C3C3F9
:20E7C000C3C3C3C3C3C3C3C3C3C3C3C3C3C3C3C3C3C3C3C3C3C3C3C3C3C3C3C3C3C3C3C3D9
:20E7E000C3C3C3C3C3C3C3C3C3C3C3C3C3C3C3C3C3C3C3C3C3C3C3C3C3C3C3C3C3C3C3C3B9
:20E80000C3C3C3C3C3C3C3C3C3C3C3C3C3C3C3C3C3C3C3C3C3C3C3C3C3C3C3C3C3C3C3C398
:20E82000C3C3C3C3C3C3C3C3C3C3C3C3C3C3C3C3C3C3C3C3C3C3C3C3C3C3C3C3C3C3C3C378
:20E84000C3C3C3C3C3C3C3C3C3C3C3C3C3C3C3C3C3C3C3C3C3C3C3C3C3C3C3C3C3C3C3C358
:20E86000C3C3C3C3C3C3C3C3C3C3C3C3C3C3C3C3C3C3C3C3C3C3C3C3C3C3C3C3C3C3C3C338
:20E88000C3C3C3C3C3C3C3C3C3C3C3C3C3C3C3C3C3C3C3C3C3C3C3C3C3C3C3C3C3C3C3C318
:20E8A000C3C3C3C3C3C3C3C3C3C3C3C3C3C3C3C3C3C3C3C3C3C3C3C3C3C3C3C3C3C3C3C3F8
:20E8C000C3C3C3C3C3C3C3C3C3C3C3C3C3C3C3C3C3C3C3C3C3C3C3C3C3C3C3C3C3C3C3C3D8
:20E8E000C3C3C3C3C3C3C3C3C3C3C3C3C3C3C3C3C3C3C3C3C3C3C3C3C3C3C3C3C3C3C3C3B8
:20E90000C3C3C3C3C3C3C3C3C3C3C3C3C3C3C3C3C3C3C3C3C3C3C3C3C3C3C3C3C3C3C3C397
:20E92000C3C3C3C3C3C3C3C3C3C3C3C3C3C3C3C3C3C3C3C3C3C3C3C3C3C3C3C3C3C3C3C377
:20E94000C3C3C3C3C3C3C3C3C3C3C3C3C3C3C3C3C3C3C3C3C3C3C3C3C3C3C3C3C3C3C3C357
:20E96000C3C3C3C3C3C3C3C3C3C3C3C3C3C3C3C3C3C3C3C3C3C3C3C3C3C3C3C3C3C3C3C337
:20E98000C3C3C3C3C3C3C3C3C3C3C3C3C3C3C3C3C3C3C3C3C3C3C3C3C3C3C3C3C3C3C3C317
:20E9A000C3C3C3C3C3C3C3C3C3C3C3C3C3C3C3C3C3C3C3C3C3C3C3C3C3C3C3C3C3C3C3C3F7
:20E9C000C3C3C3C3C3C3C3C3C3C3C3C3C3C3C3C3C3C3C3C3C3C3C3C3C3C3C3C3C3C3C3C3D7
:20E9E000C3C3C3C3C3C3C3C3C3C3C3C3C3C3C3C3C3C3C3C3C3C3C3C3C3C3C3C3C3C3C3C3B7
:20EA0000C3C3C3C3C3C3C3C3C3C3C3C3C3C3C3C3C3C3C3C3C3C3C3C3C3C3C3C3C3C3C3C396
:20EA2000C3C3C3C3C3C3C3C3C3C3C3C3C3C3C3C3C3C3C3C3C3C3C3C3C3C3C3C3C3C3C3C376
:20EA4000C3C3C3C3C3C3C3C3C3C3C3C3C3C3C3C3C3C3C3C3C3C3C3C3C3C3C3C3C3C3C3C356
:20EA6000C3C3C3C3C3C3C3C3C3C3C3C3C3C3C3C3C3C3C3C3C3C3C3C3C3C3C3C3C3C3C3C336
:20EA8000C3C3C3C3C3C3C3C3C3C3C3C3C3C3C3C3C3C3C3C3C3C3C3C3C3C3C3C3C3C3C3C316
:20EAA000C3C3C3C3C3C3C3C3C3C3C3C3C3C3C3C3C3C3C3C3C3C3C3C3C3C3C3C3C3C3C3C3F6
:20EAC000C3C3C3C3C3C3C3C3C3C3C3C3C3C3C3C3C3C3C3C3C3C3C3C3C3C3C3C3C3C3C3C3D6
:20EAE000C3C3C3C3C3C3C3C3C3C3C3C3C3C3C3C3C3C3C3C3C3C3C3C3C3C3C3C3C3C3C3C3B6
:20EB0000C3C3C3C3C3C3C3C3C3C3C3C3C3C3C3C3C3C3C3C3C3C3C3C3C3C3C3C3C3C3C3C395
:20EB2000C3C3C3C3C3C3C3C3C3C3C3C3C3C3C3C3C3C3C3C3C3C3C3C3C3C3C3C3C3C3C3C375
:20EB4000C3C3C3C3C3C3C3C3C3C3C3C3C3C3C3C3C3C3C3C3C3C3C3C3C3C3C3C3C3C3C3C355
:20EB6000C3C3C3C3C3C3C3C3C3C3C3C3C3C3C3C3C3C3C3C3C3C3C3C3C3C3C3C3C3C3C3C335
:20EB8000C3C3C3C3C3C3C3C3C3C3C3C3C3C3C3C3C3C3C3C3C3C3C3C3C3C3C3C3C3C3C3C315
:20EBA000C3C3C3C3C3C3C3C3C3C3C3C3C3C3C3C3C3C3C3C3C3C3C3C3C3C3C3C3C3C3C3C3F5
:20EBC000C3C3C3C3C3C3C3C3C3C3C3C3C3C3C3C3C3C3C3C3C3C3C3C3C3C3C3C3C3C3C3C3D5
:20EBE000C3C3C3C3C3C3C3C3C3C3C3C3C3C3C3C3C3C3C3C3C3C3C3C3C3C3C3C3C3C3C3C3B5
:20EC0000C3C3C3C3C3C3C3C3C3C3C3C3C3C3C3C3C3C3C3C3C3C3C3C3C3C3C3C3C3C3C3C394
:20EC2000C3C3C3C3C3C3C3C3C3C3C3C3C3C3C3C3C3C3C3C3C3C3C3C3C3C3C3C3C3C3C3C374
:20EC4000C3C3C3C3C3C3C3C3C3C3C3C3C3C3C3C3C3C3C3C3C3C3C3C3C3C3C3C3C3C3C3C354
:20EC6000C3C3C3C3C3C3C3C3C3C3C3C3C3C3C3C3C3C3C3C3C3C3C3C3C3C3C3C3C3C3C3C334
:20EC8000C3C3C3C3C3C3C3C3C3C3C3C3C3C3C3C3C3C3C3C3C3C3C3C3C3C3C3C3C3C3C3C314
:20ECA000C3C3C3C3C3C3C3C3C3C3C3C3C3C3C3C3C3C3C3C3C3C3C3C3C3C3C3C3C3C3C3C3F4
:20ECC000C3C3C3C3C3C3C3C3C3C3C3C3C3C3C3C3C3C3C3C3C3C3C3C3C3C3C3C3C3C3C3C3D4
:20ECE000C3C3C3C3C3C3C3C3C3C3C3C3C3C3C3C3C3C3C3C3C3C3C3C3C3C3C3C3C3C3C3C3B4
:20ED0000C3C3C3C3C3C3C3C3C3C3C3C3C3C3C3C3C3C3C3C3C3C3C3C3C3C3C3C3C3C3C3C393
:20ED2000C3C3C3C3C3C3C3C3C3C3C3C3C3C3C3C3C3C3C3C3C3C3C3C3C3C3C3C3C3C3C3C373
:20ED4000C3C3C3C3C3C3C3C3C3C3C3C3C3C3C3C3C3C3C3C3C3C3C3C3C3C3C3C3C3C3C3C353
:20ED6000C3C3C3C3C3C3C3C3C3C3C3C3C3C3C3C3C3C3C3C3C3C3C3C3C3C3C3C3C3C3C3C333
:20ED8000C3C3C3C3C3C3C3C3C3C3C3C3C3C3C3C3C3C3C3C3C3C3C3C3C3C3C3C3C3C3C3C313
:20EDA000C3C3C3C3C3C3C3C3C3C3C3C3C3C3C3C3C3C3C3C3C3C3C3C3C3C3C3C3C3C3C3C3F3
:20EDC000C3C3C3C3C3C3C3C3C3C3C3C3C3C3C3C3C3C3C3C3C3C3C3C3C3C3C3C3C3C3C3C3D3
:20EDE000C3C3C3C3C3C3C3C3C3C3C3C3C3C3C3C3C3C3C3C3C3C3C3C3C3C3C3C3C3C3C3C3B3
:20EE0000C3C3C3C3C3C3C3C3C3C3C3C3C3C3C3C3C3C3C3C3C3C3C3C3C3C3C3C3C3C3C3C392
:20EE2000C3C3C3C3C3C3C3C3C3C3C3C3C3C3C3C3C3C3C3C3C3C3C3C3C3C3C3C3C3C3C3C372
:20EE4000C3C3C3C3C3C3C3C3C3C3C3C3C3C3C3C3C3C3C3C3C3C3C3C3C3C3C3C3C3C3C3C352
:20EE6000C3C3C3C3C3C3C3C3C3C3C3C3C3C3C3C3C3C3C3C3C3C3C3C3C3C3C3C3C3C3C3C332
:20EE8000C3C3C3C3C3C3C3C3C3C3C3C3C3C3C3C3C3C3C3C3C3C3C3C3C3C3C3C3C3C3C3C312
:20EEA000C3C3C3C3C3C3C3C3C3C3C3C3C3C3C3C3C3C3C3C3C3C3C3C3C3C3C3C3C3C3C3C3F2
:20EEC000C3C3C3C3C3C3C3C3C3C3C3C3C3C3C3C3C3C3C3C3C3C3C3C3C3C3C3C3C3C3C3C3D2
:20EEE000C3C3C3C3C3C3C3C3C3C3C3C3C3C3C3C3C3C3C3C3C3C3C3C3C3C3C3C3C3C3C3C3B2
:20EF0000C3C3C3C3C3C3C3C3C3C3C3C3C3C3C3C3C3C3C3C3C3C3C3C3C3C3C3C3C3C3C3C391
:20EF2000C3C3C3C3C3C3C3C3C3C3C3C3C3C3C3C3C3C3C3C3C3C3C3C3C3C3C3C3C3C3C3C371
:20EF4000C3C3C3C3C3C3C3C3C3C3C3C3C3C3C3C3C3C3C3C3C3C3C3C3C3C3C3C3C3C3C3C351
:20EF6000C3C3C3C3C3C3C3C3C3C3C3C3C3C3C3C3C3C3C3C3C3C3C3C3C3C3C3C3C3C3C3C331
:20EF8000C3C3C3C3C3C3C3C3C3C3C3C3C3C3C3C3C3C3C3C3C3C3C3C3C3C3C3C3C3C3C3C311
:20EFA000C3C3C3C3C3C3C3C3C3C3C3C3C3C3C3C3C3C3C3C3C3C3C3C3C3C3C3C3C3C3C3C3F1
:20EFC000C3C3C3C3C3C3C3C3C3C3C3C3C3C3C3C3C3C3C3C3C3C3C3C3C3C3C3C3C3C3C3C3D1
:20EFE000C3C3C3C3C3C3C3C3C3C3C3C3C3C3C3C3C3C3C3C3C3C3C3C3C3C3C3C3C3C3C3C3B1
:20F00000C3C3C3C3C3C3C3C3C3C3C3C3C3C3C3C3C3C3C3C3C3C3C3C3C3C3C3C3C3C3C3C390
:20F02000C3C3C3C3C3C3C3C3C3C3C3C3C3C3C3C3C3C3C3C3C3C3C3C3C3C3C3C3C3C3C3C370
:20F04000C3C3C3C3C3C3C3C3C3C3C3C3C3C3C3C3C3C3C3C3C3C3C3C3C3C3C3C3C3C3C3C350
:20F06000C3C3C3C3C3C3C3C3C3C3C3C3C3C3C3C3C3C3C3C3C3C3C3C3C3C3C3C3C3C3C3C330
:20F08000C3C3C3C3C3C3C3C3C3C3C3C3C3C3C3C3C3C3C3C3C3C3C3C3C3C3C3C3C3C3C3C310
:20F0A000C3C3C3C3C3C3C3C3C3C3C3C3C3C3C3C3C3C3C3C3C3C3C3C3C3C3C3C3C3C3C3C3F0
:20F0C000C3C3C3C3C3C3C3C3C3C3C3C3C3C3C3C3C3C3C3C3C3C3C3C3C3C3C3C3C3C3C3C3D0
:20F0E000C3C3C3C3C3C3C3C3C3C3C3C3C3C3C3C3C3C3C3C3C3C3C3C3C3C3C3C3C3C3C3C3B0
:20F10000C3C3C3C3C3C3C3C3C3C3C3C3C3C3C3C3C3C3C3C3C3C3C3C3C3C3C3C3C3C3C3C38F
:20F12000C3C3C3C3C3C3C3C3C3C3C3C3C3C3C3C3C3C3C3C3C3C3C3C3C3C3C3C3C3C3C3C36F
:20F14000C3C3C3C3C3C3C3C3C3C3C3C3C3C3C3C3C3C3C3C3C3C3C3C3C3C3C3C3C3C3C3C34F
:20F16000C3C3C3C3C3C3C3C3C3C3C3C3C3C3C3C3C3C3C3C3C3C3C3C3C3C3C3C3C3C3C3C32F
:20F18000C3C3C3C3C3C3C3C3C3C3C3C3C3C3C3C3C3C3C3C3C3C3C3C3C3C3C3C3C3C3C3C30F
:20F1A000C3C3C3C3C3C3C3C3C3C3C3C3C3C3C3C3C3C3C3C3C3C3C3C3C3C3C3C3C3C3C3C3EF
:20F1C000C3C3C3C3C3C3C3C3C3C3C3C3C3C3C3C3C3C3C3C3C3C3C3C3C3C3C3C3C3C3C3C3CF
:20F1E000C3C3C3C3C3C3C3C3C3C3C3C3C3C3C3C3C3C3C3C3C3C3C3C3C3C3C3C3C3C3C3C3AF
:20F20000C3C3C3C3C3C3C3C3C3C3C3C3C3C3C3C3C3C3C3C3C3C3C3C3C3C3C3C3C3C3C3C38E
:20F22000C3C3C3C3C3C3C3C3C3C3C3C3C3C3C3C3C3C3C3C3C3C3C3C3C3C3C3C3C3C3C3C36E
:20F24000C3C3C3C3C3C3C3C3C3C3C3C3C3C3C3C3C3C3C3C3C3C3C3C3C3C3C3C3C3C3C3C34E
:20F26000C3C3C3C3C3C3C3C3C3C3C3C3C3C3C3C3C3C3C3C3C3C3C3C3C3C3C3C3C3C3C3C32E
:20F28000C3C3C3C3C3C3C3C3C3C3C3C3C3C3C3C3C3C3C3C3C3C3C3C3C3C3C3C3C3C3C3C30E
:20F2A000C3C3C3C3C3C3C3C3C3C3C3C3C3C3C3C3C3C3C3C3C3C3C3C3C3C3C3C3C3C3C3C3EE
:20F2C000C3C3C3C3C3C3C3C3C3C3C3C3C3C3C3C3C3C3C3C3C3C3C3C3C3C3C3C3C3C3C3C3CE
:20F2E000C3C3C3C3C3C3C3C3C3C3C3C3C3C3C3C3C3C3C3C3C3C3C3C3C3C3C3C3C3C3C3C3AE
:20F30000C3C3C3C3C3C3C3C3C3C3C3C3C3C3C3C3C3C3C3C3C3C3C3C3C3C3C3C3C3C3C3C38D
:20F32000C3C3C3C3C3C3C3C3C3C3C3C3C3C3C3C3C3C3C3C3C3C3C3C3C3C3C3C3C3C3C3C36D
:20F34000C3C3C3C3C3C3C3C3C3C3C3C3C3C3C3C3C3C3C3C3C3C3C3C3C3C3C3C3C3C3C3C34D
:20F36000C3C3C3C3C3C3C3C3C3C3C3C3C3C3C3C3C3C3C3C3C3C3C3C3C3C3C3C3C3C3C3C32D
:20F38000C3C3C3C3C3C3C3C3C3C3C3C3C3C3C3C3C3C3C3C3C3C3C3C3C3C3C3C3C3C3C3C30D
:20F3A000C3C3C3C3C3C3C3C3C3C3C3C3C3C3C3C3C3C3C3C3C3C3C3C3C3C3C3C3C3C3C3C3ED
:20F3C000C3C3C3C3C3C3C3C3C3C3C3C3C3C3C3C3C3C3C3C3C3C3C3C3C3C3C3C3C3C3C3C3CD
:20F3E000C3C3C3C3C3C3C3C3C3C3C3C3C3C3C3C3C3C3C3C3C3C3C3C3C3C3C3C3C3C3C3C3AD
:20F40000C3C3C3C3C3C3C3C3C3C3C3C3C3C3C3C3C3C3C3C3C3C3C3C3C3C3C3C3C3C3C3C38C
:20F42000C3C3C3C3C3C3C3C3C3C3C3C3C3C3C3C3C3C3C3C3C3C3C3C3C3C3C3C3C3C3C3C36C
:20F44000C3C3C3C3C3C3C3C3C3C3C3C3C3C3C3C3C3C3C3C3C3C3C3C3C3C3C3C3C3C3C3C34C
:20F46000C3C3C3C3C3C3C3C3C3C3C3C3C3C3C3C3C3C3C3C3C3C3C3C3C3C3C3C3C3C3C3C32C
:20F48000C3C3C3C3C3C3C3C3C3C3C3C3C3C3C3C3C3C3C3C3C3C3C3C3C3C3C3C3C3C3C3C30C
:20F4A000C3C3C3C3C3C3C3C3C3C3C3C3C3C3C3C3C3C3C3C3C3C3C3C3C3C3C3C3C3C3C3C3EC
:20F4C000C3C3C3C3C3C3C3C3C3C3C3C3C3C3C3C3C3C3C3C3C3C3C3C3C3C3C3C3C3C3C3C3CC
:20F4E000C3C3C3C3C3C3C3C3C3C3C3C3C3C3C3C3C3C3C3C3C3C3C3C3C3C3C3C3C3C3C3C3AC
:20F50000C3C3C3C3C3C3C3C3C3C3C3C3C3C3C3C3C3C3C3C3C3C3C3C3C3C3C3C3C3C3C3C38B
:20F52000C3C3C3C3C3C3C3C3C3C3C3C3C3C3C3C3C3C3C3C3C3C3C3C3C3C3C3C3C3C3C3C36B
:20F54000C3C3C3C3C3C3C3C3C3C3C3C3C3C3C3C3C3C3C3C3C3C3C3C3C3C3C3C3C3C3C3C34B
:20F56000C3C3C3C3C3C3C3C3C3C3C3C3C3C3C3C3C3C3C3C3C3C3C3C3C3C3C3C3C3C3C3C32B
:20F58000C3C3C3C3C3C3C3C3C3C3C3C3C3C3C3C3C3C3C3C3C3C3C3C3C3C3C3C3C3C3C3C30B
:20F5A000C3C3C3C3C3C3C3C3C3C3C3C3C3C3C3C3C3C3C3C3C3C3C3C3C3C3C3C3C3C3C3C3EB
:20F5C000C3C3C3C3C3C3C3C3C3C3C3C3C3C3C3C3C3C3C3C3C3C3C3C3C3C3C3C3C3C3C3C3CB
:20F5E000C3C3C3C3C3C3C3C3C3C3C3C3C3C3C3C3C3C3C3C3C3C3C3C3C3C3C3C3C3C3C3C3AB
:20F60000C3C3C3C3C3C3C3C3C3C3C3C3C3C3C3C3C3C3C3C3C3C3C3C3C3C3C3C3C3C3C3C38A
:20F62000C3C3C3C3C3C3C3C3C3C3C3C3C3C3C3C3C3C3C3C3C3C3C3C3C3C3C3C3C3C3C3C36A
:20F64000C3C3C3C3C3C3C3C3C3C3C3C3C3C3C3C3C3C3C3C3C3C3C3C3C3C3C3C3C3C3C3C34A
:20F66000C3C3C3C3C3C3C3C3C3C3C3C3C3C3C3C3C3C3C3C3C3C3C3C3C3C3C3C3C3C3C3C32A
:20F68000C3C3C3C3C3C3C3C3C3C3C3C3C3C3C3C3C3C3C3C3C3C3C3C3C3C3C3C3C3C3C3C30A
:20F6A000C3C3C3C3C3C3C3C3C3C3C3C3C3C3C3C3C3C3C3C3C3C3C3C3C3C3C3C3C3C3C3C3EA
:20F6C000C3C3C3C3C3C3C3C3C3C3C3C3C3C3C3C3C3C3C3C3C3C3C3C3C3C3C3C3C3C3C3C3CA
:20F6E000C3C3C3C3C3C3C3C3C3C3C3C3C3C3C3C3C3C3C3C3C3C3C3C3C3C3C3C3C3C3C3C3AA
:20F70000C3C3C3C3C3C3C3C3C3C3C3C3C3C3C3C3C3C3C3C3C3C3C3C3C3C3C3C3C3C3C3C389
:20F72000C3C3C3C3C3C3C3C3C3C3C3C3C3C3C3C3C3C3C3C3C3C3C3C3C3C3C3C3C3C3C3C369
:20F74000C3C3C3C3C3C3C3C3C3C3C3C3C3C3C3C3C3C3C3C3C3C3C3C3C3C3C3C3C3C3C3C349
:20F76000C3C3C3C3C3C3C3C3C3C3C3C3C3C3C3C3C3C3C3C3C3C3C3C3C3C3C3C3C3C3C3C329
:20F78000C3C3C3C3C3C3C3C3C3C3C3C3C3C3C3C3C3C3C3C3C3C3C3C3C3C3C3C3C3C3C3C309
:20F7A000C3C3C3C3C3C3C3C3C3C3C3C3C3C3C3C3C3C3C3C3C3C3C3C3C3C3C3C3C3C3C3C3E9
:20F7C000C3C3C3C3C3C3C3C3C3C3C3C3C3C3C3C3C3C3C3C3C3C3C3C3C3C3C3C3C3C3C3C3C9
:20F7E000C3C3C3C3C3C3C3C3C3C3C3C3C3C3C3C3C3C3C3C3C3C3C3C3C3C3C3C3C3C3C3C3A9
:20F80000C3C3C3C3C3C3C3C3C3C3C3C3C3C3C3C3C3C3C3C3C3C3C3C3C3C3C3C3C3C3C3C388
:20F82000C3C3C3C3C3C3C3C3C3C3C3C3C3C3C3C3C3C3C3C3C3C3C3C3C3C3C3C3C3C3C3C368
:20F84000C3C3C3C3C3C3C3C3C3C3C3C3C3C3C3C3C3C3C3C3C3C3C3C3C3C3C3C3C3C3C3C348
:20F86000C3C3C3C3C3C3C3C3C3C3C3C3C3C3C3C3C3C3C3C3C3C3C3C3C3C3C3C3C3C3C3C328
:20F88000C3C3C3C3C3C3C3C3C3C3C3C3C3C3C3C3C3C3C3C3C3C3C3C3C3C3C3C3C3C3C3C308
:20F8A000C3C3C3C3C3C3C3C3C3C3C3C3C3C3C3C3C3C3C3C3C3C3C3C3C3C3C3C3C3C3C3C3E8
:20F8C000C3C3C3C3C3C3C3C3C3C3C3C3C3C3C3C3C3C3C3C3C3C3C3C3C3C3C3C3C3C3C3C3C8
:20F8E000C3C3C3C3C3C3C3C3C3C3C3C3C3C3C3C3C3C3C3C3C3C3C3C3C3C3C3C3C3C3C3C3A8
:20F90000C3C3C3C3C3C3C3C3C3C3C3C3C3C3C3C3C3C3C3C3C3C3C3C3C3C3C3C3C3C3C3C387
:20F92000C3C3C3C3C3C3C3C3C3C3C3C3C3C3C3C3C3C3C3C3C3C3C3C3C3C3C3C3C3C3C3C367
:20F94000C3C3C3C3C3C3C3C3C3C3C3C3C3C3C3C3C3C3C3C3C3C3C3C3C3C3C3C3C3C3C3C347
:20F96000C3C3C3C3C3C3C3C3C3C3C3C3C3C3C3C3C3C3C3C3C3C3C3C3C3C3C3C3C3C3C3C327
:20F98000C3C3C3C3C3C3C3C3C3C3C3C3C3C3C3C3C3C3C3C3C3C3C3C3C3C3C3C3C3C3C3C307
:20F9A000C3C3C3C3C3C3C3C3C3C3C3C3C3C3C3C3C3C3C3C3C3C3C3C3C3C3C3C3C3C3C3C3E7
:20F9C000C3C3C3C3C3C3C3C3C3C3C3C3C3C3C3C3C3C3C3C3C3C3C3C3C3C3C3C3C3C3C3C3C7
:20F9E000C3C3C3C3C3C3C3C3C3C3C3C3C3C3C3C3C3C3C3C3C3C3C3C3C3C3C3C3C3C3C3C3A7
:20FA0000C3C3C3C3C3C3C3C3C3C3C3C3C3C3C3C3C3C3C3C3C3C3C3C3C3C3C3C3C3C3C3C386
:20FA2000C3C3C3C3C3C3C3C3C3C3C3C3C3C3C3C3C3C3C3C3C3C3C3C3C3C3C3C3C3C3C3C366
:20FA4000C3C3C3C3C3C3C3C3C3C3C3C3C3C3C3C3C3C3C3C3C3C3C3C3C3C3C3C3C3C3C3C346
:20FA6000C3C3C3C3C3C3C3C3C3C3C3C3C3C3C3C3C3C3C3C3C3C3C3C3C3C3C3C3C3C3C3C326
:20FA8000C3C3C3C3C3C3C3C3C3C3C3C3C3C3C3C3C3C3C3C3C3C3C3C3C3C3C3C3C3C3C3C306
:20FAA000C3C3C3C3C3C3C3C3C3C3C3C3C3C3C3C3C3C3C3C3C3C3C3C3C3C3C3C3C3C3C3C3E6
:20FAC000C3C3C3C3C3C3C3C3C3C3C3C3C3C3C3C3C3C3C3C3C3C3C3C3C3C3C3C3C3C3C3C3C6
:20FAE000C3C3C3C3C3C3C3C3C3C3C3C3C3C3C3C3C3C3C3C3C3C3C3C3C3C3C3C3C3C3C3C3A6
:20FB0000C3C3C3C3C3C3C3C3C3C3C3C3C3C3C3C3C3C3C3C3C3C3C3C3C3C3C3C3C3C3C3C385
:20FB2000C3C3C3C3C3C3C3C3C3C3C3C3C3C3C3C3C3C3C3C3C3C3C3C3C3C3C3C3C3C3C3C365
:20FB4000C3C3C3C3C3C3C3C3C3C3C3C3C3C3C3C3C3C3C3C3C3C3C3C3C3C3C3C3C3C3C3C345
:20FB6000C3C3C3C3C3C3C3C3C3C3C3C3C3C3C3C3C3C3C3C3C3C3C3C3C3C3C3C3C3C3C3C325
:20FB8000C3C3C3C3C3C3C3C3C3C3C3C3C3C3C3C3C3C3C3C3C3C3C3C3C3C3C3C3C3C3C3C305
:20FBA000C3C3C3C3C3C3C3C3C3C3C3C3C3C3C3C3C3C3C3C3C3C3C3C3C3C3C3C3C3C3C3C3E5
:20FBC000C3C3C3C3C3C3C3C3C3C3C3C3C3C3C3C3C3C3C3C3C3C3C3C3C3C3C3C3C3C3C3C3C5
:20FBE000C3C3C3C3C3C3C3C3C3C3C3C3C3C3C3C3C3C3C3C3C3C3C3C3C3C3C3C3C3C3C3C3A5
:20FC0000C3C3C3C3C3C3C3C3C3C3C3C3C3C3C3C3C3C3C3C3C3C3C3C3C3C3C3C3C3C3C3C384
:20FC2000C3C3C3C3C3C3C3C3C3C3C3C3C3C3C3C3C3C3C3C3C3C3C3C3C3C3C3C3C3C3C3C364
:20FC4000C3C3C3C3C3C3C3C3C3C3C3C3C3C3C3C3C3C3C3C3C3C3C3C3C3C3C3C3C3C3C3C344
:20FC6000C3C3C3C3C3C3C3C3C3C3C3C3C3C3C3C3C3C3C3C3C3C3C3C3C3C3C3C3C3C3C3C324
:20FC8000C3C3C3C3C3C3C3C3C3C3C3C3C3C3C3C3C3C3C3C3C3C3C3C3C3C3C3C3C3C3C3C304
:20FCA000C3C3C3C3C3C3C3C3C3C3C3C3C3C3C3C3C3C3C3C3C3C3C3C3C3C3C3C3C3C3C3C3E4
:20FCC000C3C3C3C3C3C3C3C3C3C3C3C3C3C3C3C3C3C3C3C3C3C3C3C3C3C3C3C3C3C3C3C3C4
:20FCE000C3C3C3C3C3C3C3C3C3C3C3C3C3C3C3C3C3C3C3C3C3C3C3C3C3C3C3C3C3C3C3C3A4
:20FD0000C3C3C3C3C3C3C3C3C3C3C3C3C3C3C3C3C3C3C3C3C3C3C3C3C3C3C3C3C3C3C3C383
:20FD2000C3C3C3C3C3C3C3C3C3C3C3C3C3C3C3C3C3C3C3C3C3C3C3C3C3C3C3C3C3C3C3C363
:20FD4000C3C3C3C3C3C3C3C3C3C3C3C3C3C3C3C3C3C3C3C3C3C3C3C3C3C3C3C3C3C3C3C343
:20FD6000C3C3C3C3C3C3C3C3C3C3C3C3C3C3C3C3C3C3C3C3C3C3C3C33D6876A0146DE857C0
:20FD80006EB2395A858DE1213D1B92C65B779DF3A331CFD5A4584546555C0C96A76C502DA8
:20FDA0003ADC6EDF65303D5D502158A9BBA2F4BF555502A4E31AEBE8070A143200000000B8
:20FDC000E6C554D6E2C7295363CA92501435888A9D38127EEEAB0939A4834273E1A5934347
:20FDE000D60EB47EA2DEB43E710847C14E0A6B8B725391FCCC4BC4A326BBA614C66AA85019
:20FE0000F142D98FEECED36C6B7C4B61AECD6942518280C8166D3DBF0BACC16D8A4CA4DCBE
:20FE20005B645414B2885FD83490125108CFF226A8B1D3AE9AB9CB6F05C65B91D06C287121
:20FE4000C013BC25774D1BDCAC17E9B81EAB11E1AE11BDD5D11248959B2F3C21CC4FC58973
:20FE6000FF0A42FE4B0946DF620C9898E675AEFD60BDF5A8154325F0E520971078BEA58BE3
:20FE80004A30CEC086191EA236E6F56F3BB765614D4473D8917DFBC0EF193D23AF6BEE248A
:20FEA000D7F915C0EA0F25116B23E5EC74615DF4F9B83031DF13BF7C02ABB87DCFBC7F6559
:20FEC000EBF0ACE595D141226193E6B4484AB246DB7593A8B7649C35E5434ECB16D3C05420
:20FEE000641F4D4C3DE31480B12EF23B0192C321AA5555AA3C3C3C3C3C3C3C3CAA5555AAD3
:20FF0000FFFFFFFFFFFFFFFFFFFFFFFFFFFFFFFFFFFFFFFFFFFFFFFFFFFFFFFFFFFFFFFF01
:20FF2000FFFFFFFFFFFFFFFFFFFFFFFFFFFFFFFFFFFFFFFFFFFFFFFFFFFFFFFFFFFFFFFFE1
:20FF4000FFFFFFFFFFFFFFFFFFFFFFFFFFFFFFFFFFFFFFFFFFFFFFFFFFFFFFFFFFFFFFFFC1
:20FF6000FFFFFFFFFFFFFFFFFFFFFFFFFFFFFFFFFFFFFFFFFFFFFFFFFFFFFFFFFFFFFFFFA1
:20FF8000FFFFFFFFFFFFFFFFFFFFFFFFFFFFFFFFFFFFFFFFFFFFFFFFFFFFFFFFFFFFFFFF81
:20FFA000FFFFFFFFFFFFFFFFFFFFFFFFFFFFFFFFFFFFFFFFFFFFFFFFFFFFFFFFFFFFFFFF61
:20FFC000FFFFFFFFFFFFFFFFFFFFFFFFFFFFFFFFFFFFFFFFFFFFFFFFFFFFFFFFFFFFFFFF41
:20FFE000FFFFFFFFFFFFFFFFFFFFFFFFFFFFFFFFFFFFFFFFFFFFFFFFFFFFFFFFFFFFFFFF21
:00000001FF
